movieId,title,genres_clean,overview_clean
949,Heat,Action Crime Drama Thriller,obsessive master thief neil mccauley leads topnotch crew various insane heists throughout los angeles while mentally unstable detective vincent hanna pursues without rest man recognizes respects ability dedication even though aware catandmouse game end violence
710,GoldenEye,Adventure Action Thriller,james bond unmask mysterious head janus syndicate prevent leader utilizing goldeneye weapons system inflict devastating revenge britain
1408,Cutthroat Island,Action Adventure,morgan adams slave william shaw quest recover three portions treasure map unfortunately final portion held murderous uncle dawg crew skeptical leadership abilities complete quest mutiny against made yet difficult efforts british crown end pirate raids
524,Casino,Drama Crime,life gambling paradise las vegas dark mafia underbelly
5,Four Rooms,Crime Comedy,ted bellhops first night joband hotels unusual guests place outrageous predicaments seems evenings room service serving one unbelievable happening another
8012,Get Shorty,Comedy Thriller Crime,chili palmer miami mobster gets sent boss psychopathic bones barboni collect bad debt harry zimm hollywood producer specializes cheesy horror films chili meets harrys leading lady romantic sparks fly pitching own life story movie idea chili learns mobster hollywood producer really arent different
451,Leaving Las Vegas,Drama Romance,ben sanderson alcoholic hollywood screenwriter lost everything because drinking arrives las vegas drink himself death meets forms uneasy friendship noninterference pact prostitute sera
902,The City of Lost Children,Fantasy Science Fiction Adventure,scientist surrealist society kidnaps children steal dreams hoping slow aging process
63,Twelve Monkeys,Science Fiction Thriller Mystery,year convict james cole reluctantly volunteers sent back time discover origin deadly virus wiped out nearly earths population forced survivors underground communities cole mistakenly sent instead hes arrested locked mental hospital meets psychiatrist kathryn railly patient jeffrey goines son famous virus expert hold key mysterious rogue group army monkeys thought responsible unleashing killer disease
687,Dead Man Walking,Drama,justice drama based true story man death row last days forms strong relationship nun teaches forgiveness gives spirituality accompanies execution susan sarandon won oscar best female actress convincing portrayal sister helen prejean
577,To Die For,Fantasy Drama Comedy Thriller,susan wants work television therefore anything takes even means killing husband dark comedy independent director gus van sant brilliant nicole kidman leading role
2054,Mr. Holland's Opus,Music Drama Family,passionate musician glenn holland takes day job high school music teacher convinced small obstacle road true calling writing historic opus decades roll composition unwritten generations students inspired through teaching holland redefine lifes purpose
4482,French Twist,Comedy Romance,learning husbands infidelities housewife invites itinerant lesbian move none lives ever same
880,Antonia's Line,Drama Comedy,world war antonia daughter danielle back dutch hometown antonias late mother bestowed small farm upon antonia settles down joins tightlyknit unusual community around include quirky friend crooked finger wouldbe suitor bas eventually antonia granddaughter greatgranddaughter help create strong family empowered women
2045,Unforgettable,Drama Mystery Science Fiction Thriller,ray liotta stars medical examiner acquitted wifes murder many still question innocence obsessed finding wifes killer possible solution presents itself experimental serum designed neurobiology linda fiorentino ability transfer memories one person another without consequences liotta driven solve case injects himself serum bringing closer closer finding killer bringing closer death
688,The Bridges of Madison County,Drama Romance,photographer robert kincaid wanders life housewife francesca johnson four days
103,Taxi Driver,Crime Drama,mentally unstable vietnam war veteran works nighttime taxi driver new york city perceived decadence sleaze feeds urge violent action attempting save preadolescent prostitute process
27793,The Neverending Story III: Escape from Fantasia,Fantasy,young boy restore order group bullies steal magical book acts portal earth imaginary world fantasia
568,Apollo 13,Drama,true story technical troubles scuttle apollo lunar mission risking lives astronaut jim lovell crew failed journey turning thrilling saga heroism drifting miles earth astronauts work furiously ground crew avert tragedy
414,Batman Forever,Action Crime Fantasy,dark knight gotham city confronts dastardly duo twoface riddler formerly district attorney harvey dent twoface believes batman caused courtroom accident left disfigured one side edward nygma computergenius former employee millionaire bruce wayne out get philanthropist riddler former circus acrobat dick grayson family killed twoface becomes waynes ward batmans new partner robin
1873,Beyond Rangoon,Drama Thriller,patricia arquette stars american widow laura bowman young doctor whos unwittingly drawn political turmoil while vacationing burma late fictionalized drama based actual events bowman initially left san francisco sister frances mcdormand attempt escape painful memories husband sons violent deaths fight escape thailand prove harrowing
26564,Crumb,Documentary,movie chronicles life times crumb robert crumb cartoonistartist drew keep truckin fritz cat played major pioneering role genesis underground comix through interviews mother two brothers wife exgirlfriends well selections vast quantity graphic art treated darkly comic ride through one mans subconscious mind
1572,Die Hard: With a Vengeance,Action Thriller,new york detective john mcclane back kicking badguy butt third installment actionpacked series finds teaming civilian zeus carver prevent loss innocent lives mcclane thought hed seen until genius named simon engages mcclane new partner beloved city deadly game demands concentration
8973,Lord of Illusions,Mystery Horror Thriller,during routine case private investigator harry damour stumbles members fanatic cult preparing resurrection leader nix powerful magician killed years earlier
1642,The Net,Crime Drama Mystery Thriller Action,angela bennett freelance software engineer lives world computer technology cyber friend asks bennett debug new game inadvertently becomes involved conspiracy soon turn life upside down while vacation mexico purse stolen soon finds people events seem becomes target assassination vacation ruined gets new passport embassy mexico wrong name ruth marx returns sort things out discovers ruth marx unsavory past lengthy police record make matters worse another person assumed real identity
281,Strange Days,Crime Drama Science Fiction Thriller,set year during last days old millennium movie tells story lenny nero excop now deals datadiscs containing recorded memories emotions one day receives disc contains memories murderer killing prostitute lenny investigates pulled deeper deeper whirl blackmail murder rape survive solve case
3512,Under Siege 2: Dark Territory,Action Thriller,passenger train hijacked electronics expert turned untraceable command center weapons satellite planned blow washington only one man stop former navy seal casey ryback
26258,Bushwhacked,Adventure Action Comedy Crime Family,inept courier realises used criminals deliver money run criminals police poses scout leader leads scout group hike through mountains
76,Before Sunrise,Drama Romance,dialogue marathon film fairytale love story american boy french girl during day night together vienna two hearts collide
1909,Don Juan DeMarco,Romance Drama Comedy,john arnold demarco man believes don juan greatest lover world clad cape mask demarco undergoes psychiatric treatment jack mickler cure apparent delusion psychiatric sessions unexpected effect psychiatric staff profoundly mickler rekindles romance complacent marriage
8984,Disclosure,Drama Thriller Crime Mystery Romance,computer specialist sued sexual harassment former lover turned boss initiated act forcefully threatens career personal life
4954,Drop Zone,Action Adventure Thriller,team skydiving crooks led deaagentturnedbad moncrief busey specialize landing police roofs breaking evil computer nerd steal undercover agents files sell drug lords federal marshal pete nessip snipes lost brother crew learns skydiving help toughbutlovable instructor jessie crossmann butler track down
522,Ed Wood,Comedy Drama History,mostly true story legendary worst director time help strange friends filmed countless bmovies without ever becoming famous successful
1024,Heavenly Creatures,Drama Fantasy,based true story juliet hulme pauline parker two close friends share love fantasy literature conspire kill paulines mother tries end girls intense obsessive relationship
628,Interview with the Vampire,Horror Romance,vampire relates epic life story love betrayal loneliness dark hunger overcurious reporter
11,Star Wars,Adventure Action Science Fiction,princess leia captured held hostage evil imperial forces effort take galactic empire venturesome luke skywalker dashing captain han solo team together loveable robot duo cpo rescue beautiful princess restore peace justice empire
3036,Mary Shelley's Frankenstein,Drama Horror Science Fiction Romance,based mary shelleys novel frankenstein tells story victor frankenstein promising young doctor devastated death mother during childbirth becomes obsessed bringing dead back life experiments lead creation monster frankenstein put together remains corpses long frankenstein regrets actions
1945,Nell,Drama Thriller,remote woodland cabin small town doctor discovers nell beautiful young hermit woman many secrets
241,Natural Born Killers,Crime Thriller Drama,two victims traumatized childhoods become lovers psychopathic serial murderers irresponsibly glorified mass media
527,Once Were Warriors,Drama,drama maori family lving auckland new zealand lee tamahori tells story beth hekes strong keep family together during times unemployment abuse violent alcoholic husband
101,Leon: The Professional,Thriller Crime Drama,leon top hit man new york earned rep effective cleaner nextdoor neighbors wiped out loosecannon dea agent becomes unwilling custodian yearold mathilda long mathildas thoughts turn revenge considers following leons footsteps
680,Pulp Fiction,Thriller Crime,burgerloving hit man philosophical partner drugaddled gangsters moll washedup boxer converge sprawling comedic crime caper adventures unfurl three stories ingeniously trip back forth time
110,Three Colors: Red,Drama Mystery Romance,red third film trilogy kieślowski red meaning brotherliness kieślowski masterly tells strange coincidentally linked stories packed work
2164,Stargate,Action Adventure Science Fiction,interstellar teleportation device found egypt leads planet humans resembling ancient egyptians worship god
278,The Shawshank Redemption,Drama Crime,framed double murder wife lover upstanding banker andy dufresne begins new life shawshank prison puts accounting skills work amoral warden during long stretch prison dufresne comes admired inmates including older prisoner named red integrity unquenchable sense hope
193,Star Trek: Generations,Science Fiction Action Adventure Thriller,captain jeanluc picard crew enterprised find themselves odds renegade scientist soran destroying entire star systems only one man help picard stop sorans schemeand hes dead seventyeight years
1587,What's Eating Gilbert Grape,Romance Drama,gilbert care brother arnie obese mother gets way love walks life
2064,While You Were Sleeping,Comedy Drama Romance,love story built misunderstanding transit worker pulls commuter peter off tracks hes mugged while hes coma family mistakenly thinks shes peters fiancée doesnt correct things get complicated falls brother whos quite sure shes claims
236,Muriel's Wedding,Drama Comedy Romance,muriels wedding hogans film debut humorous emancipation story unemployed woman evolves dreamer self sustaining successful woman amusing comedy thats funny silly angry serious
2759,"The Adventures of Priscilla, Queen of the Desert",Drama Comedy,two dragqueens transsexual contract perform drag show resort alice springs resort town remote australian desert head west sydney aboard lavender bus priscilla route discovered woman theyve contracted wife one drag queens bus breaks down repaired bob travels
888,The Flintstones,Fantasy Comedy Family,modern stone age family flintstones hit big screen liveaction version classic cartoon fred helps barney adopt child barney sees opportunity repay slate mining tests employees find new executive good deed goes unpunished
13,Forrest Gump,Comedy Drama Romance,man low accomplished great things life present during significant historic events case far exceeding anyone imagined yet despite things attained one true love eludes forrest gump story man rose above challenges proved determination courage love important ability
1689,Little Buddha,Drama History,little buddha movie life siddhartha starring keanu reeves bridget fonda directed bernardo bertolucci
2788,Reality Bites,Drama,small circle friends suffering postcollegiate blues confront hard truth life love pursuit gainful employment struggle map out survival guides future genx quartet soon begins realize reality isnt cracked
8987,The River Wild,Action Adventure Crime Thriller,while family vacation rafting expert gail takes pair armed killers while navigating spectacularly violent river
315,"Faster, Pussycat! Kill! Kill!",Action Crime,three strippers seeking thrills encounter young couple desert dispatching boyfriend take girl hostage begin scheming crippled old man living two sons desert reputedly hiding tidy sum cash become house guests old man try seduce sons attempt locate money realizing old man sinister intentions own
8011,Highlander: The Final Dimension,Action Fantasy Science Fiction,starts off century connor mcleod christopher lambert training another immortal swordsman japanese sorcerer nakano mako evil immortal named kane mario van peebles kills old wizard resulting battle leaves buried underground cave kane resurfaces century create havoc mcleod stop
2654,In the Mouth of Madness,Horror Mystery Thriller,disappearance hack horror writer sutter cane hell breaking looseliterally author cane seems knack description really brings evil creepycrawlies life insurance investigator john trent sent investigate canes mysterious vanishing act ends sleepy little east coast town hobbs end
306,Beverly Hills Cop III,Action Comedy Crime,back sunny southern california trail two murderers axel foley teams cop billy rosewood soon discover amusement park used front massive counterfeiting ring run same gang shot billys boss
178,Blown Away,Drama Action Thriller,blown away tells story jimmy dove works boston bomb squad shortly dove leaves force partner killed bomb dove thinks made someone knows
4722,Body Snatchers,Horror Science Fiction Thriller,environmental protection agency inspector steve malone travels remote military base order check toxic materials brings family along ride arriving base teenage daughter marti befriends jean platt daughter bases commander general platt people base begin acting strangely marti becomes convinced slowly replaced plantlike aliens
26391,Cabin Boy,Comedy,foulmouthed finishing school graduate mistakenly winds illfated fishing boat faces wrath crew considers bad luck
2124,Color of Night,Drama Mystery Romance Thriller,new york psychiatrist bill capa visits los angeles take murdered colleagues therapy group finds himself embroiled thick mystery bumps rose begins torrid affair
2087,The Getaway,Drama Action Thriller,doc mccoy put prison because partners chickened out flew off without exchanging prisoner lot money doc knows jack benyon rich businessman something big tells wife carol mccoy tell hes sale benyon get out prison benyon pulls strings doc mccoy released unfortunately cooperate same person got prison
2019,Hard Target,Action Adventure Crime Thriller,womans father goes missing enlist local aid search pair soon discover father died hands wealthy sportsman hunts homeless men form recreation
2259,The House of the Spirits,Romance Drama,rancher clairvoyant wife family face turbulent years south america
6,Judgment Night,Action Thriller Crime,while racing boxing match frank mike john rey get bargained wrong turn lands directly path fallon vicious wisecracking drug lord accidentally witnessing fallon murder disloyal henchman four become unwilling prey savage game cat amp mouse mercilessly stalked through urban jungle taut suspense drama
329,Jurassic Park,Adventure Science Fiction,wealthy entrepreneur secretly creates theme park featuring living dinosaurs drawn prehistoric dna opening day invites team experts two eager grandchildren experience park help calm anxious investors however park anything amusing security systems offline dinosaurs escape
507,Killing Zoe,Action Crime Drama Thriller,zed eric stoltz american vaultcracker travels paris meet old friend eric jeanhugues anglade eric gang planned raid only bank city open bastille day offering services zed soon finds himself trapped situation beyond control heroin abuse poor planning callgirl named zoe conspire turn robbery bloody siege
1413,M. Butterfly,Drama Romance,china french diplomat rene gallimard falls love opera singer song liling song gallimard thinks
2320,Executive Decision,Action Adventure Drama Thriller,terrorists hijack inbound washington demanding release imprisoned leader intelligence expert david grant kurt russell suspects another reason soon reluctant member special assault team assigned intercept plane hijackers
5879,In the Realm of the Senses,Drama Romance,based true story set prewar japan man one servants begin torrid affair desire becomes sexual obsession strong intensify ardor forsake even life itself
788,Mrs. Doubtfire,Comedy Drama Family,loving irresponsible dad daniel hillard estranged exasperated spouse crushed court order allowing only weekly visits kids daniel learns needs housekeeper gets job disguised english nanny soon becomes only childrens best pal kind parent start
1245,The Remains of the Day,Drama Romance,rule bound head butlers world manners decorum household maintains tested arrival housekeeper falls love postwwi britain possibility romance masters cultivation ties nazi cause challenge carefully maintained veneer servitude
7007,Rising Sun,Action Drama Thriller,prostitute found dead los angeles skyscraper occupied large japanese corporation detectives john conner web smith called investigate although conner previous experience working japan cultural differences make progress difficult until security disc showing murder turns close scrutiny proves disc doctored detectives realize theyre dealing coverup well
2088,Romeo Is Bleeding,Action Crime Drama Thriller,corrupt cop gets head tries assassinate beautiful russian hitwoman
424,Schindler's List,Drama History War,true story businessman oskar schindler saved thousand jewish lives nazis while worked slaves factory during world war
695,Short Cuts,Comedy Drama,multistoried fisheyed look american culture characters intersectingprofoundly fleetinglythrough others lives running emotional gamut disturbing humorous altmans portrait contemporary human condition nevertheless fascinating based nine stories prose poem raymond carver
858,Sleepless in Seattle,Comedy Drama Romance,young boy tries set dad date death mother calls radio station talk dads loneliness soon leads dad meeting journalist annie flies seattle write story boy dad yet annie ends story popular romantic comedy
78,Blade Runner,Science Fiction Drama Thriller,smogchoked dystopian los angeles blade runner rick deckard called out retirement terminate quartet replicants escaped earth seeking creator way extend short life spans
319,True Romance,Action Thriller Crime Romance,clarence marries hooker alabama steals cocaine pimp tries sell hollywood while owners coke try reclaim
280,Terminator 2: Judgment Day,Action Thriller Science Fiction,nearly years passed since sarah connor targeted termination cyborg future now son john future leader resistance target newer deadly terminator resistance managed send protector back attempt save john mother sarah
581,Dances with Wolves,Adventure Drama Western,wounded civil war soldier john dunbar tries commit suicide becomes hero instead reward hes assigned dream post remote junction western frontier soon makes unlikely friends local sioux tribe
80350,Tough and Deadly,Thriller Action Drama,private eye helps amnesiac cia agent elude mobsters dont want regain memory drug operation
268,Batman,Fantasy Action,dark knight gotham city begins war crime first major enemy clownishly homicidal joker seized control gothams underworld
274,The Silence of the Lambs,Crime Drama Thriller,fbi trainee clarice starling ventures maximumsecurity asylum pick diseased brain hannibal lecter psychiatrist turned homicidal cannibal starling needs clues help capture serial killer faustian relationship lecter soon leads escape now two deranged killers loose
7300,One Fine Day,Comedy Romance,melanie parker architect mother sammy jack taylor newspaper columnist father maggie divorced meet one morning overwhelmed jack left unexpectedly maggie forgets melanie take school result children miss school field trip stuck parents two adults project negative stereotypes exspouses end needing rely watch children save job humor added sammys propensity lodging objects nose maggies tendency wander
275,Fargo,Crime Drama Thriller,jerry smalltown minnesota car salesman bursting seams debt hes got plan hes going hire two thugs kidnap wife scheme collect hefty ransom wealthy fatherinlaw going snap nobodys going get hurt until people start dying enter police chief marge coffeedrinking parkawearing extremely pregnant investigator wholl stop nothing get man think smalltime investigative skills give crooks run ransom betcha
1592,Primal Fear,Crime Drama Mystery Thriller,arrogant highpowered attorney takes case poor altar boy found running away scene grisly murder bishop taken case gets lot complex accused reveals person room intensity builds surprise twist alters everyones perception crime
2021,Jack & Sarah,Comedy Drama Romance,jack always lands feet lands feet marries beautiful sarah lands feet buys luxurious new home however sarah goes labour takes tumble down stairs lands head comes around discovers proud father baby girl deficient spouse department tune
954,Mission: Impossible,Adventure Action Thriller,ethan hunt leader crack espionage team whose perilous operation gone awry explanation discovers mole penetrated cia hes surprised learn hes suspect clear name hunt now ferret out real double agent process even score
5801,Pather Panchali,Drama,film comingofage story young boy named apu life small indian village early years century apu born poor brahmin family bengal father harihar priest dreams becoming successful poet playwright earn enough mother sarbajaya keeps family going because limited resources sarbajaya resents having share home harihars elderly cousin old helpless cripple indir apus sister durga always getting trouble stealing guavas neighbours orchards indir cares apu like good older sister loves affectionately tease together make enjoy simple joys life
896,The World of Apu,Drama,apu jobless exstudent dreaming vaguely future writer old college friend talks visit upcountry village wedding
2300,Space Jam,Animation Comedy Drama Family Fantasy,desperate attempt win basketball match earn freedom looney tunes seek aid retired basketball champion michael jordan
753,Faces,Drama,old married man leaves wife younger woman shortly exwife begins relationship younger partner
8866,The Truth About Cats & Dogs,Comedy Romance,successful veterinarian radio show host low selfesteem asks model friend impersonate handsome man wants see
922,Dead Man,Drama Fantasy Western,run murdering man accountant william blake encounters strange north american man named nobody prepares journey spiritual world
664,Twister,Action Adventure Drama,weatherman bill harding trying get tornadohunter wife sign divorce papers marry girlfriend melissa mother nature form series intense storms sweeping across oklahoma plans soon three joined team stormchasers attempt insert revolutionary measuring device heart several extremely violent tornados
532,A Close Shave,Family Animation Comedy,wallace falls love woolshop owner wendolene suspecting rather dog head fiendish sheeprustling plot gromit set jailed newfound sheepish friend determine give wallace helping hand finding out real truth
935,Dr. Strangelove or: How I Learned to Stop Worrying and Love the Bomb,Drama Comedy War,insane general jack ripper initiates nuclear strike soviet union soon actions general buck turgidson discovered war room full politicians generals russian diplomat frantically try stop nuclear strike near end scene probably uniquely unforgettable performance slim pickens movie career peter sellers plays multiple roles film
627,Trainspotting,Drama Crime,renton deeply immersed edinburgh drug scene tries clean get out despite allure drugs influence friends
1645,A Time to Kill,Crime Drama Thriller,young lawyer defends black man accused murdering two men raped yearold daughter sparking rebirth kkk
4837,La Collectionneuse,Drama Comedy Romance,bombastic womanizing art dealer painter friend seventeenthcentury villa riviera relaxing summer getaway idyll disturbed presence bohemian haydée accused collector men
2925,The First Wives Club,Comedy,years helping hubbies climb ladder success three midlife manhattanites dumped newer curvier model trio determined turn pain gain come cleverly devious plan hit exes really hurts wallet
3573,Emma,Drama Comedy Romance,emma woodhouse congenial young lady delights meddling peoples affairs perpetually trying unite men women utterly wrong despite interest romance emma clueless own feelings relationship gentle knightly
549,Basquiat,Drama History,director julian schnabel illustrates portrait friend first africanamerican pop artist jeanmichel basquiat unfortunately died young age beginning make name himself art world alongside biography basquiat artists art scene early new york
238,The Godfather,Drama Crime,spanning years chronicle fictional italianamerican corleone crime family organized crime family patriarch vito corleone barely survives attempt life youngest son michael steps take care wouldbe killers launching campaign bloody revenge
159,Maybe... Maybe Not,Comedy Drama,der bewegte mann german comedy heterosexual man axel thrown out girlfriends home cheating ends moving gay man axel learns advantages living gay men even though attracted girlfriend wants back make tough decision
2769,An American in Paris,Drama Comedy Music Romance,jerry mulligan exuberant american expatriate paris trying make reputation painter friend adam struggling concert pianist whos long time associate famous french singer henri baurel lonely society woman milo roberts takes jerry wing supports interested art
164,Breakfast at Tiffany's,Comedy Drama Romance,fortune hunter holly golightly finds herself captivated aspiring writer paul varjak whos moved building wealthy womans dime romance blooms paul holly doc golightly shows scene revealing hollys past
426,Vertigo,Mystery Romance Thriller,retired san francisco detective suffering acrophobia investigates strange activities old friends wife while becoming dangerously obsessed
567,Rear Window,Drama Mystery Thriller,professional photographer jeff jeffries breaks leg while getting action shot auto race confined new york apartment spends time looking out rear window observing neighbors begins suspect man across courtyard murdered wife jeff enlists help high society fashionconsultant girlfriend lisa freemont visiting nurse stella investigate
3078,It Happened One Night,Comedy Romance,ellie andrews tied knot society aviator king westley whisked away fathers yacht out kings clutches ellie jumps ship eventually winds bus headed back husband reluctantly accept help outof work reporter peter warne actually warne doesnt give choice either sticks until gets back husband hell blow whistle ellie father either way peter gets wants really juicy newspaper story
213,North by Northwest,Mystery Thriller,advertising man roger thornhill mistaken spy triggering deadly crosscountry chase
239,Some Like It Hot,Comedy Romance,two musicians witness mob hit struggle find way out city found gangsters only opportunity join allgirl band leave tour make getaway first disguise themselves women keep identities secret deal problems brings such attractive bandmate determined suitor
289,Casablanca,Drama Romance,casablanca morocco december cynical american expatriate meets former lover unforeseen complications
963,The Maltese Falcon,Mystery Crime Thriller,private detective takes case involves three eccentric criminals gorgeous liar quest priceless statuette
6620,Sabrina,Comedy Drama Romance,linus david larrabee two sons wealthy family linus work busily running family corporate empire time wife family david play technically employed family business never shows work spends time entertaining married divorced three times meanwhile sabrina fairchild young shy awkward daughter household chauffeur infatuated david life david hardly notices doesnt even know exist until goes away paris two years returns elegant sophisticated beautiful woman suddenly finds captured davids attention finds herself falling love linus finds linus falling love
804,Roman Holiday,Comedy Romance,overwhelmed suffocating schedule touring european princess ann takes off night while rome sedative took doctor kicks however falls asleep park bench found american reporter joe bradley takes back apartment safety work next morning joe finds out anns regal identity bets editor get exclusive interview romance soon gets way
909,Meet Me in St. Louis,Comedy Music Romance,year louis worlds fair four smith daughters learn lessons life love even prepare reluctant move new york
630,The Wizard of Oz,Adventure Family Fantasy,young dorothy finds herself magical world makes friends lion scarecrow tin man make way along yellow brick road talk wizard ask things miss lives wicked witch west only thing stop
599,Sunset Boulevard,Drama,hack screenwriter writes screenplay former silentfilm star faded hollywood obscurity
15,Citizen Kane,Mystery Drama,newspaper magnate charles foster kane taken mother boy made ward rich industrialist result wellmeaning tyrannical selfdestructive move makes rest life appears way reaction deeply wounding event
62,2001: A Space Odyssey,Science Fiction Mystery Adventure,humanity finds mysterious object buried beneath lunar surface sets off find origins help hal worlds advanced super computer
705,All About Eve,Drama,moment glimpses idol stage door eve harrington determined take reins power away great actress margo channing eve maneuvers way margos broadway role becomes sensation even causes turmoil lives margos director boyfriend playwright wife only cynical drama critic sees through eve admiring audacity perfect pattern deceit
223,Rebecca,Drama Mystery,selfconscious bride tormented memory husbands dead first wife
303,Notorious,Thriller Drama Romance,released shortly war classic hitchcock film illustrates battle german nazis american spies rio janeiro german businessman keeps wine cellar uranium ore
4174,Spellbound,Drama Mystery Thriller,anthony edwardes arrives vermont mental hospital replace outgoing hospital director constance peterson psychoanalyst discovers edwardes actually impostor man confesses real edwardes dead fears killed cannot recall anything peterson however convinced impostor innocent mans murder joins quest unravel amnesia through psychoanalysis
381,To Catch a Thief,Crime Drama Mystery Romance Thriller,delightful hitchcock film exburglar catch thief whos copying style gets accused wrong crimes time running out police close behind yet finds time little romance course classic masterpiece starring grace kelly cary grant
1859,Ninotchka,Comedy Romance,stern russian woman sent paris official business finds herself attracted man represents everything supposed detest
1939,Laura,Drama Mystery,police detective falls love woman whose murder hes investigating
3598,Lost Horizon,Adventure Fantasy Drama Mystery,british diplomat robert conway small group civilians crash land himalayas rescued people mysterious edenlike valley shangrila protected mountains world outside clouds world war gathering shangrila provides seductive escape worldweary conway
198,To Be or Not to Be,Comedy War,during nazi occupation poland acting troupe becomes embroiled polish soldiers efforts track down german spy
220,East of Eden,Drama,salinas valley around world war cal trask feels compete against overwhelming odds brother aron love father adam cal frustrated turn reaction war get ahead business life relate estranged mother
3529,The Thin Man,Comedy Crime Mystery,four year absence one time detective nick charles returns new york new wife nora dog asta nick reconnects many old cronies several eccentric characters say least hes approached dorothy wynant whose inventor father clyde wynant suspected murdering stepmother father left planned trip months contact nick isnt keen resuming former profession eggedon wife nora thinks exciting agrees help out solves case announcing identity killer dinner party suspects
3083,Mr. Smith Goes to Washington,Comedy Drama,naive idealistic jefferson smith leader boy rangers appointed lark spineless governor state reunited states senior senatorpresidential hopeful childhood hero senator joseph paine washington however smith discovers many shortcomings political process earnest goal national boys camp leads conflict state political boss jim taylor taylor first tries corrupt smith later attempts destroy smith through scandal
900,Bringing Up Baby,Comedy Romance,david huxley waiting get bone needs museum collection through series strange circumstances meets susan vance duo series misadventures include leopard called baby
260,The 39 Steps,Action Thriller Mystery,while vacation london canadian richard hannay becomes embroiled international spy ring related mysterious steps meets agent annabella smith soon killed apartment elude police hunting murder while tries stop professor jordan sending secrets out country hannay assisted pamela unwilling accomplice discovers truth
488,The African Queen,Adventure War Romance,start first world war middle africas nowhere gin soaked riverboat captain persuaded strongwilled missionary down river faceoff german warship
261,Cat on a Hot Tin Roof,Drama Romance,brick alcoholic exfootball player drinks days away resists affections wife maggie reunion father big daddy dying cancer jogs host memories revelations father son
2033,Infinity,Drama Romance,story early life genius nobel prizewinning physicist richard feynman
173,"20,000 Leagues Under the Sea",Adventure Drama Science Fiction,ship sent investigate wave mysterious sinkings encounters advanced submarine nautilus commanded captain nemo
864,Cool Runnings,Comedy,jamaican sprinter disqualified olympic games enlists help dishonored coach start first jamaican bobsled team
8367,Robin Hood: Prince of Thieves,Adventure,dastardly sheriff nottingham murders robins father legendary archer vows vengeance accomplish mission robin joins forces band exiled villagers comely maid marian together battle end evil sheriffs reign terror
433,Mary Poppins,Comedy Family Fantasy,movie combines diverting story songs color sequences live action blended movements animated figures mary poppins kind supernanny flies umbrella response request banks children proceeds put things right aid rather extraordinary magical powers flying off
562,Die Hard,Action Thriller,nypd cop john mcclanes plan reconcile estranged wife thrown serious loop minutes arrives office entire building overtaken group terrorists little help lapd wisecracking mcclane sets out singlehandedly rescue hostages bring bad guys down
454,Romeo + Juliet,Drama Romance,director baz luhrmanns contemporary take william shakespeares classic tragedy montagues capulets moved ongoing feud sweltering suburb verona beach romeo juliet fall love secretly wed though film visually modern bards dialogue remains
1834,"Murder, My Sweet",Crime Drama Mystery Thriller,detective philip marlowe hired hulking moose malloy locate old girlfriend lost track while serving time prison lead follows marlowe encounters lies larceny perjury theft beautiful femme fatale based raymond chandlers novel farewell lovely films title united kingdom
252,Willy Wonka & the Chocolate Factory,Family Fantasy,eccentric candy man willy wonka prompts worldwide frenzy announces golden tickets hidden inside five delicious candy bars admit lucky holders topsecret confectionary wonka agenda hidden amid world oompa loompas chocolate rivers
475,Bonnie and Clyde,Crime Drama,bonnie clyde based true stories gangster pair bonnie parker clyde barrow began robbing banks cities until eventually killed film major landmark aesthetic movement known new hollywood
521,Dial M for Murder,Crime Mystery Thriller,extennis pro carries out plot wife murdered discovering having affair assumes soon leave man anyway things wrong improvises new plan frame murder instead
88,Dirty Dancing,Drama Music Romance,expecting usual tedium accompanies summer catskills family yearold frances baby houseman surprised find herself stepping shoes professional hoofer unexpectedly falling love
500,Reservoir Dogs,Crime Thriller,botched robbery indicates police informant pressure mounts aftermath warehouse crime begets violence survivors veteran white newcomer orange psychopathic parolee blonde bickering weasel pink nice guy eddie unravel
8491,Weekend at Bernie's,Comedy,two friends invited weekend luxury island boss boss gets shot nobody seems notice except two friends order become suspects murder treat body puppet make people believe hes still alive killer wants job informed stiff still alive hes got shoot
2119,Days of Thunder,Adventure,talented unproven stock car driver cole trickle gets break guidance veteran harry hogge turns heads track young hotshot develops rivalry fellow racer threatens career two smash cars help doctor cole overcome injuries fear
25750,Children of the Corn IV: The Gathering,Horror,grace rhodes studying doctor returns hometown strange illness afflicting local children symptoms include high fever spasms even weirder happens next day illness claim somebody else begin murdering grownups sister undergoes same sinister metamorphosis grace comes believe connection evil cult figure returning grave
1103,Escape from New York,Science Fiction Action,island manhattan walled off turned giant maximum security prison within countrys worst criminals left form own anarchic society however president united states crash lands island authorities turn former soldier current convict snake plissken rescue
4480,Jean de Florette,Drama,rural french village old man only remaining relative cast covetous eyes adjoining vacant property need spring water growing flowers dismayed hear man inherited moving block spring watch new neighbour tries keep crops watered wells far afield through hot summer though see desperate efforts breaking health wife daughters hearts think only getting water
762,Monty Python and the Holy Grail,Adventure Comedy Fantasy,king arthur accompanied squire recruits knights round table including sir bedevere wise sir lancelot brave sir robin notquitesobraveassirlancelot sir galahad pure way arthur battles black knight despite having limbs chopped off insists still fight reach camelot arthur decides enter silly place
531,The Wrong Trousers,Animation Comedy Family,gromit finds himself pushed out room home new lodger actually ruthless criminal small penguin penguin planning robbery needs use wallace mechanical remote controlled trousers pull off raid however gromit wise penguin comes rescue
4483,The Return of Martin Guerre,Mystery Crime Drama History Romance,during medieval times martin guerre returns hometown middle france away war since child nobody recognise people knew suspect martin knows family friends even unusual things man really martin guerre
659,The Tin Drum,Drama History War,oskar matzerath son local dealer unusual boy equipped full intellect right birth decides third birthday grow sees crazy world around eve world war refuses society tin drum symbolizes protest against middleclass mentality family neighborhood stand passive people nazi germany time however almost nobody listens catastrophe goes
892,Delicatessen,Comedy Science Fiction Fantasy,bizarre surrealistic black comedy takes place small fictitious postapocalyptic town food scarce butcher clapet macabre business using human flesh feed customers yet daughter falls love next slaughter victim things turn chaos
1600,The Double Life of Veronique,Drama Thriller,veronique beautiful young french woman aspires renowned singer weronika lives poland similar career goal looks identical veronique though two related film follows women contend ups downs individual lives veronique embarking unusual romance alexandre fabbri puppeteer able help existential issues
2469,Tie Me Up! Tie Me Down!,Comedy Crime Drama Romance,recently released mental hospital ricky ties marina film star sex keeps hostage
31225,Paris is Burning,Documentary,chronicle new york citys drag scene focusing balls voguing ambitions dreams gave era warmth vitality
510,One Flew Over the Cuckoo's Nest,Drama,while serving time insanity state mental hospital implacable rabblerouser randle patrick mcmurphy inspires fellow patients rebel against authoritarian rule head nurse mildred ratched
85,Raiders of the Lost Ark,Adventure Action,indiana jones tweedsuited professor happens celebrated archaeologist hired government locate legendary ark covenant finds himself against entire nazi regime
68,Brazil,Comedy Science Fiction,lowlevel bureaucrat sam lowry escapes monotony daytoday life through recurring daydream himself virtuous hero saving beautiful damsel investigating case led wrongful arrest eventual death innocent man instead wanted terrorist harry tuttle meets woman daydream trying help gets caught web mistaken identities mindless bureaucracy lies
429,"The Good, the Bad and the Ugly",Western,while civil war rages union confederacy three men quiet loner ruthless hit man mexican bandit comb american southwest search strongbox containing stolen gold
947,Lawrence of Arabia,Adventure Drama History War,epic british officer lawrences mission aid arab tribes revolt against ottoman empire during first world war lawrence becomes flamboyant messianic figure cause arab unity psychological instability threatens undermine achievements
185,A Clockwork Orange,Science Fiction Drama,demonic gangleader alex goes spree rape mugging murder pack droogs hes boy likes beethovens ninth bit old inout inout later finds himself mercy state brainwashing experiment designed take violence off streets
595,To Kill a Mockingbird,Crime Drama,small alabama town scrupulously honest highly respected lawyer atticus finch puts career line agrees represent tom robinson black man accused rape trial events surrounding seen through eyes finchs sixyearold daughter scout while robinsons trial gives movie momentum plenty anecdotal occurrences court date scouts everstrengthening bond older brother jem friendship precocious young dill harris fathers nononsense reactions such lifeanddeath crises rampaging mad dog especially scouts reactions relationship boo radley reclusive village idiot turns out salvation attacked venomous bigot
28,Apocalypse Now,Drama War,height vietnam war captain benjamin willard sent dangerous mission officially exist ever exist goal locate eliminate mysterious green beret colonel named walter kurtz leading personal army illegal guerrilla missions enemy territory
335,Once Upon a Time in the West,Western,classic western masterpiece epic film widow whose land life danger railroad getting closer closer taking mysterious harmonica player joins forces desperado protect woman land
1892,Return of the Jedi,Adventure Action Science Fiction,rebel leaders map strategy allout attack emperors newer bigger death star han solo remains frozen cavernous desert fortress jabba hutt loathsome outlaw universe keeping princess leia slave girl now master force luke skywalker rescues friends cannot become true jedi knight until wages own crucial battle against darth vader sworn win luke dark side force
144,Wings of Desire,Drama Fantasy Romance,wings desire wim wenders artistically beautiful film lonely immortal life angels during postwar berlin poetic journey perspective angels one falls love living woman wants become mortal human thus giving heavenly life filmed black white feeling celebrating life
1092,The Third Man,Thriller Mystery,set postwar vienna austria third man stars joseph cotten holly martins writer pulp westerns arrives penniless guest childhood chum harry lime only find dead martins develops conspiracy theory learning third man present time harrys death running interference british officer maj calloway falling headoverheels harrys griefstricken lover anna
348,Alien,Horror Action Thriller Science Fiction,during return earth commercial spaceship nostromo intercepts distress signal distant planet threemember team crew discovers chamber containing thousands eggs planet creature inside one eggs attacks explorer entire crew unaware impending nightmare set descend upon alien parasite planted inside unfortunate host birthed
766,Army of Darkness,Fantasy Horror Comedy,man accidentally transported battle army dead retrieve necronomicon return home
175,The Big Blue,Adventure Drama Romance,two men answer call ocean romantic fantasyadventure jacques jeanmarc barr enzo jean reno pair friends close since childhood share passion dangerous sport free diving professional diver jacques opted follow footsteps father died sea jacques boy bewilderment scientists jacques harbors remarkable ability adjust heart rate breathing pattern water vital signs closely resemble dolphins men even considers school dolphins extended family enzo persuades reluctant jacques compete against free diving contest determining dive deeper longer without scuba gear jacques meets johana rosanna arquette beautiful insurance investigator america finds choose love love sea
539,Psycho,Drama Horror Thriller,larcenous real estate clerk marion crane goes lam wad cash hopes starting new life ends notorious bates motel manager norman bates cares housebound mother place seems quirky fine until marion decides take shower
240,The Godfather: Part II,Drama Crime,continuing saga corleone crime family young vito corleone grows sicily new york michael corleone attempts expand family business las vegas hollywood cuba
279,Amadeus,Drama History Music,incredible story genius musician wolfgang amadeus mozart told flashback peer secret rival antonio salieri now confined insane asylum
1398,Stalker,Drama Science Fiction Thriller,near gray unnamed city zone place guarded barbed wire soldiers normal laws physics victim frequent anomalies stalker guides two men zone specifically area deep seeded desires granted
387,Das Boot,Action Drama History War Adventure,german submarine hunts allied ships during second world war soon becomes hunted crew tries survive below surface while stretching boat themselves limits
490,The Seventh Seal,Fantasy Drama,disillusioned swedish knight antonius block returns home crusades find country grips black death challenges death chess match life tormented belief god exist block sets off journey meeting traveling players jof wife mia becoming determined evade death long enough commit one redemptive act while still lives
218,The Terminator,Action Thriller Science Fiction,postapocalyptic future reigning tyrannical supercomputers teleport cyborg assassin known terminator back kill sarah connor whose unborn son destined lead insurgents against century mechanical hegemony meanwhile humanresistance movement dispatches lone warrior safeguard sarah stop virtually indestructible killing machine
696,Manhattan,Comedy Drama Romance,life divorced television writer dating teenage girl complicated falls love best friends mistress
379,Miller's Crossing,Drama Thriller Crime,set political boss advisor parting ways fall same woman
207,Dead Poets Society,Drama,elite oldfashioned boarding school new england passionate english teacher inspires students rebel against convention seize potential day courting disdain stern headmaster
1480,Touch of Evil,Drama Thriller Crime,stark perverse story murder kidnapping police corruption mexican border town
422,8½,Fantasy Drama,frederico fellini leaves selfportrait dreams reality mix help excellent cast unique scenery self reflecting film one master works
829,Chinatown,Crime Drama Mystery Thriller,private eye jake gittes lives off murky moral climate sunbaked preworld war southern california hired beautiful socialite investigate husbands extramarital affair gittes swept maelstrom double dealings deadly deceits uncovering web personal political scandals come crashing together
828,The Day the Earth Stood Still,Drama Science Fiction Thriller,alien robot land earth world war tell mankind peaceful face destruction classic science fiction film robert wise exceptional message
3090,The Treasure of the Sierra Madre,Action Adventure Drama Western,fred dobbs bob curtin down luck tampico mexico meet grizzled prospector named howard decide join search gold wilds central mexico through enormous difficulties eventually succeed finding gold bandits elements especially greed threaten turn success disaster
3063,Duck Soup,Comedy,rufus firefly named presidentdictator bankrupt freedonia declares war neighboring sylvania love wealthy mrs teasdale
694,The Shining,Horror Thriller,jack torrance accepts caretaker job overlook hotel along wife wendy son danny live isolated rest world winter arent prepared madness lurks within
235,Stand by Me,Crime Drama,death friend writer recounts boyhood journey find body missing boy
832,M,Drama Action Thriller Crime,classic german thriller hans beckert serial killer preys children becomes focus massive berlin police manhunt beckerts heinous crimes repellant disruptive city life even targeted others seedy underworld network cops criminals pursuit murderer soon realizes people trail sending tense panicked attempt escape justice
765,Evil Dead II,Horror Comedy Fantasy,ash williams girlfriend linda find log cabin woods voice recording archeologist recorded himself reciting ancient chants book dead play recording evil power unleashed taking lindas body
982,The Manchurian Candidate,Mystery Thriller,manchurian candidate political thriller american director john frankenheimer american soldier brainwashed killer communist russians during korean war
105,Back to the Future,Adventure Comedy Science Fiction Family,eighties teenager marty mcfly accidentally sent back time inadvertently disrupting parents first meeting attracting mothers romantic interest marty repair damage history rekindling parents romance help eccentric inventor friend doc brown return
1633,Fried Green Tomatoes,Drama Comedy,amidst own personality crisis southern housewife evelyn couch meets ninny outgoing old woman tells story idgie threadgoode ruth jamison two young women experienced hardships love whistle stop alabama
1554,Down by Law,Crime Drama Comedy,story three men completely different tracks meet louisiana prison cell eventually begin awkward journey together
149,Akira,Science Fiction Animation,childhood friends tetsuo kaneda pulled postapocalyptic underworld neotokyo forced fight survival kaneda bike gang leader tetsuo member tough motorcycle crew becomes involved covert government project called akira bloody battle ensues kaneda sets out save friend
903,Cool Hand Luke,Crime Drama,petty criminal luke jackson sentenced two years florida prison farm doesnt play rules either sadistic warden yards resident heavy dragline ends admiring new guys unbreakable lukes bravado even face repeated stints prisons dreaded solitary confinement cell box make rebel hero fellow convicts thorn side prison officers
3034,Young Frankenstein,Comedy Science Fiction,young neurosurgeon inherits castle grandfather famous victor von frankenstein castle finds funny hunchback pretty lab assistant elderly housekeeper young frankenstein believes work grandfather delusional discovers book mad doctor described reanimation experiment suddenly changes mind
339,Night on Earth,Comedy Drama,anthology different cab drivers american european cities remarkable fares same eventful night
914,The Great Dictator,Comedy,dictator adenoid hynkel tries expand empire while poor jewish barber tries avoid persecution hynkels regime
288,High Noon,Western,high noon recently freed leader gang bandits desert looking get revenge sheriff put jail legendary western film austrian director fred zinnemann
910,The Big Sleep,Crime Drama Mystery Thriller,private detective philip marlowe hired rich family complex case hes seen murder blackmail love
2640,Heathers,Thriller Comedy Drama,girl halfheartedly tries part crowd school meets rebel teaches devious way play social politics killing popular kids
665,Ben-Hur,Action Adventure Drama History,benhur epic film directed william wyler third film version civil war vet lew wallaces novel benhur tale christ premiered loews state theatre new york city november movies reputation classic primarily based two spectacular action sequences great chariot race roman naval battle along lavish production values strong performances plot ben hur revolves around jewish prince betrayed sent slavery roman friend regains freedom comes back revenge however instead finds redemption christ theme ultimately saved christian sense film went win record eleven academy awards including best picture best actor charlton heston ben hur recordsetting oscars sweep since equaled titanic lord rings return king never broken
89,Indiana Jones and the Last Crusade,Adventure Action,henry jones suddenly goes missing while pursuing holy grail eminent archaeologist indiana team marcus brody sallah elsa schneider follow fathers footsteps stop nazis recovering power eternal life
783,Gandhi,Drama History,early years century mohandas gandhi britishtrained lawyer forsakes worldly possessions take cause indian independence faced armed resistance british government gandhi adopts policy passive resistance endeavouring win freedom people without resorting bloodshed
830,Forbidden Planet,Adventure Science Fiction Action,captain adams crew starship fly towards planet altair search bellerphon spaceship missing twenty years surprise already expected classic science fiction film starring leslie nielsen
639,When Harry Met Sally...,Comedy Romance Drama,during travels chicago new york harry sally debate whether sex ruins perfect relationship man woman eleven years later theyre still closer finding answer
229,Bride of Frankenstein,Horror Science Fiction,bride frankenstein begins james whales frankenstein ended frankenstein killed previously portrayed now wants get away mad experiments yet wife kidnapped creation frankenstein agrees help create new monster time woman
1598,Cape Fear,Crime Thriller,sam bowden smalltown corporate attorney max cady tattooed cigarsmoking biblequoting psychotic rapist common fourteen years ago sam public defender assigned max cadys rape trial made serious error hid document illiterate client gotten acquitted now cagey bibliophile cady released intends teach sam bowden family thing two loss
377,A Nightmare on Elm Street,Horror,teenagers small town dropping like flies apparently grip mass hysteria causing suicides cops daughter nancy thompson heather langenkamp traces cause child molester fred krueger robert englund burned alive angry parents many years krueger now come back dreams killers children claiming lives revenge nancy boyfriend glen johnny depp devise plan lure monster out realm nightmares real world
653,Nosferatu,Fantasy Horror,vampire count orlok interested new residence real estate agent hutters young wife silent horror classic based bram stoker novel dracula
145,Breaking the Waves,Drama Romance,small conservative scottish village womans paralytic husband convinces extramarital intercourse tell give reason living
199,Star Trek: First Contact,Science Fiction Action Adventure Thriller,borg relentless race cyborgs direct course earth violating orders stay away battle captain picard crew newlycommissioned uss enterprise pursue borg back time prevent invaders changing federation history assimilating galaxy
1573,Die Hard 2,Action Thriller,john mcclane offduty cop gripped feeling déjà snowy christmas eve nations capital terrorists seize major international airport holding thousands holiday travelers hostage renegade military commandos led murderous rogue officer plot rescue drug lord justice prepared contingency except one mcclanes smartmouthed heroics
152,Star Trek: The Motion Picture,Science Fiction Adventure Mystery,destructive space entity spotted approaching earth admiral kirk resumes command starship enterprise order intercept examine hopefully stop
174,Star Trek VI: The Undiscovered Country,Science Fiction Action Adventure Thriller,eve retirement kirk mccoy charged assassinating klingon high chancellor imprisoned enterprise crew help escape thwart conspiracy aimed sabotaging last best hope peace
172,Star Trek V: The Final Frontier,Science Fiction Action Adventure Thriller,capt kirk crew deal spocks half brother kidnaps three diplomats hijacks enterprise obsessive search god
154,Star Trek II: The Wrath of Khan,Action Adventure Science Fiction Thriller,admiral james kirk feeling old prospect accompanying old ship enterprise two week cadet cruise making feel younger training cruise becomes life death struggle khan escapes years exile captures power creation itself
157,Star Trek III: The Search for Spock,Science Fiction Action Adventure Thriller,admiral kirk bridge crew risk careers stealing decommissioned enterprise return restricted genesis planet recover spocks body
168,Star Trek IV: The Voyage Home,Science Fiction Adventure,fugitives federation daring rescue spock doomed genesis planet admiral kirk william shatner crew begin journey home face justice actions near earth find mercy mysterious alien presence whose signals slowly destroying planet desperate attempt answer call probe kirk crew race back late twentieth century however soon find world knew alien anything theyve encountered far reaches galaxy
364,Batman Returns,Action Fantasy,having defeated joker batman now faces penguin warped deformed individual intent accepted gotham society crooked businessman max schreck coerced helping become mayor gotham attempt expose batman different light selina kyle maxs secretary thrown top building transformed catwoman mysterious figure same personality disorder batman batman attempt clear name time deciding done catwoman
621,Grease,Romance,australian good girl sandy greaser danny fell love summer unexpectedly discover theyre now same high school able rekindle romance despite eccentric friends
378,Raising Arizona,Comedy Crime,coen brothers tell story absurd yet likable family unproductive couple focal point couple gotten themselves trouble while kidnapping baby give hollywood one memorable chase scenes date
2322,Sneakers,Comedy Crime Drama,shadowy intelligence agents blackmail reformed computer hacker eccentric team security experts stealing codebreaking black box sovietfunded genius uncover bigger conspiracy now sneakers save themselves world economy retrieving box blackmailers
3179,Beavis and Butt-Head Do America,Animation Comedy,mike judges slacker duo beavis butthead wake discover stolen search new one takes clueless adventure across america manage accidentally become americas wanted
4232,Scream,Crime Horror Mystery,killer known ghostface begins killing off teenagers body count begins rising one girl friends find themselves contemplating rules horror films find themselves living reallife one
2928,Michael,Comedy Drama Fantasy,tabloid reporters sent editor investigate paper recieves letter woman claiming angel living
2892,Angel Baby,Drama,two schizophrenics meet during therapy fall love unfortunately road nowhere
8860,Metro,Action Adventure Comedy Crime Thriller,roper hostage negotiator catches murderous bank robber blown heist bank robber escapes immediately goes man put behind bars
4104,Benny & Joon,Comedy Drama Romance,mentally ill young woman finds love eccentric man models himself buster keaton
784,Kolya,Music Drama Comedy,czech republic director jan sverák tells oscar winning film story disillusioned prague man named cellisten louka fictitious marriage russian emigrant suddenly take responsibility son however long communication barrier broken two new family members
1968,Fools Rush In,Drama Comedy Romance,alex whitman matthew perry designer new york city sent las vegas supervise construction nightclub firm hired build alex straightlaced waspish type while enjoying night town meets isabel fuentes salma hayek freespirited mexicanamerican photographer alex isabel overtaken lust first sight end
66,Absolute Power,Crime Drama Thriller,master thief coincidentally robbing house murder president united states involved occurs front eyes forced run yet hold evidence convict president political thriller starring clint eastwood based novel david baldacci
2163,Breakdown,Drama Action Thriller,suv breaks down remote southwestern road jeff taylor lets wife amy hitch ride trucker get help doesnt return jeff fixes suv tracks down trucker tells police hes never seen amy johnathan mostows tense thriller follows jeffs desperate search wife eventually uncovers small towns murderous secret
18,The Fifth Element,Adventure Fantasy Action Thriller Science Fiction,taxi driver unintentionally given task saving young girl part key ensure survival humanity
2058,Addicted to Love,Comedy Romance,goodnatured astronomer sam devastated love life linda leaves suave frenchman named anton therefore normal dumpee new york set home abandoned building opposite exgirlfriends apartment intent winning back waiting until decides leave current lover
330,The Lost World: Jurassic Park,Adventure Action Science Fiction,four years jurassic parks genetically bred dinosaurs ran amok multimillionaire john hammond shocks chaos theorist ian malcolm revealing hammond breeding beasties secret location malcolm paleontologist ladylove wildlife videographer join expedition document lethal lizards natural behavior actionpacked thriller
33660,Shiloh,Drama Family,abused beagle runs away owner road meets young marty preston follows home boy immediately forms bond dog names shiloh stern father wont let keep dog because belongs judd travers local hunter shiloh mistreated runs away returns marty knowing father make bring shiloh back judd makes home dog old shed hill prestons house hides family secret soon discovered stray attacks dog one night turn father help
1701,Con Air,Action Thriller Crime,government puts rotten criminal eggs one airborne basket asking trouble say pass barf bag crooks control plane led creepy cyrus virus grissom watching move justreleased cameron poe whod rather reunite family
1639,Speed 2: Cruise Control,Action Adventure Thriller,sandra bullock jason patric star young couple whose dream cruise turns terror lunatic computer genius willem dafoe sets new course destruction
415,Batman & Robin,Action Crime Fantasy,along crimefighting partner robin new recruit batgirl batman battles dual threat frosty genius freeze homicidal horticulturalist poison ivy freeze plans put gotham city ice while ivy tries drive wedge dynamic duo
8874,My Best Friend's Wedding,Comedy Romance,receives word longtime platonic pal michael oneal getting married debutante kimberly wallace food critic julianne potter realizes true feelings michael sets out sabotage wedding
266,Contempt,Drama,screenwriter paul javals marriage wife camille disintegrates during film production spends time producer
754,Face/Off,Action Crime Science Fiction Thriller,antiterrorism agent goes knife acquire likeness terrorist gather details bombing plot terrorist escapes custody undergoes surgery look like agent get close agents family
2142,Cop Land,Action Crime Drama,freddy heflin sheriff place everyone calls cop land small seemingly peaceful town populated big city police officers hes long admired yet something ugly taking place behind towns peaceful facade freddy uncovers massive deadly conspiracy among local residents forced take action make dangerous choice protecting idols upholding law
468,My Own Private Idaho,Drama Romance,loose adaptation shakespeares henry mike waters river phoenix gay hustler afflicted narcolepsy scott favor keanu reeves rebellious son mayor together two travel portland oregon idaho finally coast italy quest find mikes estranged mother along way turn tricks money drugs eventually attracting attention wealthy benefactor sexual deviant
2118,L.A. Confidential,Crime Drama Mystery Thriller,three detectives corrupt brutal police force use differing methods uncover conspiracy behind shotgun slayings patrons allnight diner
2255,Chasing Amy,Comedy Drama Romance,holden banky comic book artists everything going good until meet alyssa comic book artist holden falls hopes crushed finds out shes lesbian
782,Gattaca,Thriller Science Fiction Mystery Romance,science fiction drama future society era indefinite eugenics humans set life course depending dna young vincent freeman born condition prevent space travel yet determined infiltrate gattaca space program
1959,Swept from the Sea,Drama Romance,film tells story russian emigree only survivor ship crash yanko goorall servant amy foster end century yanko enters farm sick hungry shipwreck everyone afraid except amy kind helps soon becomes like son james kennedy romance yanko amy follows
1281,Bean,Comedy,bean works caretaker britains formidable royal national gallery bosses want fire because sleeps work time cant because chairman gallerys board defends send usa small los angeles art gallery instead hell officiate opening greatest picture ever called whistlers mother
4995,Boogie Nights,Drama,set back sex safe pleasure business business booming idealistic porn producer jack horner aspires elevate craft art form horner discovers eddie adams hot young talent working busboy nightclub welcomes extended family moviemakers misfits hangerson always around adams rise nobody celebrity adult entertainer meteoric soon whole world seems know porn alter ego dirk diggler now disco drugs vogue fashion flux party never seems stop adams dreams turning sex stardom collide cold hard reality
45928,Incognito,Crime Thriller,harry donovan art forger paints fake rembrandt picture girl meets gets bed paris marieke turns out arts expert harrys clients using check counterfeit picture painted
2639,Deconstructing Harry,Comedy Drama,film tells story successful writer called harry block played allen himself draws inspiration people knows reallife events happened sometimes causing people become alienated result
489,Good Will Hunting,Drama,hunting geniuslevel chooses work janitor mit solves difficult graduatelevel math problem talents discovered professor gerald lambeau decides help misguided youth reach potential arrested attacking police officer professor lambeau makes deal get leniency get treatment therapist sean maguire
8197,Midnight in the Garden of Good and Evil,Crime Drama Mystery Thriller,visiting city reporters assignment suddenly revolves around murder trial local millionaire befriends
6283,MouseHunt,Comedy Family,downontheir luck brothers lars ernie smuntz arent happy crumbling old mansion inherit until discover estate worth millions cash rid house single stubborn occupant tiny tenacious mouse
597,Titanic,Drama Romance Thriller,years later yearold woman named rose dewitt bukater tells story granddaughter lizzy calvert brock lovett lewis bodine bobby buell anatoly mikailavich keldysh life set april ship called titanic young rose boards departing ship upperclass passengers mother ruth dewitt bukater fiancé caledon hockley meanwhile drifter artist named jack dawson best friend fabrizio rossi win thirdclass tickets ship game explains whole story departure until death titanic first last voyage april morning
714,Tomorrow Never Dies,Adventure Action Thriller,deranged media mogul staging international incidents pit worlds superpowers against now take evil mastermind adrenalinecharged battle end reign terror prevent global pandemonium
62394,The Education of Little Tree,Drama,little tree yearold cherokee boy during time depression loses parents starts live indian grandma grandpa learn wisdom cherokee way life
547,The Horse Whisperer,Drama Romance,based novel same name nicholas evans talented robert redford presents meditative family drama set country side redford only directs stars roll cowboy magical talent healing
184,Jackie Brown,Comedy Crime Romance,jackie brown flight attendant gets caught middle smuggling cash country gunrunner boss cops try use jackie get boss hatches planwith help bail bondsmanto keep money herself based elmore leonards novel rum punch
586,Wag the Dog,Comedy Drama,during final weeks presidential race president accused sexual misconduct distract public until election presidents adviser hires hollywood producer help stage fake war
2898,As Good as It Gets,Comedy Romance,new york city melvin udall cranky bigoted obsessivecompulsive writer finds life turned upside down neighboring gay artist simon hospitalized dog entrusted melvin addition carol only waitress tolerate leave work care sick son making impossible melvin eat breakfast
6970,Welcome to Woop Woop,Music Comedy Fantasy Adventure,con artist escapes deal gone wrong new york winds aussie outback strange town whose inhabitants oddball collection misfits
8838,Mercury Rising,Action Crime Drama Thriller,renegade fbi agent art jeffries protects nineyearold autistic boy cracked governments new unbreakable code
267,Live Flesh,Drama Romance Thriller,scorned exconvict forces himself lives couple put behind bars
6264,Prince Valiant,Adventure Fantasy,arthurian legend young prince valiant son king scandia king exiled evil leader prince travels camelot secure aid king arthur helping restore family power prevent plot black knight
8656,Deep Impact,Action Drama Romance,sevenmilewide space rock hurtling toward earth threatening obliterate planet now president united states save world appoints toughasnails veteran astronaut lead joint americanrussian crew space destroy comet impact meanwhile enterprising reporter uses smarts uncover scoop century
929,Godzilla,Science Fiction Action Thriller,freighter viciously attacked pacific ocean team experts including biologist niko tatopoulos scientists elsie chapman mendel craven concludes oversized reptile culprit long giant lizard loose manhattan destroying everything within reach team chases monster madison square garden brutal battle ensues
1965,A Perfect Murder,Crime Thriller Drama,millionaire industrialist steven taylor man everything craves love fidelity wife hugely successful player new york financial world considers treasured acquisition needs simply role dazzling accessory
312,Beyond Silence,Drama,beyond silence family young girls coming age story german film looks lives deaf story love music girl always translate speech sign language deaf parents yet love playing music grows strong decide continue doing something cannot share parents
846,The X Files,Mystery Science Fiction Thriller,mulder scully now taken off fbis files cases find way fight shadowy elements government find out truth conspiracy mean alien colonization earth
1389,Out of Sight,Romance Comedy Crime,meet jack foley smooth criminal bends law determined make one last heist karen sisco federal marshal chooses right moves wrong guys now theyre willing risk find out theres law variety hails out sight sly sexy vastly entertaining film
95,Armageddon,Action Thriller Science Fiction Adventure,asteroid threatens collide earth nasa honcho dan truman determines only way stop drill surface detonate nuclear bomb leads renowned driller harry stamper agrees helm dangerous space mission provided bring along own hotshot crew among cocksure harry thinks isnt good enough daughter until mission proves otherwise
944,Lethal Weapon 4,Action Adventure Comedy Crime Thriller,combustible action franchises final installment maverick detectives martin riggs roger murtaugh square off against asian mobster wah sing whos neck slave trading counterfeit currency help gumshoe leo getz smartaleck rookie cop lee butters riggs murtaugh aim take down gang
473,Pi,Mystery Drama Thriller,debut film darren aronofsky mathematical genius maximilian cohen discovers link connection numbers reality thus believes predict future
544,There's Something About Mary,Romance Comedy,having never fully recovered prom date became total disaster man finally gets chance reunite old prom date only run against suitors including sleazy detective hired find
1051,The French Connection,Action Crime Thriller,tough narcotics detective popeye doyle hot pursuit suave french drug dealer key huge heroinsmuggling operation
1366,Rocky,Drama,world heavyweight boxing champion apollo creed wants give unknown fighter shot title publicity stunt handlers choose palooka rocky balboa uneducated collector philadelphia loan shark rocky teams trainer mickey goldmill make lifetime break
606,Out of Africa,Drama,out africa tells story life danish author karen blixen beginning century moved africa build new life herself film based autobiographical novel karen blixen
380,Rain Man,Drama,selfish yuppie charlie babbitts father left fortune savant brother raymond pittance charlie travel crosscountry
466,Klute,Mystery,acclaimed thriller stars jane fonda bree daniel new york city call girl becomes enmeshed investigation disappearance business executive detective john klute hired follow daniel eventually begins romance appears hasnt only person trail becomes clear daniel targeted klute figure out late
2108,The Breakfast Club,Comedy Drama,five high school students different stereotypes meet detention pour hearts out discover lot common thought
4488,Friday the 13th,Horror,camp counselors stalked murdered unknown assailant while trying reopen summer camp site childs drowning
948,Halloween,Horror Thriller,john carpenters horror classic psychotic murderer institutionalized since childhood murder sister escapes stalks bookish teenage girl friends while doctor chases through streets
609,Poltergeist,Horror,steve freeling lives wife diane three children dana robbie carol anne southern california sells houses company built neighborhood starts odd occurrences such broken dishes furniture moving around itself however realizes something truly evil haunts home steve calls team parapsychologists led lesh help late
941,Lethal Weapon,Adventure Action Comedy Thriller Crime,veteran buttoneddown lapd detective roger murtaugh partnered unhinged cop martin riggs distraught wifes death death wish takes unnecessary risks criminals turn odd couple embark first homicide investigation partners involving young woman known murtaugh ties drug prostitution ring
942,Lethal Weapon 2,Action Adventure Comedy Crime Thriller,opening chase martin riggs roger murtaugh stumble across trunk full krugerrands follow trail south african diplomat whos using immunity conceal smuggling operation plants bomb murtaughs toilet action explodes
943,Lethal Weapon 3,Adventure Action Comedy Thriller Crime,archetypal buddy cops riggs murtaugh back another round highstakes action time setting collective sights bringing down former los angeles police lieutenant turned black market weapons dealer lorna cole joins beautiful yet hardnosed internal affairs sergeant catches riggss eye
927,Gremlins,Fantasy Horror Comedy,billy peltzer given strange adorable pet named gizmo christmas inadvertently breaks three important rules caring mogwai unleashes horde mischievous gremlins small town
928,Gremlins 2: The New Batch,Comedy Horror Fantasy,young sweethearts billy kate move big apple land jobs hightech office park soon reunite friendly lovable gizmo series accidents creates whole new generation gremlins situation worsens devilish green creatures invade topsecret laboratory develop genetically altered powers making even harder destroy
19,Metropolis,Drama Science Fiction,futuristic city sharply divided working class city planners son citys mastermind falls love working class prophet predicts coming savior mediate differences
165,Back to the Future Part II,Adventure Comedy Family Science Fiction,marty doc wacky sequel blockbuster timetraveling duo head nip mcfly family woes bud things awry thanks bully biff tannen pesky sports almanac lastditch attempt set things straight marty finds himself bound face face teenage parents
196,Back to the Future Part III,Adventure Comedy Family Science Fiction,final installment back future trilogy finds marty digging trusty delorean out mineshaft looking doc wild west time machine breaks down travelers stranded land spurs problems arise doc falls pretty schoolteacher clara clayton marty tangles buford tannen
551,The Poseidon Adventure,Action Adventure,poseidon adventure one first catastrophe films began disaster film genre director neame tells story group people fight lives aboard sinking ship based novel paul gallico
346,Seven Samurai,Action Drama,samurai answers villages request protection falls hard times town needs protection bandits samurai gathers six others help teach people defend themselves villagers provide soldiers food giant battle occurs bandits attack village
841,Dune,Action Science Fiction Adventure,year world war control desert planet dune only place timetravel substance spice found one leader gives control only stage coup unsavory characters
242,The Godfather: Part III,Crime Drama Thriller,midst trying legitimize business dealings new york italy aging mafia don michael corleone seeks forgiveness sins while taking young protege wing
1411,The Rapture,Mystery Drama,lonely telephone operator leading empty amoral life finds god only faith continually tested ways beyond ever imagined
1779,Roger & Me,Documentary History,documentary closure general motors plant flint michigan resulted loss jobs details attempts filmmaker michael moore get interview ceo roger smith
678,Out of the Past,Drama Mystery Thriller,jeff bailey seems mundane gas station owner remote bridgeport dating local girl ann miller lives quiet life jeff secret past mysterious stranger arrives town jeff forced return dark world tried escape
907,Doctor Zhivago,Drama Romance War,doctor zhivago filmed adapation russian novel boris pasternak director david lean international success today deemed classic omar sharif julie christie play two protagonists fact love yet because current situation cannot find way together
5961,Fanny & Alexander,Fantasy Drama Mystery,through eyes tenyearold alexander witness delights conflicts ekdahl family sprawling bourgeois clan turnofthetwentiethcentury sweden
2887,And the Band Played On,Drama,story discovery aids epidemic political infighting scientific community hampering early fight
97,Tron,Science Fiction Action Adventure,kevin flynn searches proof invented hit video game digitalized laser finds himself inside grid programs suffer tyrannical rule master control program help tron security program flynn seeks free grid mcp
2107,L.A. Story,Comedy Drama Fantasy Romance,help talking freeway billboard wacky weatherman tries win heart english newspaper reporter struggling make sense strange world earlys los angeles
227,The Outsiders,Crime Drama,two poor greasers johnny ponyboy assaulted vicious gang socs johnny kills one attackers tension begins mount two rival gangs setting off turbulent chain events
87,Indiana Jones and the Temple of Doom,Adventure Action,arriving india indiana jones asked desperate village find mystical stone agrees stumbles upon secret cult plotting terrible plan catacombs ancient palace
123,The Lord of the Rings,Fantasy Drama Animation Adventure,fellowship ring embark journey destroy one ring end saurons reign middleearth
2907,The Addams Family,Horror Comedy Fantasy,uncle fester missing years evil doctor finds out introduces fake fester attempt get adams familys money youngest daughter doubts new uncle fester fake uncle adapts well strange family doctor carry out evil plans take adams familys fortune
4978,An American Tail,Drama Family Animation Adventure,young mouse named fievel family decide migrate america land without cats turn century somehow fievel ends new world alone fend off only felines never thought hed deal loneliness away home
805,Rosemary's Baby,Horror Drama Mystery,young couple moves infamous new york apartment building start family things become frightening rosemary begins suspect unborn baby isnt safe around strange neighbors
2182,Attack of the Killer Tomatoes!,Comedy Horror Science Fiction,attack killer tomatoes comedy film directed john bello starring david miller film spoof bmovies made budget less usd story involves tomatoes becoming sentient unknown means revolting against humanity
4011,Beetlejuice,Fantasy Comedy,thanks untimely demise via drowning young couple end poltergeists new england farmhouse fail meet challenge scaring away insufferable new owners want make drastic changes desperation undead newlyweds turn expert frightmeister hes got diabolical agenda own
1580,Rope,Crime Drama Mystery Thriller,two young men strangle inferior classmate hide body apartment invite friends family dinner party means challenge perfection crime
2370,Topaz,Action Drama Mystery Thriller,french intelligence agent becomes embroiled cold war politics first uncovering events leading cuban missle crisis back france break international russian spy ring
5780,Torn Curtain,Mystery Thriller,american scientist publicly defects east germany part cloak dagger mission find solution formula resin figuring out plan escape back west
506,Marnie,Crime Drama Mystery Thriller,marnie beautiful kleptomaniac love businessman mark rutland marnie compulsive thief watched new boss mark suspects stealing thus decides blackmail unusual way psychological thriller alfred hitchcock based novel same name winston graham
574,The Man Who Knew Too Much,Adventure Crime Drama Mystery Thriller,widescreen technicolor remake hitchcock film same title couple james stewart doris day vacationing morocco young son accidentally stumble upon assassination plot child kidnapped ensure silence take matters own hands save
1978,Stage Fright,Thriller,struggling actress tries help friend prove innocence hes accused murdering husband high society entertainer
3682,54,Music Drama,shane jersey boy big dreams crosses river hopes finding exciting life studio steve rubell mastermind behind infamous disco plucks shane sea faces clamoring get inside club shane only gets foot door lands coveted job behind bar frontrow seat legendary party planet
117,The Untouchables,Crime Drama History Thriller,young treasury agent elliot ness arrives chicago determined take down capone going easy because capone police pocket ness meets jimmy malone veteran patrolman probably honorable one force asks malone help get capone malone warns goes capone going war
940,The Lady Vanishes,Mystery Thriller,train headed england group travelers delayed avalanche holed hotel fictional european country young iris befriends elderly miss froy train resumes iris suffers bout unconsciousness wakes find old woman disappeared passengers ominously deny miss froy ever existed iris begins investigate another traveler pair sleuth romantic sparks fly
2762,Young and Innocent,Drama Crime,derrick marney finds himself steps situation wrongly accused murder while fugitive law marney helped heroine nova pilbeam three years earlier played adolescent kidnap victim hitchcocks man knew much obligatory fish out water scene principals briefly slowed down banal everyday event occurs during childs birthday party actual villain whose identity never doubt hitchcock made thrillers mysteries played george curzon suffers twitching eye curzons revelation during elaborate nightclub sequence hitchcockian tour force sort virtuoso sequence taken granted days flexible cameras computer enhancement took great deal time patience talent pull off released girl young young innocent based novel josephine tey
2761,Secret Agent,Thriller,three british agents assigned assassinate mysterious german spy during world war two become ambivalent duty mission conflicts consciences
543,Blackmail,Drama Thriller Crime,alices boyfriend frank scotland yard detective seems interested police work agrees out another man attacks defends herself kills body discovered frank assigned case quickly discovers alice killer someone else threatening blackmail
431,Cube,Thriller Science Fiction Mystery,seven strangers taken out daily lives placed mysteriously deadly cube agree find way out
3525,Working Girl,Comedy Drama Romance,witty romantic look life corporate jungle tess mcgill ambitious secretary unique approach climbing ladder success classy villainous boss breaks leg skiing tess takes office apartment even wardrobe creates deal handsome investment banker either take top finish off good
2321,Married to the Mob,Comedy Crime Romance,angela marco fed gangster husbands line work wants part crime world husband killed having affair mistress mob boss tony tiger russo angela son depart new york city make fresh start unfortunately tony set sights upon angela undercover fbi agent looking use bust tony
2028,Say Anything...,Comedy Drama Romance,budding romance noble underachiever lloyd dobler high school valedictorian diane court threatened dianes overly possessive disapproving father interferes relationship prized scholarship study abroad hanging balance diane find way make men happy
5971,We're No Angels,Comedy Crime Drama,two escaped cons only prayer escape pass themselves off priests pass police blockade border safety canada
881,A Few Good Men,Drama,cocky military lawyer daniel kaffee cocounsel cmdr joanne galloway assigned murder case uncover hazing ritual implicate highranking officials such shady col nathan jessep
4478,Indecent Proposal,Drama,robert redford stars billionaire john gage offers downonhisluck yuppie husband woody harrelson million opportunity spend night mans wife demi moore
2109,Rush Hour,Action Comedy Crime Thriller,hong kong inspector lee summoned los angeles investigate kidnapping fbi doesnt want outside help assigns cocky lapd detective james carter distract lee case content watch action sidelines lee carter form unlikely partnership investigate case themselves
8195,Ronin,Action Thriller Crime Adventure,briefcase undisclosed contents sought irish terrorists russian mob makes way criminals hands irish liaison assembles squad mercenaries ronin gives thorny task recovering case
1091,The Thing,Horror Mystery Science Fiction,scientists antarctic confronted shapeshifting alien assumes appearance people kills
162,Edward Scissorhands,Fantasy Drama Romance,small suburban town receives visit castaway unfinished science experiment named edward
8916,Antz,Adventure Animation Comedy Family,animated hit neurotic worker ant love rebellious princess rises unlikely stardom switches places soldier signing march parade ends command bloodthirsty general hes actually enlisted fight against termite army
4975,Love Is the Devil: Study for a Portrait of Francis Bacon,TV Movie Drama,biography british painter francis bacon movie focuses relationship george dyer lover dyer former small time crook
4437,2010,Thriller Science Fiction,sequel space odyssey now americans russians racing get jupiter investigate black monolith similar one found lunar crater clavius found uss discovery orbit around jupiters moons uss discoverys orbit rapidly decaying crash americans cannot get time save uss discovery russians get jupiter time only americans knowledge access awaken uss discoverys hal sentient computer forces joint americansoviet space expedition against backdrop growing global tensions combined expedition seeking answers several mysteries significance black monolith hal act bizarrely terminate uss discoverys crew happened david bowman along way curious data detected
1955,The Elephant Man,Drama History,victorian surgeon rescues heavily disfigured man mistreated owner sideshow freak behind monstrous façade revealed person great intelligence sensitivity based true story joseph merrick called john merrick film severely deformed man century london
2657,Pleasantville,Fantasy Drama Comedy,geeky teenager david popular twin sister jennifer get sucked blackandwhite world sitcom called pleasantville find world everything peachy keen time jennifers modern attitude disrupts pleasantvilles peaceful boring routine literally brings color life
637,Life Is Beautiful,Comedy Drama,touching story italian book seller jewish ancestry lives own little fairy tale creative happy life come abrupt halt entire family deported concentration camp during world war while locked tries convince son whole thing game
73,American History X,Drama,derek vineyard paroled serving years prison killing two thugs tried break intosteal truck through brother danny vineyards narration learn going prison derek skinhead leader violent white supremacist gang committed acts racial crime throughout actions greatly influenced danny reformed fresh out prison derek severs contact gang becomes determined keep danny going down same violent path
3033,Gods and Monsters,Drama,whales heyday director frankenstein bride frankenstein invisible man long behind retired semirecluse lives days accompanied only images past dour housekeeper hannah hires handsome young gardener flamboyant director simple yard man develop unlikely friendship change forever
4518,Elizabeth,Drama History,story ascension throne early reign queen elizabeth first endless attempts council marry off catholic hatred romance lord robert dudley
3600,I Still Know What You Did Last Summer,Horror Mystery Thriller,unfinished business coed julie james brings murderer bahamas terrorize friends karla tyrell during vacation ray bronson survived bloody attack alongside julie two summers ago get island time save everyone
2042,Savior,History Drama War,hardened mercenary foreign legion begins find own humanity confronted atrocities during fighting bosnia
309,The Celebration,Drama,grandiose party celebrate sixtieth birthday unleashes family drama lies conceal horrendous secrets eldest son christian stages showdown popular pater familias provocative moving afterdinner speech dislodges masks finally fall completely fatherson conflict intensifies bewildered guests look
1678,Godzilla,Thriller Horror Science Fiction,japan thrown panic several ships explode sunk near odo island expedition island led paleontologist professor kyohei yemani soon discover something devastating imagined form foot tall monster natives call gojira now monster begins rampage threatens destroy only japan rest world well
1680,King Kong vs. Godzilla,Action Adventure Science Fiction,year hiatus godzilla returned screen take king kong film godzilla franchise pharmaceutical company captures king kong brings japan escapes captivity battles recently revived godzilla
8130,Desperately Seeking Susan,Comedy,roberta bored suburban housewife fascinated woman susan only knows reading messages personals section newspaper fascination reaches peak headline desperately seeking susan proposes rendezvous roberta goes series events involving amnesia mistaken identity steps susans life
707,A View to a Kill,Adventure Action Thriller,newly developed microchip designed zorin industries british government survive electromagnetic radiation caused nuclear explosion landed hands kgb james bond find out suspicions soon lead big industry leader max zorin
1934,Shakespeare in Love,Romance History,young shakespeare forced stage latest comedy romeo ethel pirates daughter even written lovely noblewoman auditions role fall forbidden love play finds new life title relationship progresses shakespeares comedy soon transforms tragedy
8879,Pale Rider,Romance Western,small gold mining camp terrorised ruthless land owner wanting take land clint eastwood arrives riding pale horse young girl praying god help miners revealed preacher mysterious possible otherworldly origins teams miners defeat land owner corrupt sheriff
1369,Rambo: First Blood Part II,Action Adventure Thriller War,john rambo released prison government topsecret covert mission last place earth hed want return jungles vietnam
1370,Rambo III,Action Adventure Thriller War,combat taken toll rambo hes finally begun find inner peace monastery rambos friend mentor col trautman asks help top secret mission afghanistan rambo declines reconsider trautman captured
1367,Rocky II,Drama,rocky goes distance champ apollo creed try put fight behind move rocky settles down adrian cant put life together outside ring while creed seeks rematch restore reputation soon enough master disaster italian stallion set collision course climactic battle brutal unforgettable
1371,Rocky III,Drama,now world champion rocky balboa living luxury only fighting opponents pose threat ring lifestyle wealth idleness shaken powerful young fighter known clubber lang challenges bout taking pounding lang humbled champ turns former bitter rival apollo creed help regain form rematch lang
1374,Rocky IV,Drama,rocky come out retirement battle gargantuan soviet fighter named drago brutally punished rockys friend former rival apollo creed seeking revenge name fallen comrade country rocky agrees fight drago moscow christmas bout changes fighters world
1375,Rocky V,Drama,lifetime taking shots ended rockys career crooked accountant left broke inspired memory trainer however rocky finds glory training takes upandcoming boxer
1885,The Karate Kid,Drama,hassled school bullies daniel larusso share adolescent woes luckily apartment building houses resident martial arts master kesuke miyagi agrees train daniel ends teaching much selfdefense armed newfound confidence skill wisdom daniel ultimately faces off against tormentors hugely popular classic underdog tale
1363,The Hi-Lo Country,Drama Action Western Romance,intimate story enduring bond friendship two hardliving men set against sweeping backdrop american west postworld war twilight pete big boy masters prairie ultimately face trickier terrain human heart
2620,Armed and Dangerous,Action Comedy Crime,dooley cop wrongly sacked corruption teams useless defence lawyer new careers security guards two made fall guys robbery location guarding pair begin investigate corruption within company union soon make enemies everyone unlikely duo save day
6187,Dry Cleaning,Drama,bored couple takes young man turns lives inside out
8129,My Name Is Joe,Drama Romance,two thirtysomethings unemployed former alcoholic joe community health worker sarah start romantic relationship one toughest glasgow neighbourhoods
2112,Payback,Drama Action Thriller Crime,friends like needs enemies thats question bad guy porter left asking wife partner steal heist money leave dead think five months endless reservoir bitterness later porters partners crooked cops tail learn bad payback
1542,Office Space,Comedy Crime,three office workers strike back evil employers hatching hapless attempt embezzle money
26425,Just the Ticket,Comedy Romance,gary starke one best ticket scalpers new york city girlfriend linda doesnt approve criminal lifestyle though dumps gets opportunity study cooking paris gary realizes give scalping chance winning back wants cash out one last big score gets chance pope announces hell performing easter mass yankee stadium
2362,Westworld,Action Adventure Drama Horror Science Fiction Thriller Western,futuristic resort wealthy patrons visit recreations different time periods experience wildest fantasies lifelike robots richard benjamin opts wild west gets bargained gunslinger robot goes berserk
1688,Conquest of the Planet of the Apes,Action Science Fiction,futuristic world embraced ape slavery caesar son late simians cornelius zira surfaces almost twenty years hiding out authorities prepares slave revolt against humanity
1687,Escape from the Planet of the Apes,Action Science Fiction,world shocked appearance two talking chimpanzees arrived mysteriously spacecraft become toast society one man believes threat human race
100,"Lock, Stock and Two Smoking Barrels",Comedy Crime,card sharp unwillinglyenlisted friends need make lot cash quick losing sketchy poker match decide pull heist smalltime gang happen operating out flat next door
1641,Forces of Nature,Romance Comedy,ben holmes professional bookjacket blurbologist trying get savannah wedding barely catches last plane seagull flies engine plane taking off later flights cancelled because approaching hurricane forced hitch ride geo metro attractive eccentric woman named sara
4951,10 Things I Hate About You,Comedy Romance Drama,bianca tenth grader never gone date isnt allowed out boys until older sister kat gets boyfriend problem kat rubs nearly everyone wrong way bianca guy eye joey eager joey fixes kat patrick new kid town bitter enough kat
8970,The Out-of-Towners,Comedy,remake neil simon comedy follows adventures couple henry nancy clark vexed misfortune while new york city job interview
1414,Lovers of the Arctic Circle,Drama Mystery Romance,otto ana kids meet names palindromes meet chance people related chance story circular lives circular names circular place círculo polar day never ends midnight sun things never end love one
1902,Open Your Eyes,Drama Thriller,handsome man finds love life suffers accident needs face rebuilt surgery severely disfigured
1946,eXistenZ,Action Thriller Science Fiction Horror,game designer run assassins play latest virtual reality creation marketing trainee determine game damaged
1844,Entrapment,Romance Drama Mystery,two thieves travel elegant circles try outsmart process end falling love
6552,Idle Hands,Thriller Comedy Horror,anton cheerful exceedingly nonambitious yearold stoner lives stay buzzed watch moon molly beautiful girl lives next door however turns out old cliché idle hands devils playground kernel truth
3309,Mildred Pierce,Crime Drama,cheating husband leaves mildred pierce proves become independent successful cant win approval spoiled daughter
1924,Superman,Action Adventure Fantasy Science Fiction,mildmannered clark kent works reporter daily planet alongside crush lois lane whos love superman clark summon superhero alter ego nefarious lex luthor launches plan take world
30793,House of Dracula,Horror Science Fiction,scientist working cures rare afflictions such bone softening agent made molds allow correct spinal deformity nurse finds physical causes lycanthropy wolfman larry talbot vampirism count dracula himself becomes afflicted homicidal madness while exchanging blood dracula
3103,House of Frankenstein,Fantasy Horror Science Fiction Thriller,evil scientist hunchback escape prison encounter dracula wolf man frankensteins monster
3035,Frankenstein,Drama Horror Science Fiction,henry frankenstein doctor trying discover way make dead walk succeeds creates monster deal living
3077,Son of Frankenstein,Horror Science Fiction,wolf frankenstein son henry frankenstein returns wife fathers estate claim inheritance arrives family recieves hostile reception locals while exploring fathers laboratory comes across crooked blacksmith ygor asks revive fathers creation monster lying coma wolf tries revive monster believes fails locals found murdered soon happened part jury sent ygor gallows villagers immediately connect killings frankenstein send inspector investigate discovers monster alive used tool ygor wolf fit madness shoots ygor enraged monster losing only friend kidnaps wolfs son end wolf tracks monster lab swings down chain knocking monster sulpher pit thus demise
3074,The Ghost of Frankenstein,Fantasy Horror Science Fiction,ygor discovers frankensteins creation still alive brings doctors son ludwig help obsessed restoring monster full potential ludwig unaware someone devious plans creature
3076,Frankenstein Meets the Wolf Man,Fantasy Horror Science Fiction,graverobbers open grave wolfman awake doesnt like idea immortal killing people moon full tries find frankenstein hopes cure frankenstein dead only monster alive one wants live die like wolfman
3079,The Curse of Frankenstein,Horror Science Fiction,baron victor frankenstein discovered lifes secret unleashed bloodcurdling chain events resulting creation cursed creature horrid face tendency kill
8974,The War of the Worlds,Horror Science Fiction Thriller,residents small town excited flaming meteor lands hills joy shortlived discover passengers friendly
509,Notting Hill,Romance Comedy Drama,british comedy director roger michell tells love story famous actress simple book seller london look attempt famous people personal private life ramifications follow nominated three golden globes
1090,The Thirteenth Floor,Thriller Science Fiction Mystery,computer scientist hannon fuller discovered something extremely important hes tell discovery colleague douglas hall knowing someone old man leaves letter computer generated parallel world thats like seemingly real people real emotions
2275,The General's Daughter,Crime Drama Mystery Thriller,body army capt elizabeth campbell found georgia military base two investigators warrant officers paul brenner sara sunhill ordered solve murder uncover anything clearcut unseemly details emerge campbells life leading allegations possible military coverup death involvement father gen joseph campbell
104,Run Lola Run,Action Drama Thriller,lola receives phone call boyfriend manni lost subway train belongs bad guy minutes raise amount meet manni otherwise rob store get money three different alternatives happen depending minor event along lolas run
8487,Wild Wild West,Action Adventure Comedy Science Fiction Western,legless southern inventor arliss loveless plans rekindle civil war assassinating president grant only two men stop gunfighter james west masterofdisguise inventor artemus gordon two team thwart loveless plans
2767,Les Amants du Pont-Neuf,Drama Romance,set against paris oldest bridge pont neuf while closed repairs film love story two young vagrants alex circus performer addicted alcohol sedatives michele painter driven life streets because failed relationship affliction slowly turning blind
2105,American Pie,Comedy Romance,highschool party four friends find losing collective virginity isnt easy thought still believe need college motivate themselves enter pact score senior prom
1073,Arlington Road,Drama Thriller Mystery,threats sinister foreign nationals arent only thing fear bedraggled college professor michael faraday vexed increasingly paranoid since wifes accidental death botched fbi operation takes backseat seemingly allamerican couple set house next door
345,Eyes Wide Shut,Mystery Drama,bill hartfords wife alice admits having sexual fantasies man met bill becomes obsessed having sexual encounter discovers underground sexual group attends one meetings quickly discovers head
620,Ghostbusters,Comedy Fantasy,losing academic posts prestigious university team parapsychologists goes business protonpacktoting ghostbusters exterminate ghouls hobgoblins supernatural pests stripes campaign pays off knockout cellist hires squad purge swanky digs demons appear living refrigerator
2978,Ghostbusters II,Comedy Fantasy,five years defeated gozer ghostbusters out business dana begins ghost problems boys come out retirement aid hopefully save new york city new paranormal threat
332,Inspector Gadget,Action Adventure Comedy Family,john brown bumbling wellintentioned security guard badly injured explosion planned evil mastermind taken laboratory brenda leading robotics surgeon replaces damaged limbs stateoftheart gadgets tools named inspector gadget press john along niece penny trusty dog brain uses new powers discover behind explosion
1812,Trick,Comedy Romance,misadventures two young gay men trying find place alone one night manhattan gabriel aspiring writer broadway musicals meets mark muscled stripper picks subway spend night trying find somewhere alone forced contend gabriels selfish roommate irritating best friend vicious jealous drag queen gay dance club sun rises promising new relationship trick american independent gaythemed romantic comedy directed jim fall trick appeared sundance berlin film festivals filming completed less three weeks august
8914,Deep Blue Sea,Action Science Fiction Thriller,remote former submarine refueling facility called aquatica team scientists searching cure alzheimers disease susan mcalester genetically engineers three mako sharks intending increase brain capacity harvest tissue cure alzheimers unfortunately increased brain capacity makes sharks smarter faster dangerous aquaticas financial backers skeptical nervous tests send corporate executive visit facility
4806,Runaway Bride,Comedy Romance,ike graham new york columnist writes text always last minute time drunken man favourite bar tells ike maggie carpenter woman always flees grooms last possible moment ike best opinion females anyway writes offensive column without researching subject thoroughly
247,The Killing,Drama Action Thriller Crime,killing stanley kubricks first film professional cast first time achieved public recognition unconventional director hes now known story exprisoners plan set racetrack live life without monetary worries one exceptional films
802,Lolita,Drama Romance,humbert humbert middleaged british novelist appalled attracted vulgarity american culture comes stay boarding house run charlotte haze soon becomes obsessed lolita womans teenaged daughter
3175,Barry Lyndon,Drama Romance War,eighteenth century small village ireland redmond barry young farm boy love cousin nora brady nora engages british captain john quin barry challenges duel pistols wins escapes dublin robbed road without alternative barry joins british army fight seven years war
147,The 400 Blows,Drama,young parisian boy antoine doinel life one difficult situation another surrounded inconsiderate adults including neglectful parents antoine spends days best friend rene trying plan better life one schemes goes awry antoine ends trouble law leading even conflicts unsympathetic authority figures
2115,Light of Day,Music Drama,fox jett play brother sister lead performers rock band barbusters cleveland ohio sister patti rasnick unmarried mother troubled relationship own mother deeply religious estranged parents struggling make ends meet patti decides dive headlong carefree rock music lifestyle brother joe rasnick pulls away rock music provide stability young nephew takes family crisis bring patti back home force face prickly past mother
3526,Frances,Drama,true story frances farmers meteoric rise fame hollywood tragic turn life took blacklisted
745,The Sixth Sense,Mystery Thriller Drama,psychological thriller eight year old boy named cole sear believes see world dead child psychologist named malcolm crowe comes cole help deal problem learning really see ghosts dead people
913,The Thomas Crown Affair,Drama Crime Romance,rich successful playboy amuses himself stealing artwork met match seductive detective
912,The Thomas Crown Affair,Romance Crime Thriller Drama,young businessman thomas crown bored decides plan robbery assigns professional agent right information job however crown soon betrayed yet cannot blow cover because hes love
813,Airplane!,Comedy,alcoholic pilot ted striker developed fear flying due wartime trauma nevertheless boards passenger jet attempt woo back stewardess girlfriend food poisoning decimates passengers crew leaving striker land plane help gluesniffing air traffic controller strikers vengeful former air force captain talk down
2280,Big,Fantasy Drama Comedy Romance Family,young boy josh baskin makes wish carnival machine big wakes following morning find granted body grown older overnight still same yearold boy inside now learn cope unfamiliar world grownups including getting job having first romantic encounter woman find out strange world
850,A Christmas Story,Comedy Family,comic mishaps adventures young boy named ralph trying convince parents teachers santa red ryder gun really perfect christmas gift
2038,Iron Eagle III,Action Thriller,chappy discovers drugsmuggling scheme own air base turns out lives village people peru stake decides fly ancient airplanes friends free
1911,The 13th Warrior,Adventure Fantasy Action,arab courtier ahmad ibn fadlan accompanies party vikings barbaric north combat terror slaughters vikings devours flesh
2900,The Astronaut's Wife,Drama Science Fiction Thriller,astronaut spencer armacost returns earth mission nearly cost life decides take desk job order see beautiful wife jillian often gradually jillian notices spencers personality seems changed concerns fade discovers shes pregnant jillian grows closer becoming mother suspicions spencer return seem hes different person
6373,The Very Thought of You,Comedy Romance,laurence recounts neighbour life long friendship frank daniel overturned three days independently meeting falling martha idea connection slowly tale unfolds narrative moving backwards forwards gradually filling gaps until see whole picture
2162,Chill Factor,Action Comedy Thriller,store clerk ice cream truck driver thrown together dying scientist entrusts deadly chemical kept ice chemical kill living thing melts take chemical codenamed elvis next nearest military base while chased terrorists want hold country ransom
4338,I Woke Up Early The Day I Died,Comedy,mental patient escapes looney bin drag robs bank goes lam
14,American Beauty,Drama,lester burnham depressed suburban father midlife crisis decides turn hectic life around developing infatuation daughters attractive friend
704,A Hard Day's Night,Comedy Music,capturing john lennon paul mccartney george harrison ringo starr electrifying element hard days night wildly irreverent journey through pastiche day life beatles during band use guile wit avoid pursuing fans press reach scheduled television performance spite pauls troublemaking grandfather ringos arrest
1049,Sommersby,Drama Thriller Mystery Romance,set south united states civil war laurel sommersby managing work farm without husband jack believed killed civil war accounts jack sommersby pleasant man thus returns laurel mixed emotions appears jack changed great deal leading people believe actually jack imposter laurel herself unsure willing take man home perhaps later heart
2290,Jakob the Liar,Comedy Drama History,poland jewish shop keeper named jakob summoned ghetto headquarters caught out curfew while waiting german kommondant jakob overhears german radio broadcast russian troop movements returned ghetto shopkeeper shares information friend rumors fly secret radio within ghetto
861,Total Recall,Action Adventure Science Fiction,construction worker douglas quaid discovers memory chip brain during virtualreality trip finds past invented conceal plot planetary domination soon hes off mars find out planted chip
2457,Children of Paradise,Drama Romance,filmed during german occupation french milestone centers around theatrical life beautiful courtesan four men love voted best french film history french film academy
4929,Hang 'em High,Western,marshall jed cooper survives hanging vowing revenge lynch mob left dangling carry out oath vengeance returns former job lawman long hes caught nine men hit list starts dispensing own brand wild west justice
851,Brief Encounter,Drama Romance,returning home shopping trip nearby town bored suburban housewife laura jesson thrown happenstance acquaintance virtuous doctor alec harvey casual friendship soon develops during weekly visits something emotionally fulfilling either expected wrestle potential havoc deepening relationship lives lives love
3086,The Lady Eve,Comedy Romance,returning year amazon studying snakes rich unsophisticated charles pike meets conartist jean harrington ship fall love misunderstanding causes split bad terms get back jean disguises herself english lady comes back tease torment
535,Flashdance,Drama Music Romance,popular dance movie depicts life exotic dancer side job welder true desire get ballet school dream professional dancer now chance film great soundtrack oscar winning song
2731,Indochine,Drama Romance,story starts one largest rubbertree plantations indochine vietnam plantation owned french colonist eliane proud woman lives father native adoptive daughter camille doesnt husband man life apart father gets know young officer jeanbaptiste want buy same painting auction short affair refuses see meantime camille fallen love jeanbaptiste eliane knows makes sure hes sent one desolate outposts remote island making sure two never see camille choice marry man promised meantime starts search find man really loves
1654,The Dirty Dozen,Action Adventure War,american military prisoners world war ordered infiltrate wellguarded enemy château kill nazi officers vacationing soldiers facing death sentences variety violent crimes agree mission possible commuting sentences
391,A Fistful of Dollars,Western,man name enters mexican village san miguel midst power struggle among three rojo brothers sheriff john baxter regiment mexican soldiers bearing gold intended pay new weapons waylaid rojo brothers stranger inserts himself middle longsimmering battle selling false information sides own benefit
550,Fight Club,Drama,tickingtimebomb insomniac slippery soap salesman channel primal male aggression shocking new form therapy concept catches underground fight clubs forming town until eccentric gets way ignites outofcontrol spiral toward oblivion
1610,Fever Pitch,Comedy Romance,romantic comedy man woman football team based nick hornbys best selling autobiographical novel fever pitch english teacher paul ashworth believes long standing obsession arsenal serves well meets sarah relationship develops tandem arsenals roller coaster fortunes football league leading nail biting climax
5548,RoboCop,Action Thriller Science Fiction,violent nearapocalyptic detroit evil corporation omni consumer products wins contract city government privatize police force test crimeeradicating cyborgs company leads street cop alex murphy armed confrontation crime lord boddicker use body support untested robocop prototype robocop learns companys nefarious plans turns masters
709,Licence to Kill,Adventure Action Thriller,james bond american colleague felix leiter arrest drug lord sanchez succeeds escaping takes revenge felix wife bond knows one thing revenge
253,Live and Let Die,Adventure Action Thriller,james bond investigate mysterious murder case british agent new orleans soon finds himself against gangster boss named big
492,Being John Malkovich,Fantasy Drama Comedy,spike jonzes debut feature film love story mix comedy fantasy story unsuccessful puppeteer named craig one day work finds portal head actor john malkovich portal soon becomes passion anybody enters mad controlling world overtaking another human body
2020,The Bachelor,Comedy,jimmie seeing single friends get married one one isnt worried until girlfriend anne catches bouquet friend marcos wedding suddenly wild mustang days numbered finally decides propose sticks foot mouth botches proposal insulted defeatist proposal anne leaves town assignment shes gone finds out recentlydeceased grandfathers stipulates gets nothing multimillion dollar fortune unless hes married birthday tomorrow able find anne jimmie begins backtracking through past girlfriends find wife
1694,Re-Animator,Science Fiction Comedy Horror,dedicated student medical college girlfriend become involved bizarre experiments centering around reanimation dead tissue odd new student arrives campus
37853,Mister Roberts,Comedy Drama Family War,hilarious heartfelt military comedydrama codirected john ford mervyn leroy mister roberts stars henry fonda officer whos yearning battle stuck backwaters world war noncommissioned navy ship run bullying capt morton james cagney jack lemmon enjoys starmaking turn freewheeling ensign pulver william powell stars ships doctor last screen role based novel same name thomas heggen broadway play written thomas heggen joshua logan henry fonda starred original broadway production warner bros didnt want fonda star film thought old stage player long years longer box office material however john ford insisted fonda company eventually agreed
1621,Trading Places,Comedy,snobbish investor wily street conartist find positions reversed part bet two callous millionaires
4203,Women on the Verge of a Nervous Breakdown,Comedy Drama,pepa resolves kill herself batch sleepingpilllaced gazpacho lover leaves fortunately interrupted deliciously chaotic series events
2690,Irma la Douce,Comedy Romance,nester patou naive police officer transferred red light district paris organizes raid dodgy hotel running brothel inadvertently disrupting corrupt system police pimps union netting station superior fired job nester goes local bar drink befriends pretty young lady named irma douce upon realizing prostitute nester invents crazy scheme keep seeing men
2668,Sleepy Hollow,Drama Fantasy Thriller Mystery,new york detective ichabod crane sent sleepy hollow investigate series mysterious deaths victims found beheaded locals believe culprit none ghost legendary headless horseman
99,All About My Mother,Comedy Drama,single mother madrid sees only son die birthday runs seek actress autograph beside herself grief returns barcelona tell boys father death son never knew
596,The Grapes of Wrath,Drama,tom joad returns home jail sentence find family kicked out farm due foreclosure catches uncles farm joins next day head california new life hopefully
293,A River Runs Through It,Drama,river runs through cinematographically stunning true story norman maclean story follows norman brother paul through experiences life growing love fly fishing keeps together despite varying life circumstances untamed west montana
2924,Backdraft,Action Crime Drama Mystery Thriller,say blast flames take life hide secret now firemen brothers brian stephen mccaffrey battling past slights while trying stop arsonist diabolical agenda torching chicago
177,The Fisher King,Comedy Drama,two troubled men face terrible destinies events past join together mission find holy grail thus save themselves
497,The Green Mile,Fantasy Drama Crime,supernatural tale set death row southern prison gentle giant john coffey possesses mysterious power heal peoples ailments cellblocks head guard paul edgecomb recognizes coffeys miraculous gift tries desperately help stave off condemned mans execution
334,Magnolia,Drama,epic mosaic many interrelated characters search happiness forgiveness meaning san fernando valley
926,Galaxy Quest,Comedy Family Science Fiction,stars scifi show now scraping living through reruns scifi conventions beamed aboard alien spacecraft believing casts heroic onscreen dramas historical documents reallife adventures band aliens turn ailing celebrities help quest overcome oppressive regime solar system
1213,The Talented Mr. Ripley,Thriller Crime Drama,tom ripley calculating young man believes better fake somebody real nobody opportunity knocks form wealthy shipbuilder hires tom travel italy bring back playboy son dickie ripley worms way idyllic lives dickie girlfriend plunging daring scheme duplicity lies murder
632,Stalag 17,Comedy Drama War,dreary christmas american pows stalag men barracks sergeants deal grave problem seems security leak germans always seem forewarned escapes recent attempt two men manfredi johnson walked straight trap killed barracks especially loudmouthed duke leaker obvious sefton wheelerdealer doesnt hesitate trade guards acquired goods privileges prisoner seems sefton denies giving germans information makes quite clear intention ever trying escape plans ride out war little comfort arrange doesnt extend spying germans
2990,Pacific Heights,Crime Thriller,couple works hard renovate dream house become landlords pay unfortunately one tenants plans own
1883,Malcolm X,Drama History,biopic controversial influential black nationalist leader
2005,Sister Act,Music Comedy,reno singer witnesses mob murder cops stash nunnery protect hitmen mother superior trust takes steps limit influence nuns eventually singer rescues failing choir begins helping community projects gets interview
8873,Wayne's World 2,Music Comedy,message jim morrison dream prompts cable access stars wayne garth put rock concert waynestock aerosmith headliners amid preparations wayne frets record producer putting moves girlfriend cassandra while garth handles advances megababe honey hornee
619,The Bodyguard,Thriller Action Drama Music Romance,former secret service agent grudgingly takes assignment protect pop idol whos threatened crazed fan first safetyobsessed bodyguard selfindulgent diva totally clash long tension sparks fireworks another sort loveaverse tough guy torn duty romance
1923,Twin Peaks: Fire Walk with Me,Drama Mystery,questionable town deer meadow washington fbi agent desmond inexplicably disappears while hunting man murdered teen girl killer never apprehended experiencing dark visions supernatural encounters agent dale cooper chillingly predicts culprit claim another life meanwhile cozy town twin peaks hedonistic beauty laura palmer hangs lowlifes seems destined grisly fate
4234,Scream 3,Horror Mystery,murdering spree begins happen time targeted toward original woodsboro survivors associated movie inside movie stab sydney face demons past stop killer
1907,The Beach,Drama Adventure Romance Thriller,twentysomething richard travels thailand finds himself possession strange map rumours state leads solitary beach paradise tropical bliss excited intrigued sets out find
2787,Pitch Black,Thriller Science Fiction Action,ship crashlands remote planet marooned passengers soon learn escaped convict riddick isnt only thing fear deadly creatures lurk shadows waiting attack dark planet rapidly plunging utter blackness total eclipse body count rising doomed survivors forced turn riddick eerie eyes guide through darkness safety time running out theres only one rule stay light
2069,The Whole Nine Yards,Comedy Crime,mobster named jimmy tulip agrees cooperate fbi investigation order stay out prison hes relocated authorities life suburban anonymity part witness protection program long couple new neighbors figure out true identity come knocking see hed one hit suburban style
901,City Lights,Comedy Drama Romance,city lights first silent film charlie chaplin directed established himself sound accompanied films film penniless man falls love flower girl film great success today deemed cult classic
2155,Reindeer Games,Thriller,assuming dead cellmates identity get girlfriend excon finds himself reluctant participant casino heist
1831,The Next Best Thing,Comedy,comedydrama best friends one straight woman abbie gay man robert decide child together five years later abbie falls love straight man wants move away roberts little boy sam nasty custody battle ensues
4816,Ghost Dog: The Way of the Samurai,Crime Drama,africanamerican mafia hit man models himself samurai old finds himself targeted death mob
2193,My Tutor,Comedy Drama Romance,high school senior bobby chrystal fails french class block entering yale rich authoritarian father hires attractive yearold tutor bobby summer help pass makeup exam while bobbys friends lead away strange excursions aimed losing virginity bobby finds extracurricular activities needs new tutor
2067,Mission to Mars,Science Fiction,contact lost crew first mars expedition rescue mission launched discover fate
5693,Hoosiers,Drama Family,high school basketball king smalltown indiana hickory huskers hope talent new coach abrasive unlikable norman dale whips team shape while inciting controversy
287,Bull Durham,Comedy Romance,veteran catcher crash davis brought minor league durham bulls help coming pitching prospect nuke laloosh relationship gets off rocky start complicated baseball groupie annie savoy sets sights two men
968,Dog Day Afternoon,Crime Drama Thriller,man robs bank pay lovers operation turns hostage situation media circus
838,American Graffiti,Comedy Drama,couple high school graduates spend one final night cruising strip buddies off college
3114,The Searchers,Western,civil war veteran spends years searching young niece captured indians motivation becomes increasingly questionable
8989,Harry and the Hendersons,Comedy Family Fantasy,returning hunting trip forest henderson familys car hits animal road first fear man examine body find bigfoot think dead decide take home money guessed isnt dead far ferocious monster fear harry hes friendly giant
32031,Let's Get Harry,Action Adventure,harry burck kidnapped south american terrorists government refuses intervene harrys friends decide take matters own hands
918,Blind Date,Comedy Romance,bachelor walter davis bruce willis set sisterinlaws pretty cousin nadia gates kim basinger seemingly average blind date turns chaotic night town walters brother ted phil hartman tells let nadia drink alcohol dismisses warning behavior gets increasingly wild walter nadias numerous incidents made even worse former lover david john larroquette relentlessly follows around town
2383,The Bear,Adventure Drama Family,orphan bear cub hooks adult male try dodge human hunters
1396,Mirror,Drama History,dying man forties remembers past childhood mother war personal moments things tell recent history russian nation
1541,Thelma & Louise,Drama Thriller Crime Adventure,whilst short weekend getaway louise shoots man tried rape thelma due incriminating circumstances make run thus cross country chase ensues two fugitives along way women rediscover strength friendship surprising aspects personalities selfstrengths trying times
1713,Jungle Fever,Drama Romance,successful married black man contemplates having affair white girl work hes quite rightly worried racial difference make already taboo relationship even worse
996,Double Indemnity,Drama Mystery Thriller,unsuspecting dietrichson becomes increasingly accident prone icily calculating wife encourages sign double indemnity policy proposed smoothtalking insurance agent against backdrop distinctly california settings partners crime plan perfect murder collect insurance perfect until claims manager gets familiar feeling foul play pursues matter relentlessly
1498,Teenage Mutant Ninja Turtles,Science Fiction Action Adventure Comedy Family,quartet mutated humanoid turtles clash uprising criminal gang ninjas
1497,Teenage Mutant Ninja Turtles II: The Secret of the Ooze,Science Fiction Adventure Action Comedy Family,turtles shredder battle time last cannister ooze created turtles shredder wants create army new mutants
1499,Teenage Mutant Ninja Turtles III,Action Adventure Comedy Family Fantasy Science Fiction,four turtles travel back time days legendary deadly samurai ancient japan train perfect art becoming one turtles assist small village uprising
1880,Red Dawn,Action Thriller,mids out sky soviet cuban troops begin landing football field colorado high school seconds paratroops attacked school sent group teenagers fleeing mountains armed only hunting rifles pistols bows arrows teens struggles survive bitter winter soviet kgb patrols hunting
801,"Good Morning, Vietnam",Comedy Drama War,radio funny man adrian cronauer sent vietnam bring little comedy back lives soldiers setting shop cronauer delights gis shocks superior officer sergeant major dickerson irreverent take war while dickerson attempts censor cronauers broadcasts cronauer pursues relationship vietnamese girl named trinh shows horrors war firsthand
2085,Romeo Must Die,Action Crime Thriller,two warring gang families one africanamerican chinese maneuver bragging rights oakland california docks hang sing trish oday uncover trail deceit leaves warring factions dead worse
3082,Modern Times,Drama Comedy,tramp struggles live modern industrial society help young homeless woman
2102,Solar Crisis,Adventure Drama Action Thriller Science Fiction Foreign,huge solar flare predicted fry earth astronauts aboard spaceship helios sun drop bomb equipped artificial intelligence freddy japanese pilot back artificial intelligence fail right time flare point somewhere else
840,Close Encounters of the Third Kind,Science Fiction Drama,encounter ufos line worker feels undeniably drawn isolated area wilderness something spectacular happen
2291,Jacob's Ladder,Drama Mystery Horror,traumatized vietnam war veteran finds out postwar life isnt believes hes attacked horned creatures subway dead son comes visit
879,Hook,Adventure Fantasy Comedy Family,boy wasnt supposed grow uppeter pandid becoming soulless corporate lawyer whose workaholism cost wife kids trip see granny wendy london vengeful capt hook kidnaps peters kids forces peter return neverland lead chance redemption familyoriented fantasy director steven spielberg
593,Solaris,Drama Science Fiction Adventure Mystery,ground control receiving strange transmissions three remaining residents solaris space station cosmonaut psychologist kris kelvin sent investigate experiences strange phenomena afflict solaris crew sending voyage darkest recesses own consciousness based novel same name polish author stanislaw lem
2621,Return to Me,Romance Comedy Drama,took lot cajoling get bob duchovny recently widowed architect blind date quirky irishitalian eatery hes smitten instantly date sharpwitted waitress grace driver everything seems going great until unbelievable truth revealed one easily break hearts good
2006,"Bell, Book and Candle",Fantasy Comedy Romance,modernday witch likes neighbor despises fiancee enchants love instead only fall love real
1552,Parenthood,Comedy Drama Family,story buckman family friends attempting bring children sufferenjoy events occur estranged relatives black sheep family eccentrics skeletons closet rebellious teenagers
1359,American Psycho,Thriller Drama Crime,wealthy new york investment banking executive hides alternate psychopathic ego coworkers friends escalates deeper illogical gratuitous fantasies
4967,Keeping the Faith,Comedy,best friends since kids rabbi jacob schram father brian finn dynamic popular young men living working new yorks upper west side anna reilly childhood friend now grown beautiful corporate executive suddenly returns city reenters jake brians lives hearts vengeance sparks fly unusual complicated love triangle ensues
3536,U-571,Action Drama Thriller War,midst world war battle sea rages nazis upper hand allies unable crack war codes however wrecked uboat sends out sos signal allies realise chance seize enigma coding machine
452,The Idiots,Drama Comedy,first dogma film director lars von trier opens completely new film platform mix homevideo documentary styles film tells story group young people decided get know inneridiots thus only facing breaking outer appearance inner
5241,Two Moon Junction,Drama Romance,young southern débutante temporarily abandons posh lifestyle upcoming semiarranged marriage lustful erotic fling rugged drifter works local carnival
5608,"The Nibelungs, Tale 1: Siegfried",Drama Adventure Fantasy,young hero defeats dragon find acceptance court burgundy
2094,Roustabout,Drama Music Romance,elvis plays badboy singer roaming highways japanese motorcycle laid accident joins carnival owned feisty barbara stanwyck
955,Mission: Impossible II,Adventure Action Thriller,computer genius luther stickell side beautiful thief mind agent ethan hunt races across australia spain stop former imf agent unleashing genetically engineered biological weapon called chimera mission hunt choose accept plunges center international crisis terrifying magnitude
8584,Shanghai Noon,Adventure Action Comedy Western,chon wang clumsy imperial guard trails princess pei pei kidnapped forbidden city transported america wang follows captors nevada teams unlikely partner outcast outlaw roy obannon tries spring princess imprisonment
962,The Gold Rush,Adventure Comedy Drama,lone prospector ventures alaska looking gold gets mixed burly characters falls love beautiful georgia tries win heart singular charm
5483,Lisa and the Devil,Fantasy Horror Science Fiction,lisa tourist ancient city gets lost finds old mansion shelter soon sucked vortex deception debauchery evil presided housekeeper
668,On Her Majesty's Secret Service,Adventure Action Thriller,james bond tracks archnemesis ernst blofeld mountaintop retreat hes training army beautiful lethal women along way bond falls italian contessa tracy draco marries order get closer blofeld meanwhile locates blofeld alps embarks classic ski chase
691,The Spy Who Loved Me,Adventure Action Thriller,russian british submarines nuclear missiles board vanish sight without trace england russia blame james bond tries solve riddle disappearing ships kgb agent case
42002,Anguish,Crime Horror Thriller,gruesome horror film motherfixated ophthalmologists assistant unhealthy interest eyeballs goes killing spree collect human eyeballs mothers collection horror movie viewed small crowd real killer audience begins killing patrons one one paralleling action movie
21,The Endless Summer,Documentary,endless summer bruce brown one first influential surf movies times film documents american surfers mike hynson robert august travel world during californias winter back offseason surfing search perfect wave endless summer
6003,Romeo and Juliet,Drama Romance,director franco zeffirellis beloved version one wellknown love stories english language romeo montague juliet capulet fall love against wishes feuding families driven passion young lovers defy destiny elope only suffer ultimate tragedy
541,The Man with the Golden Arm,Crime Drama Romance,frankie heroin addict sits prison wants different life rehabilitation isnt easy thought director otto preminger films one first social studies addict film
938,For a Few Dollars More,Western,two bounty hunters pursuit indio one wanted fugitives western territories gang
2075,Prizzi's Honor,Romance Comedy Crime Drama,professional hit man hit woman fall love only discover hired kill
26554,Class of Nuke 'Em High,Horror Comedy Science Fiction,pupils high school next nuclear power plant start acting looking strange buying contaminated drugs plant worker
169,Predator 2,Science Fiction Action Thriller,ten years band mercenaries first battled vicious alien invisible creature another world returned earth time drawn gangruled ravaged city los angeles starts murdering drug dealers detectivelieutenant mike harrigan police force set out capture creature ignoring warnings mysterious government agent stay away
8810,Mad Max 2: The Road Warrior,Adventure Action Thriller Science Fiction,max rockatansky returns heroic loner drives dusty roads postapocalyptic australian outback unending search gasoline arrayed against scraggly defendants fueldepot encampment bizarre warriors commanded charismatic lord humungus violent leader whose scruples barren surrounding landscape
1727,Bird on a Wire,Action Adventure Comedy Romance,fbi informant kept new identity secret years now old flame recognised bad guys back revenge
635,Angel Heart,Horror Mystery Thriller,downandout private detective harry angel ordered mysterious man named louis cyphre mission find missing person routine failure soon leads bloody spar himself harry angel goes supernatural journey soul
482,Shaft,Adventure Action Thriller Crime,cool black private eye john shaft hired crime lord find retrieve kidnapped daughter
592,The Conversation,Crime Drama Mystery,surveillance expert harry caul gene hackman hired mysterious clients brusque aide harrison ford tail young couple mark frederic forrest ann cindy williams tracking pair through san franciscos union square caul associate stan john cazale manage record cryptic conversation tormented memories previous case ended badly caul becomes obsessed resulting tape trying determine couple danger
5121,The Sugarland Express,Crime Drama,married smalltime crooks loujean clovis poplin lose baby state texas resolve whatever takes get back loujean gets clovis out jail two steal son foster home addition taking highway patrolman hostage massive dragnet starts pursue across texas couple become unlikely folk heroes even start bond captive policeman
195,Trouble in Paradise,Comedy Romance,trouble paradise one important films actor producer director ernst lubitisch personal favorite films hes made story two thieves fall love begin doing jobs together employment beautiful woman stirs relationship
6978,Big Trouble in Little China,Action Adventure Comedy Fantasy,trucker jack burton agreed take friend wang chi pick fiancee airport never expected get involved supernatural battle good evil wangs fiancee emerald green eyes make perfect target immortal sorcerer pan three invincible cronies pan marry girl green eyes regain physical form
3133,Badlands,Crime Drama,dramatization starkweatherfugate killing spree teenage girl twentysomething boyfriend slaughtered entire family several others dakota badlands
479,Shaft,Action Adventure Crime Thriller,new york police detective john shaft arrests walter wade racially motivated slaying only eyewitness disappears wade jumps bail switzerland two years later wade returns face trial confident money influence get acquitted especially since hes paid drug kingpin kill witness
2123,"Me, Myself & Irene",Comedy,rhode island state trooper charlie baileygates multiple personality disorder one personality crazy aggressive while friendly laid back personalities fall love same woman named irene charlie loses medication
2024,The Patriot,Drama History War Action,proving himself field battle french indian war benjamin martin wants nothing such things preferring simple life farmer son gabriel enlists army defend new nation america against british benjamin reluctantly returns old life protect son
2133,The Perfect Storm,Drama,october confluence weather conditions combined form killer storm north atlantic caught storm swordfishing boat andrea gail magnificent foreshadowing anticipation fill truelife drama while minute details fishing boats gear weather juxtaposed sea adventure
494,Shaft in Africa,Adventure Action Thriller Crime Mystery,detective john shaft travels incognito ethiopia france bust human trafficking ring
493,Shaft's Big Score!,Action Adventure Crime Mystery,john shaft back ladyloved black detective cop search murderer client
4247,Scary Movie,Comedy,following heels popular teenscream horror movies uproarious comedy biting satire marlon shawn wayans shannon elizabeth carmen electra pitch skewer hollywoods biggest blockbusters including scream know last summer matrix american pie blair witch project
1050,Shower,Comedy Drama Foreign,aged father younger mentally challenged son working hard day keep bathhouse running motley group regular customers elder son left years ago seek fortune southern city shenzhen abruptly returns one day puts stress longbroken fatherson ties presented lighthearted comedy shower explores value family friendship tradition
1788,Footloose,Drama Family Music Romance,teenager ren family move bigcity chicago small town west hes real case culture shock
93,Anatomy of a Murder,Crime Drama Mystery Thriller,film pits humble smalltown lawyer against hardheaded big city prosecutor emotions flare jealous army lieutenant pleads innocent murdering rapist seductive beautiful wife
2360,Saving Grace,Crime Comedy,unexpectedly widowed prim proper housewife grace trevethyn finds herself dire financial straits inherits massive debts late husband accruing years faced losing house decides use talent horticulture hatches plan grow potent marijuana sold astronomical price thus solving financial crisis
3110,Shane,Drama Western,weary gunfighter attempts settle down homestead family smouldering settler rancher conflict forces act
26865,X: The Unknown,Horror Science Fiction Mystery,mysterious explosion leaves large fissure ground two young boys confronted unknown phenomenon inflicts severe radiation burns one follows spate attacks radiation establishments inexplicable lifeform plunders radium stores royston expert atomic research brought explain curtail activities alien creature causes disaster
1588,Bring It On,Comedy,toro cheerleading squad rancho carne high school san diego got spirit spunk sass killer routine thats sure land national championship trophy sixth year row newlyelected team captain toros road total cheer glory takes shady turn discovers perfectlychoreographed routines fact stolen
1619,The Way of the Gun,Action Crime Drama Thriller,parker longbaugh pair lowlevel petty criminals living off grid funding existence through unconventional often illegal means wanting move past petty crime vow get proverbial big score
786,Almost Famous,Drama Music,almost famous autobiographical inspired film yearold hired rolling stone magazine follow interview rock band during tour film growing first love disappointment life rock star
16,Dancer in the Dark,Drama Crime Music,selma czech immigrant verge blindness struggles make ends meet herself son inherited same genetic disorder suffer same fate without expensive operation life gets difficult selma learns cope through love musicals escaping lifes troubles even moment dreaming little numbers rhythmic beats surroundings
469,Stranger Than Paradise,Comedy Drama,rootless hungarian émigré willie pal eddie visiting sixteenyearold cousin eva always manage make least situation whether aimlessly traversing drab interiors environs new york city cleveland anonymous florida suburb
2160,Voyage to the Bottom of the Sea,Adventure Drama Science Fiction,crew atomic submarine battle save world global destruction
2161,Fantastic Voyage,Adventure Science Fiction,science miniaturization unlocked army big plans scientist carrying secret process injured surprise attack lifethreatening blood clot puts coma now team adventurers use technology travel inside body destroy clot
911,The Bank Dick,Comedy,egbert sousé becomes unexpected hero bank robber falls bench hes occupying now considered brave egbert given job bank guard soon approached charlatan frothingham waterbury buying shares mining company egbert persuades teller oggilby lend bank money returned scheme pays off unfortunately bank inspector snoopington makes surprise appearance
1485,Get Carter,Crime Thriller,michael caine jack carter smalltime hood working london word reaches brothers death travels newcastle attend funeral refusing accept police report suicide carter seeks out brothers friends acquaintances learn murdered sibling tough gangster film grim humour
1597,Meet the Parents,Comedy Romance,greg focker ready marry girlfriend pam pops question win formidable father humorless former cia agent jack byrnes wedding pams sister greg bends backward make good impression visit byrnes home turns hilarious series disasters everything wrong jacks critical hawklike gaze
2134,The Time Machine,Thriller Adventure Fantasy Science Fiction Romance,victorian englishman travels far future finds humanity divided two hostile species
71,Billy Elliot,Drama Comedy Music,set against background miners strike billy elliot year old boy stumbles out boxing ring onto ballet floor faces many trials triumphs strives conquer familys set ways inner conflict standing toes
1636,Bedazzled,Fantasy Comedy Romance,elliot richardson suicidal techno geek given seven wishes turn life around meets seductive satan catch soul wishes include foot basketball star rock star hamburger expected devil put own little twist fantasies
4327,Charlie's Angels,Action Adventure Comedy Crime Thriller,aspects take hit series similar original show angels dylan natalie alex still work charlie interface bosley still flip hair stop traffic smile kick butt differences unsubtle humor martial arts training hightech premise time theyre hot trail stolen software
4958,The Legend of Bagger Vance,Fantasy Drama,world war left golfer rannulph junuh pokerplaying alcoholic perfect swing gone now however needs get back play tournament save financially ravaged golf course longago sweetheart help arrives form mysterious caddy bagger vance
8870,Red Planet,Thriller Action Science Fiction,astronauts search solutions save dying earth searching mars only mission terribly awry
146,"Crouching Tiger, Hidden Dragon",Adventure Drama Action Romance,two warriors pursuit stolen sword notorious fugitive led impetuous physicallyskilled teenage noblemans daughter crossroads life
2669,The Bounty,Action Drama History,familiar story lieutenant bligh whose cruelty leads mutiny ship version follows efforts fletcher christian get men beyond reach british retribution epic voyage lieutenant bligh get loyalists safely east timor tiny lifeboat
2609,"Planes, Trains and Automobiles",Comedy,man struggle travel home thanksgiving obnoxious slob shower ring salesman only companion
708,The Living Daylights,Action Adventure Thriller,james bond helps russian general escape west soon finds out kgb wants kill helping general little while later general kidnapped secret service leading suspicious
107,Snatch,Thriller Crime,second film british director guy ritchie snatch tells obscure story similar first fastpaced crazy charactercolliding filled film lock stock two smoking barrels two overlapping stories one search stolen diamond boxing promoter whos having trouble psychotic gangster
392,Chocolat,Comedy Drama Romance,fable emotional liberation chocolate mother daughter move small french town open chocolate shop town religious morally strict against represent freethinking indulgence group boat gypsies float down river prejudices mayor leads crisis
8859,"Dude, Where’s My Car?",Comedy,jesse chester two bumbling stoners wake one morning night partying cannot remember parked car encounter variety people while looking including angry girlfriends angry street gang transexual stripper cult alien seeking fanatics aliens human form looking mystical device save destroy world
3981,What Women Want,Comedy Romance,advertising executive nick marshall cocky come happens chauvinistic guy suddenly hear women thinking nick gets passed promotion accident enables hear womens thoughts puts newfound talent work against darcy new boss seems infatuated
711,Finding Forrester,Drama,gus van sant tells story young african american man named jamal confronts talents while living streets bronx accidentally runs old writer named forrester discovers passion writing help new mentor jamal receives scholarship private school
2046,The Gift,Horror Drama Thriller Mystery,local woman disappears police cant seem find leads father turns poor young woman psychic powers slowly starts having visions woman chained pond visions lead body arrest abusive husband really
1900,Traffic,Thriller Drama Crime,exploration united states americas war drugs multiple perspectives new head office national drug control policy war becomes personal discovers welleducated daughter abusing cocaine within comfortable suburban home mexico flawed noble policeman agrees testify against powerful general league cartel san diego drug kingpins sheltered trophy wife learn husbands ruthless business arrested endangering luxurious lifestyle
5955,The Pledge,Crime Drama Mystery Thriller,police chief retire pledges help woman find daughters killer based story swiss writer friedrich dürrenmatt
2613,Prelude to a Kiss,Drama Comedy Romance,couple fall love despite girls pessimistic outlook struggle come terms relationship something supernatural happens tests
2018,The Wedding Planner,Comedy,mary fiore san franciscos premiere wedding planner rescued accident man dreams pediatrician steve edison only find fiancé latest client wealthy fran donnolly mary continues making wedding arrangements steve put string uncomfortable situations force face mutual attraction
4639,Best Seller,Action Crime Drama Thriller,hit man cleve approaches writercop dennis story next book cleve made living working one powerful politicians country get story right travel around country gather statements evidence while strong forces use means keep story untold
580,Jaws: The Revenge,Adventure Thriller,another deadly shark attack ellen brody decides enough new englands amity island moves caribbean join son michael family great white shark followed hungry lives
318,The Million Dollar Hotel,Drama Thriller,million dollar hotel starts jump roof top clears death hotel burning ground lot strange people living
1921,Sweet November,Drama Romance,nelson man devoted advertising career san francisco one day while taking driving test dmv meets sara different women life nelson causes miss out taking test later day tracks down one thing leads another nelson ends living through november change life forever
2749,15 Minutes,Action Crime Thriller,eastern european criminals oleg emil come new york city pick share heist score oleg steals video camera starts filming activities legal illegal learn american media circus make remorseless killer look like victim make rich target mediasavvy nypd homicide detective eddie flemming medianaive fdny fire marshal jordy warsaw cops investigating murder torching former criminal partner filming everything sell local tabloid show top story
2302,Avalon,Drama,avalon third levinsons semiautobiographical series four baltimore films diner tin men avalon liberty heights film set baltimore early explores themes jewish assimilation american life
1888,The Fortune Cookie,Romance Comedy,cameraman knocked during football game brother law king ambulance chasing lawyers starts suit while hes still knocked out cameraman against until hears exwife coming see pretends injured get back sees strain doing football player injured
2428,The Greatest Story Ever Told,Drama History,allstar epic retelling christs life
2453,Harley Davidson and the Marlboro Man,Action Thriller,lawless future renegade biker harley davidson mickey rourke surly cowboy buddy marlboro don johnson learn corrupt bank foreclose friends bar expanding empire harley marlboro decide help robbing crooked bank accidentally filch drug shipment find themselves run criminal financiers mob rugged action adventure
4587,Mermaids,Comedy Drama Romance,fifteenyearold charlotte flax tired wacky mom moving family different town time feels necessary move small massachusetts town mrs flax begins dating shopkeeper charlotte yearold sister kate hope finally settle down charlottes attraction older man gets way family learn accept truly
77,Memento,Mystery Thriller,suffering shortterm memory loss head injury leonard shelby embarks grim quest find lowlife murdered wife gritty complex thriller packs knots hangmans noose carry out plan shelby snaps polaroids people places jotting down contextual notes backs photos aid search jog memory even tattoos own body desperate bid remember
2575,The Tailor of Panama,Drama Thriller,british spy banished panama having affair ambassadors mistress makes connection local tailor nefarious past connections top political gangster figures panama tailor wife works panamanian president huge debt mission learn president intends canal
55,Amores perros,Drama Thriller,three different people mexico city catapulted dramatic unforeseen circumstances wake terrible car crash young punk stumbles sinister underground world dog fighting injured supermodels designer pooch disappears apartments floorboards exradical turned hit man rescues gunshot rotweiler
2043,Along Came a Spider,Crime Mystery Thriller Action,teacher kidnaps girl prestigious school homicide detective alex cross takes case teams young security agent jezzie flannigan hope finding girl stopping brutal psychopath second counts alex jezzie attempt track down kidnapper spider claims another victim web
4133,Blow,Crime Drama,boy named george jung grows struggling family mother nags husband trying make living family finally revealed georges father cannot make living family goes bankrupt george want same thing happen friend tuna suggests deal marijuana big hit california yet goes jail finds out wonders cocaine result released gets rich bringing cocaine america however soon pays price
56715,Just Visiting,Comedy Fantasy Science Fiction,knight valet plagued witch repair damage make use services wizard however something goes wrong transported century year knight meets family slowly learns new century like however still needs get back century deal witch starts looking wizard
111,Scarface,Action Crime Drama Thriller,getting green card exchange assassinating cuban government official tony montana stakes claim drug trade miami viciously murdering anyone stands way tony eventually becomes biggest drug lord state controlling nearly cocaine comes through miami increased pressure police wars colombian drug cartels own drugfueled paranoia serve fuel flames eventual downfall
2144,One Night at McCool's,Action Comedy Crime,man different recollection beautiful young woman wreaked havoc lives during one heated night
1734,The Mummy Returns,Adventure Action Fantasy,rick evelyn oconnell along year old son alex discover key legendary scorpion kings fabled bracelet anubis unfortunately newly resurrected imhotep designs bracelet well isnt above kidnapping new bearer alex gain control anubis otherworldly army
4973,Under the Sand,Drama Mystery,husband goes missing beach female professor begins mentally disintegrate denial disappearance becomes delusional
849,Krull,Fantasy Action Adventure,prince fellowship companions set out rescue bride fortress alien invaders arrived home planet
3784,Frankie and Johnny,Drama Comedy Romance,johnny released prison following forgery charge quickly lands job shortorder cook new york diner following brief fling waitress cora frankie develops attraction coras friend fellow waitress frankie while frankie resists johnnys charms initially eventually relents best friend tim persuades give johnny chance
934,Rififi,Drama Action Crime,out prison fiveyear stretch jewel thief tony jean servais turns down quick job friend carl mohner offers until discovers old girlfriend mado marie sabouret become lover local gangster pierre grutter marcel lupovici during tonys absence expanding minor smashandgrab fullscale jewel heist tony crew appear get away clean actions job completed threaten lives everyone involved
808,Shrek,Adventure Animation Comedy Family Fantasy,aint easy bein green especially youre likable albeit smelly ogre named shrek mission retrieve gorgeous princess clutches firebreathing dragon shrek teams unlikely compatriot wisecracking donkey
824,Moulin Rouge!,Drama Music Romance,celebration love creative inspiration takes place infamous gaudy glamorous parisian nightclub cusp century young poet plunged heady world moulin rouge begins passionate affair clubs notorious beautiful star
1406,City Slickers,Action Adventure Comedy Drama Western,new york meets west comedy starring billy crystal three new york business men decide take wild west vacation turns out relaxing vacation envisioned
5923,The Sand Pebbles,Action Adventure Drama War Romance,engineer jake holman arrives aboard gunboat uss san pablo assigned patrol tributary yangtze middle exploited revolutiontorn china iconoclasm cynical nature soon clash ricebowl system runs ship uneasy symbiosis chinese foreigner river hostility towards gunboats presence reaches climax boat crash through riverboom rescue missionaries upriver china light mission
1089,Point Break,Action Thriller Crime,coastal town los angeles gang bank robbers call themselves expresidents commit crimes while wearing masks reagan carter nixon johnson fbi believes members gang surfers send young agent johnny utah undercover beach mix surfers gather information
759,Gentlemen Prefer Blondes,Comedy Romance,lorelei lee beautiful showgirl engaged married wealthy gus esmond much disapproval gus rich father esmond thinks lorelei money lorelei goes cruise accompanied only best friend dorothy shaw esmond hires ernie malone private detective follow report questionable behavior disqualify marriage
1995,Lara Croft: Tomb Raider,Adventure Fantasy Action Thriller,english aristocrat lara croft skilled handtohand combat middle battle secret society shapely archaeologist moonlights tomb raider recover lost antiquities meets match evil powell whos search powerful relic
2140,Kiss of the Dragon,Action Crime Thriller,liu jian elite chinese police officer comes paris arrest chinese drug lord jian betrayed french officer framed murder hiding find new allies
4248,Scary Movie 2,Comedy,while original parodied slasher flicks like scream keenen ivory wayanss sequel scary movie takes comedic aim haunted house movies group students visit mansion called hell house murderous high jinks ensue
3134,Baise-moi,Crime Drama Romance Thriller,manu lived difficult life abused violently raped sets off find herself only meet nadine prostitute encountered one many injustices world angry world embark twisted ragefilled road trip choose sex please kill need leaving trail mischief dead bodies wake generating media blitz manhunt soon everyone out capture young fugitives
5991,The Last Laugh,Drama,aging doorman fired prestigious job luxurious hotel forced face scorn friends neighbours society
976,Sweet Smell of Success,Drama,new york city newspaper writer hunsecker holds considerable sway public opinion broadway column one thing cant control younger sister susan relationship aspiring jazz guitarist steve dallas hunsecker strongly disproves romance recruits publicist sidney falco find way split couple matter ruthless method
2114,Final Fantasy: The Spirits Within,Adventure Action Animation Fantasy Science Fiction Thriller,led strange dream scientist aki ross struggles collect eight spirits hope creating force powerful enough protect planet aid deep eyes squadron mentor sid aki save earth darkest hate unleash spirits within
2,Ariel,Drama Crime,taisto kasurinen finnish coal miner whose father committed suicide framed crime commit jail starts dream leaving country starting new life escapes prison things dont planned
3980,Critters,Action Comedy Horror Science Fiction Thriller,massive ball furry creatures another world eat way through small midwestern town followed intergalactic bounty hunters opposed only militant townspeople
5680,"Elvira, Mistress of the Dark",Fantasy Horror Comedy Science Fiction,great aunt dies famed horror hostess elvira heads uptight new england town falwell claim inheritance haunted house witches cookbook punk rock poodle stuffy locals get eyeful scream queens ample assets hell busts out amp breaks loose
26386,Ernest Saves Christmas,Comedy Family,santa claus decides retire pass magic bag christmas surprises new saint nick enlists aid hilarious assortment characters perky teen runaway hapless taxi driver ernest worrell convince skeptical kiddieshow host take post father christmas
2617,The Great Outdoors,Comedy,vacation time outdoorsy chicago man chet ripley along wife connie two kids buck ben serene weekend fishing wisconsin lakeside cabin gets crashed connies obnoxious brotherinlaw roman craig wife kate couples two daughters excursion wears ripleys find themselves odds stuffy craig family
3543,Bagdad Cafe,Comedy Drama,surreal comedy depicting diverse cast characters changes undergo german tourist jasmin interacts remote truck stop middle mojave desert
2605,Short Circuit,Comedy Family Science Fiction,lightning bolt zaps robot named number lovable machine starts think hes human escapes lab hot trail designer newton hopes get number military meantime spunky animal lover mistakes robot alien takes teaching new guest life earth
8337,They Live,Action Horror Science Fiction Thriller,nada downonhisluck construction worker discovers pair special sunglasses wearing able see world really people bombarded media government messages like stay asleep imagination submit authority even scarier able see usually normallooking people fact ugly aliens charge massive campaign keep humans subdued
26603,Vice Versa,Comedy Fantasy,mysterious oriental skull transforms father son vice versa
1648,Bill & Ted's Excellent Adventure,Adventure Comedy Science Fiction,small town san dimas miles away los angeles two nearly brain dead teenage boys going names bill preston esq ted theodore logan dream together starting own rock roll band called wyld stallyns unfortunately still high school verge failing out school well pass upcoming history report separated result teds father sending military school bill ted know stay together save future man future named rufus came help pass report bill ted decided gather historical figures need report hoping help pass report stay together
4105,Black Rain,Action Thriller Crime,two new york cops get involved gang war members yakuza japanese mafia arrest one killers ordered escort back japan japan however manages escape try track down get deeper deeper japanese mafia scene learn only win playing game japanese way
3064,Chances Are,Fantasy Comedy Science Fiction Romance,louie jeffries happily married corinne first anniversary louie killed crossing road louie reincarnated alex finch twenty years later fate brings alex louies daughter miranda together until alex invited louies home begins remember former life wife best friend course theres problem hes attracted louieshis own daughter
4925,Dead Bang,Action Adventure Drama Thriller,los angeles homicide detective jerry beck searches murderer killed police officer christmas eve investigation takes beck inside violent world hate groups white supremacists hatching deadly plot attack even innocent people beck confront own personal demons including growing problem alcohol wants track down stop violent neonazis late
1380,Gleaming the Cube,Drama,cult classic bfilm slacker skateboarder gets off butt cases down criminals skateboarding boy named brian played christian slater pretty normal life until brother dies cops think suicide yet wont believe follows vietnamese guys thinks gets lot trouble ride skateboard save day
505,Johnny Handsome,Crime Drama,career criminal deformed since birth given new face kindly doctor paroled prison appears gone straight really planning revenge man killed mentor sent prison
4486,Jesus of Montreal,Drama,group actors putting interpretive passion play montreal begin experience meshing characters private lives production takes form against growing opposition catholic church
4296,Millennium,Mystery Drama Science Fiction Thriller,investigator seeking cause airline disaster discovers involvement organisation time travellers future earth irreparably polluted seek rejuvenate human race die past based novel john varley
331,Jurassic Park III,Adventure Action Thriller Science Fiction,need funds research alan grant accepts large sum money accompany paul amanda kirby aerial tour infamous isla sorna isnt long hell breaks loose stranded wayfarers fight survival host new even deadly dinosaurs try make snacks
327,Brother,Crime Drama Thriller,japanese yakuza gangsters deadly existence homeland gets exiled los angeles california taken little brother brothers gang first english film takeshi kitano
869,Planet of the Apes,Thriller Science Fiction Action Adventure,spectacular crashlanding uncharted planet brash astronaut leo davidson finds himself trapped savage world talking apes dominate human race desperate find way home leo evade invincible gorilla army led ruthless general thade
552,Bread and Tulips,Drama Comedy Romance,endearing light comedy woman spontaneously becomes resident venice family left begin while enjoying wonderful people meets achieves new life first time independent family
2171,Wet Hot American Summer,Comedy,setting camp firewood year last day everyone goes back real world theres still summers worth unfinished business resolve center action camp director beth struggles keep order while falls love local astrophysics professor busy trying save camp deadly piece nasas skylab hurtling toward earth plus dangerous waterfall rescue love triangles misfits cool kids talking vegetable cans questions resolved course big talent show end day
6951,Turner & Hooch,Action Comedy Thriller Crime Family,scott turner days left local police department moves bigger city get real cases misdemeanors amos reed murdered scott turner sets himself case closest thing witness case amos reeds dog hooch scott turner take care going avoid put sleep
2616,Uncle Buck,Comedy Drama Family,idle goodnatured bachelor uncle buck last person think watch kids however during family crisis suddenly left charge nephew nieces unaccustomed suburban life funloving uncle buck soon charms younger relatives miles maizy hefty cooking new way doing laundry carefree style impress everyone though especially rebellious teenage niece tia impatient girlfriend chanice little bit luck lot love uncle buck manages surprise everyone heartwarming family comedy
7091,Vampire's Kiss,Comedy Horror,publishing executive visited bitten vampire starts exhibiting erratic behavior pushes secretary extremes tries come terms affliction vampire continues visit drink blood madness deepens begins look events hes experiencing hallucinations
249,The War of the Roses,Comedy Drama Thriller,roses barbara oliver live happily married couple starts wonder life like without oliver likes sees want stay house begin campaign force leave middle fighting damato divorce lawyer gets see far get rid boy far
2148,The Cotton Club,Music Drama Crime Romance,story people frequented harlems famous nightclubs cotton club ran
2057,Original Sin,Thriller,young man plunged life subterfuge deceit mistaken identity pursuit femme fatale whose heart never quite within grasp
1627,The Wild Child,Drama,director françois truffaut makes rare onscreen appearance one unusual films based true story film follows discovery feral child jeanpierre cargol whos grown wild forest latethcentury france truffaut plays jean itard deaf specialist tries civilize boy teaching walk speak read screenplay adapted itards writings
2770,American Pie 2,Comedy Romance,whole gang back close ever decide get even closer spending summer together beach house decide hold biggest party ever seen even preparation doesnt always plan especially stifler finch jim become close ever want jim mistakes super glue lubricant
1722,Captain Corelli's Mandolin,Drama History Romance,greek fisherman leaves fight greek army during wwii fiancee falls love local italian commander film based novel italian soldiers experiences during italian occupation greek island cephalonia kefalonia hollywood made pure love story removing much unpleasant stuff
2779,The Curse of the Jade Scorpion,Comedy Crime Mystery Romance Thriller,briggs veteran insurance investigator many successes betty ann fitzgerald new employee company works task reorganizing office dont like least thats think during night out rest office employees watch voltan magician secretly hypnotizes
2294,Jay and Silent Bob Strike Back,Comedy,jay silent bob learn comicbook alter egos bluntman chronic sold hollywood part bigscreen movie leaves out royalties pair travels tinseltown sabotage production
742,Together,Drama Comedy Romance,elisabeth leaves abusive drunken husband rolf goes live brother göran year göran lives commune called together living leftist commune elisabeth learns world viewed different perspectives
2176,The Glass House,Drama Thriller,parents ruby younger brother rhett killed car crash parents best friends erin terry glass become guardians children hear promises world opulence california fun move glasses gated house long though ruby suspects erin terry ideal guardians seemed
2034,Training Day,Action Crime Drama Thriller,first day job narcotics officer rookie cop works rogue detective isnt appears
248,Pocketful of Miracles,Comedy Drama,damon runyons fairytale sweet funny told director frank capra boozy brassy apple annie beggar basket apples much part downtown new york old broadway itself bootlegger dave dude sucker apples thinks bring luck dave girlfriend queenie martin need lot luck turns out annie jam only help annies daughter louise lived life spanish convent coming america count son counts son wants marry louise thinks mother part new york society dave queenie runyonesque cronies turn annie lady convince count son hobnobbing new yorks elite
1644,The Vanishing,Thriller Drama Mystery,young woman sandra bullock mysteriously disappears sending boyfriend jeff kiefer sutherland yearslong quest find even new love nancy travis keep obsessive search while calculating psychopath jeff bridges kidnapped girlfriend stalks jeff ultimately taking through exact same steps led crime order find out happened jeff put own life hands devious stranger
166,The Party,Drama Romance Comedy,boum story yearold french girl dealing moving new city school paris while same time parents getting divorce
1623,Brubaker,Crime Drama,new warden small prison farm arkansas tries clean corruption initially posing inmate
1018,Mulholland Drive,Thriller Drama Mystery,car wreck winding mulholland drive renders woman amnesic perky hollywoodhopeful search clues answers across los angeles twisting venture beyond dreams reality
984,Dirty Harry,Action Crime Thriller,madman dubbed scorpio terrorizes san francisco hardnosed cop harry callahan famous takenoprisoners approach law enforcement tasked hunting down psychopath harry eventually collars scorpio process rescuing kidnap victim only see walk technicalities now maverick detective determined nail maniac himself
2100,The Last Castle,Action Drama Thriller,court martialed general rallies together inmates rise against system put away
3173,Bangkok Dangerous,Thriller Action Crime Drama,movie deafmute hitman partner trouble begins starts relationship young woman
141,Donnie Darko,Fantasy Drama Mystery,narrowly escaping bizarre accident troubled teenager plagued visions large bunny rabbit manipulates commit series crimes
585,"Monsters, Inc.",Animation Comedy Family,james sullivan mike wazowski monsters earn living scaring children best business even though theyre afraid children child accidentally enters world james mike suddenly find kids afraid uncover conspiracy threaten children across world
671,Harry Potter and the Philosopher's Stone,Adventure Fantasy Family,harry potter lived stairs aunt uncles house whole life birthday learns hes powerful wizard place waiting hogwarts school witchcraft wizardry learns harness newfound powers help schools kindly headmaster harry uncovers truth parents deaths villain whos blame
1535,Spy Game,Action Crime Thriller,veteran spy nathan muir verge retiring cia learns onetime protégé close friend tom bishop political prisoner sentenced die beijing although friendship marred bad blood resentment muir agrees take dangerous mission career rescue bishop
1999,In the Bedroom,Drama Thriller,summertime coast maine bedroom centers inner dynamics family transition matt fowler doctor practicing native maine married new york born ruth fowler music teacher involved love affair local single mother beauty maines brief fleeting summer comes end characters find themselves midst unimaginable tragedy
269,Breathless,Drama Crime,young car thief kills policeman tries persuade girl hide italy
3537,Fame,Drama,chronicle lives several teenagers attend new york high school students gifted performing arts
3604,Flash Gordon,Science Fiction,football player friends travel planet mongo find themselves fighting tyrant ming merciless save earth
6974,The Angry Red Planet,Adventure Science Fiction,first manned flight mars returns having out communications since arrived mars reveal
299,Ocean's Eleven,Thriller Music Comedy Crime,oceans eleven ratpack comedy robber danny ocean gangs attempt rob five biggest casinos las vegas
161,Ocean's Eleven,Thriller Crime,less hours parole charismatic thief danny ocean already rolling out next plan one night dannys handpicked crew specialists attempt steal million three las vegas casinos score cash danny risks chances reconciling exwife tess
4886,And Then There Were None,Crime Drama Mystery,ten people invited weekend island mysterious stranger turns out isnt present dinner record played accuses one guests having committed murder soon begin realize crazed killer stalking
194,Amélie,Comedy Romance,tiny parisian café adorable yet painfully shy amélie audrey tautou accidentally discovers gift helping others soon amelie spending days matchmaker guardian angel allaround dogooder bumps handsome stranger find courage become star own love story
1903,Vanilla Sky,Drama Mystery Romance Science Fiction Thriller,david aames tom cruise wealth good looks gorgeous women arm begins falling warmhearted sofia penelope cruz face horribly disfigured car accident thats beginning troubles lines illusion reality life death blurred
1649,Bill & Ted's Bogus Journey,Adventure Comedy Family Fantasy Science Fiction,amiable slackers bill ted roped fantastical adventure nomolos villain future sends evil robot duplicates two lads terminate replace robot doubles actually succeed killing bill ted two determined escape afterlife challenging grim reaper series games order return land living
453,A Beautiful Mind,Drama Romance,princeton university john nash struggles make worthwhile contribution serve legacy world mathematics finally makes revolutionary breakthrough eventually earn nobel prize graduate school turns teaching becoming romantically involved student alicia meanwhile government asks help breaking soviet codes soon gets involved terrifying conspiracy plot nash grows paranoid until discovery turns entire world upside down now only alicias help able recover mental strength regain status great mathematician know today
5279,Gosford Park,Drama Mystery Thriller,multiple storylined drama set showing lives upstairs guest downstairs servants party country house england
1365,Monster's Ball,Drama Romance,set southern usa racist white man hank falls love black woman named leticia ironically hank prison guard working death row executed leticias husband hank leticias interracial affair leads confusion new ideas two unlikely lovers
6440,The Shipping News,Drama Romance,emotionallybeaten man young daughter moves ancestral home newfoundland reclaim life
98491,Wuthering Heights,Drama Romance,earnshaws yorkshire farmers during early century one day earnshaw returns trip city bringing ragged little boy called heathcliff earnshaws son hindley resents child heathcliff becomes companion soulmate hindleys sister catherine parents die cathy heathcliff grow wild free moors despite continued enmity hindley heathcliff theyre happy until cathy meets edgar linton son wealthy neighbor written marg baskin
848,Dragonslayer,Fantasy,sorcerer apprentice galen mission kill evil dragon order save kings daughter sacrificed accordance pact king himself made dragon protect kingdom fantasy film disney studios exhausted possible visual effects time
4965,Impostor,Action Science Fiction Thriller,gary sinise plays spencer olham topsecret government weapons designer arrested clandestine government organization suspicion clone created hostile alien race wanting take earth
150,48 Hrs.,Thriller Action Comedy Crime Drama,hardnosed cop reluctantly teams wisecracking criminal temporarily paroled order track down killer
112,Italian for Beginners,Comedy Drama Romance,fifth danish dogme film six vulnerable individuals whose lives interwoven city suburb young minister arrives take duties local church persuaded assistant join italian night school class soon becomes centre group people fate dealt quite serious blows gradually one group manages overcome hisher predicament find happy solution dogma production shown berlinale surprisingly won silver medal
2084,Birthday Girl,Comedy Crime Thriller,shy bank clerk orders russian mail order bride finds life turned upside down
4267,Get Out Your Handkerchiefs,Romance Comedy Drama,solange depressed shes stopped smiling eats little says less fainting fits husband raoul seeks save enlisting stephane stranger lover although listens mozart pocket book arranged alphabetical order stephane fails cheer solange knits housework everyone including neighbor vegetable vendor agrees needs child yet fails get pregnant either lover three take job running kids summer camp meet christian precocious yearold son local factory manager christian restores solange laughter
4031,Going Places,Drama Comedy,two whimsical aimless thugs harass assault women steal murder alternately charm fight sprint way out trouble take whatever bourgeois characters value whether cars peace mind daughters marieange jaded passive hairdresser joins lover cook mother confessor shes own search seemingly unattainable sexual pleasure
2441,Cows,Drama,film set basque region beginning carlist war ending during spanish civil war film portrays one single act cowardice shapes life next three generations two families fuels intense rivalry span next sixtyone years
931,Don't Look Now,Thriller Drama Horror,laura john baxter lose only child horrible drowning greeted strange sightings throughout everyday lives two old ladies approach italy news daughter still alive seems good true perhaps
480,Monsoon Wedding,Comedy Drama Romance,exciting indian wedding comes relationship two different times only showing modern traditional different characters stories interact director mira nair film used indianamerican production illustrate themes modern day indians familiar
614,Wild Strawberries,Drama,professor medicine isak borg travels lund university order receive anniversary title along road meets strangers relatives dreams confronted own past well fear insufficiency
2752,40 Days and 40 Nights,Comedy Romance,matt sullivans last big relationship ended disaster ever since hearts aching commitments lacking came lent time year everybody gives something thats matt decides mans gone make vow sex whatsoever straight days first everything control until woman dreams erica walks life
40723,Trouble Every Day,Drama Horror,scientist shane brown neglects new bride instead spending honeymoon searching old colleague disappeared research paper written discredited medical community turns out semeneau living obscurity order protect wife keeps prisoner room boards nailed across doorway narrative unfolds dark secret drives party
2135,The Time Machine,Science Fiction Adventure Action,hoping alter events past century inventor instead travels years future finds humankind divided two warring races
965,The Magnificent Ambersons,Romance Drama,spoiled young heir decaying amberson fortune comes widowed mother man always loved
44004,Hero at Large,Action Comedy Drama,idealistic struggling actor finds life unexpectedly complicated stops robbery while wearing costume captain avenger superhero character film hired promote decides dabble superhero only find difficult dangerous ever imagined
3418,Death Watch,Drama Science Fiction,roddy camera implanted brain hired television producer film documentary terminally ill katherine without knowledge footage run popular series death watch
4499,"Pepi, Luci, Bom",Comedy,almodovars first film life madrid during punk era one squeamish covers everything drugs sexual violence female masochism
425,Ice Age,Animation Comedy Family Adventure,impending ice age almost upon mismatched trio prehistoric critters manny woolly mammoth diego sabertoothed tiger sid giant sloth find orphaned infant decide return human parents along way unlikely allies become friends enemies attack quest takes far nobler aims
1391,Y Tu Mamá También,Drama Romance,mexico two teenage boys attractive older woman embark road trip learn thing two life friendship sex
2371,Teheran '43,Action Drama Thriller,documents reveal germans planned kill big three teheran story starts paris memories andrei borodin igor kostolevsky soviet agent take action back during teheran meetings stalin roosevelt churchill highranking nazi officer developed plan assassinate three world leaders order undermine allied forces commissioned german agent max richard armen dzhigarkhanian carry out plan failed miserably due quick action thinking andrei while teheran andrei met french woman marie louni natalia belokhvostikova living city brief intense affair nearly four decades later nazi officer captured long freed terrorists officer hunting down german agent failed carry out planned assassinations max lives françoise claude jade young french woman hides
1791,The Piano Teacher,Drama Romance,erika kohut sexually repressed piano teacher living domineering mother meets young man starts romantically pursuing
62956,Very Annie Mary,Comedy,set fictional village ogw valleys southeast wales father jack suffers stroke annie mary pugh forced take care uses circumstances emancipate herself find courage sing
548,Rashomon,Crime Drama Mystery,ancient japan crime take place told three different travelers experienced crime man killed wife raped stories true akira kurosawa film morals truth communication
1537,Changing Lanes,Action Adventure Crime Thriller,rushhour fenderbender new york citys crowded fdr drive circumstances wouldnt set off chain reaction decimate two peoples lives day time minor collision turn two complete strangers vicious adversaries means destroying different goals ultimately same systematically try dismantle others life reckless effort reclaim something lost
441,Human Nature,Drama Comedy,philosophical burlesque human nature follows ups downs obsessive scientist female naturalist man discover born raised wild scientist nathan trains wild man puff ways world starting table manners nathans lover lila fights preserve mans simian past represents freedom enviable
2565,Joe Versus the Volcano,Fantasy Comedy Science Fiction Romance,hypochondriac joe banks finds out six months live quits dead end job musters courage ask female coworker out date hired jump volcano mysterious visitor
307,"Rome, Open City",Drama History,open city landmark film history filmed secrecy during nazi occupation italy film shows realistic portrayal underground resistance italy film strong impacting imagery mix fiction reality strengthened italian neorealism film industry
1282,Dogtown and Z-Boys,Documentary,dogtown zboys follows evolution skateboarding late skateboardings california beach boy image transformed lowriding surf oriented style
2894,The Lady and the Duke,War Drama History,breathtaking visually experimental film new wave director eric rohmer tells true story grace dalrymple elliot lucy russell british aristocrat trapped paris during french revolution determined maintain stiff upper lip pampered life despite upheaval grace continues friendship duke orléans jeanclaude dreyfus while risking life liberty protect fugitive
45186,Big Bad Mama,Action Comedy Crime Drama,mama daughters get forced circumstances bootlegging bank robbing travel across country trailed law
1894,Star Wars: Episode II - Attack of the Clones,Adventure Action Science Fiction,ten years invasion naboo galaxy brink civil war leadership renegade jedi named count dooku thousands solar systems threaten break away galactic republic assassination attempt made senator padmé amidala former queen naboo twentyyearold jedi apprentice anakin skywalker assigned protect course mission anakin discovers love padmé well own darker side soon anakin padmé obiwan kenobi drawn heart separatist movement beginning clone wars
4012,The Believer,Drama,movie tells story young jewish man becomes fiercely antisemitic
1957,Enough,Drama Thriller,workingclass waitress slim thought entering life domestic bliss married mitch man dreams arrival first child picture perfect life shattered discovers mitchs hidden possessive dark side controlling abusive alter ego turn trust love tranquility terror terrified childs safety slim flees daughter relentless pursuit enlisting aid lethal henchmen mitch continually stalks prey family
320,Insomnia,Crime Mystery Thriller,two los angeles homicide detectives dispatched northern town sun doesnt set investigate methodical murder local teen
39435,Cowboy,Western,chicago hotel clerk frank harris dreams life cowboy gets chance jilted father woman loves joins tom reece cattledriving outfit soon though tenderfoot finds out life range neither expected hes looking
1936,River of No Return,Adventure Western,itinerant farmer young son help heartofgold saloon singer search estranged husband
4614,The Sum of All Fears,Thriller Action Drama,president russia suddenly dies man whose politics virtually unknown succeeds change political leaders sparks paranoia among american cia officials cia director bill cabot recruits young analyst supply insight advice situation unthinkable happens nuclear bomb explodes city america quick blame russians
7216,Zombie Holocaust,Horror,members expedition search last faithful kito cannibal god land small island moluccas east indies soon hunted cannibals zombies created sinister doctor obrien experimenting corpses living humans susan sexy lady expedition team eventually gets upper hand gains acceptance natives queen cannibals directs against mad scientist army zombies
2501,The Bourne Identity,Action Drama Mystery Thriller,wounded brink death suffering amnesia jason bourne rescued sea fisherman nothing swiss bank account number starts reconstruct life finds many people encounters want dead however bourne realizes combat mental skills worldclass spy work
4993,5 Card Stud,Action Western Thriller,players ongoing poker game mysteriously killed off one one
103299,Traces of Red,Drama Action Thriller Crime Mystery,jack palm beach detective becomes involved case multiple murders women linked jack way jack partner leads numerous suspects murders continue along anonymous letters killer
180,Minority Report,Action Thriller Science Fiction Mystery,john anderton top precrime cop latest century technology predict crimes theyre committed anderton becomes quarry another investigator targets murder charge
2022,Mr. Deeds,Comedy Romance,longfellow deeds smalltown pizzeria owner poet inherits billion deceased uncle quickly begins rolling different kind dough moving big city deeds finds himself besieged opportunists gunning piece pie babe television tabloid reporter poses innocent smalltown girl exposé deeds
608,Men in Black II,Action Adventure Comedy Science Fiction,kay jay reunite provide best last only line defense against sinister seductress levels toughest challenge yet mibs untarnished mission statement protecting earth scum universe four years since alienseeking agents averted intergalactic disaster epic proportions now race against clock jay convince kay only absolutely memory time spent mib only living person left expertise save galaxy reunite mib earth submits ultimate destruction
59387,The Powerpuff Girls Movie,Animation Action Family,powerpuff girls movie tells origin story powerpuff girls created came defenders townsville first hannabarberacartoon network studios theatrical feature film since upon forest only film based cartoon network series released theatrically
2721,Z,Drama History Thriller,repression rule day film skewers greek governance leftist rabble rouser killed appears traffic accident given political climate death such prominent activist raises troubling questions though late save life postmortem examination suggests ruling party behind death facts leak out tell truth pay price honesty
8665,K-19: The Widowmaker,Drama History Thriller,russias first nuclear submarine malfunctions maiden voyage crew race save ship prevent nuclear disaster
818,Austin Powers in Goldmember,Comedy Crime Science Fiction,worlds shagadelic spy continues fight against evil time diabolical doctor clone minime team new foe kingpin goldmember while pursuing team villains stop world domination austin gets help dad old girlfriend
7451,xXx,Action Adventure Thriller,xander cage standard adrenaline junkie fear lousy attitude government recruits mission hes exactly thrilled mission gather information organization planning destruction world led nihilistic yorgi
2750,24 Hour Party People,Comedy Drama,tony wilson sets factory records brings manchesters music world
3640,Mostly Martha,Romance Drama Comedy,martha single woman lives one passion cooking head chef chic restaurant martha time anything anyone else marthas solitary life shaken fateful accident brings sisters eightyearold daughter lina doorstep
3127,The Revenge of Frankenstein,Horror Science Fiction,baron frankenstein working protective pseudonym victor stein together assistant kleve transplants dwarfs brain another body unleashes deranged
32825,Wild in the Country,Drama Romance,troubled young man discovers knack writing counselor encourages pursue literary career
26680,Shock Waves,Horror,visitors remote island discover reclusive nazi commandant breeding group zombie soldiers
233,The Wanderers,Drama,streets bronx owned youth gangs joy pain adolescence lived philip kaufman tells take novel richard price history italianamerican gang wanderers
5506,The Ladykillers,Comedy Crime,gang five diverse oddball criminal types rent two room apartment isolated house london culdesac octogenarian widow three pet parrots groups mastermind professor marcus tells cover story members amateur string quintet like use rooms hone musical skills reality theyre plotting rob bank plan use mrs wilberforces naiveté victorian sensibilities advantage
575,The Experiment,Drama Thriller,das experiment shocking psycho thriller potential brutality humans hide even shocking fact based actual occurrencea psychological experiment stanford university aborted prematurely experimenters lost control
1958,8 Women,Comedy Thriller Music Crime Mystery,eight women gather celebrate christmas snowbound cottage only find family patriarch dead knife back trapped house woman becomes suspect having own motive secret
2110,Wasabi,Drama Action Comedy,hubert french policeman sharp methods forced take months off boss doesnt share view working methods goes back japan used work years ago settle probate girlfriend left shortly marriage without trace
1682,Mothra vs. Godzilla,Fantasy Science Fiction Action Adventure,film godzilla franchise restores serious tone original godzilla film greedy developer placed huge machines suck dry part ocean near tokyo build luxury condos storm giant egg washes nearby beach developers plans awry disrupts godzillas rest monster goes stomping through tokyo mothra defend egg japan godzilla one popular films original godzilla series
4989,Shamus,Mystery Thriller,new york private eye shamus mccoy likes girls drink gambling look flat business cant hot offer finds diamonds stolen daring raid flamethrower good miss investigations soon get pretty complicated rather dangerous least along way get meet alexis
1809,The Rules of Attraction,Comedy Drama Romance,incredibly spoiled overprivileged students camden college backdrop unusual love triangle drug dealer virgin bisexual classmate
40815,On Guard,Drama Adventure,comte gonzague schemes against cousin duc nevers even though dukes heir inherit estates count kept secret existence dukes bastard recently born duke learns child journeys wed mother barons daughter fathers isolated chateau occupants castle surprised murdered count men only ones escape dukes friend skilled swordsman lagardère infant girl now rightful heiress dukes vast fortune count believes pair drowned fact concealed travelling troupe italian players twenty years pass count discovered two survive seeks slain lagardère gains confidence count employment bookkeeper through clever disguise hunchback
565,The Ring,Horror Mystery,sounded like another urban legend videotape filled nightmarish images leading phone call foretelling viewers death exactly seven days newspaper reporter rachel keller naturally skeptical story until four teenagers met mysterious deaths exactly one week watching such tape allowing investigative curiosity get better rachel tracks down video watches now seven days unravel mystery ring
225,Man of Iron,Drama History,warsaw communist party sends winkel weak alcoholic hack gdansk dig dirt shipyard strikers particularly maciek tomczyk articulate worker whose father killed december protests posing sympathetic winkel interviews people surrounding tomczyk including detained wife agnieszka
265,Lili Marleen,War Drama Romance,lili marleen story german singer named wilkie while working switzerland falls love jewish composer named robert whos family helping people flee nazis roberts family skeptical walkie thinking nazi becomes famous singing lili marleen
2264,Lola,Romance Drama,ten years war west germanys market economy booming unnamed city thats rife corruption comes new building commissioner herr von bohm committed progress upright hes smitten marielouise single mother whos landladys daughter von bohm realize lola singer bordello mistress schuckert local builder whose profits depend von bohms projects von bohm discovers marielouises real vocation looks closely schuckerts work social satire play out remake blue angel visit chekhov west germany update jean renoirs rules game
1672,The Professional,Action Adventure Thriller,french secret agent joss baumont sent kill president njala african country however counterorder given execute mission abandoned hands foreign authorities escapes seeks revenge pursuing original mission
1941,Exodus,Action Drama History War,theme founding state israel action begins ship filled jewish immigrants bound israel off loaded cyprus intelligence officer succeeds getting back board ship only harbor blocked british negotiate second part deals declaring independence resulting warring
65,8 Mile,Drama,setting detroit city divided mile road splits town half along racial lines young white rapper jimmy brabbit smith summons strength within himself cross arbitrary boundaries fulfill dream success hip hop pal future three one third place choke
542,The Crime of Padre Amaro,Drama Romance,young father amaro put test sent mexico help take care aging father benito meets yearold girl begins affair turns out girls mother having affair father benito father amaro soon choose holy sinful life
2165,Liberty Stands Still,Thriller Action Drama,heir current marketing director one nations biggest gun manufacturers liberty wallace indifferent atrocities made possible through business ceo husband victor way see actor lover liberty ends chained food cart full explosives insistence joe sniper whose young daughter victim gun violence now liberty sights
53000,Soul Assassin,Action Mystery Thriller,kevin burke young executive multinational investment bank rising star rotterdam office rewarded perceptive eye mastery foreign languages kevin receives promotion working coveted spot companys internal security team trained enigmatic ficks protect firms employees volatile third world markets kevin thinks shield arrow makes feel safe least safer hes felt since fathers mysterious death karl jorgensen managing director bank kevins boss surrogate father mentored kevin years makes biological son karl jorgensen junior visibly jealous jorgensen brushes off sibling rivalry clearly favors kevin molding confident young man confidence gives kevin courage needs propose woman loves
1377,Houseboat,Comedy Drama Family Romance,italian socialite run signs housekeeper widower three children
2528,Madame Bovary,Drama Foreign Romance,bored limited tedious nature provincial life thcentury france fierce sensual emma bovary finds herself calamitous debt purses scandalous sexual liaisons absolute abandon however volatile lifestyle catches lives everyone around endangered
64,Talk to Her,Drama Romance,two men share odd friendship while care two women deep comas
2757,Adaptation.,Comedy Crime Drama,lovelorn script writer grows increasingly desperate quest adapt book orchid thief
171,The Party 2,Comedy,second film boum series young french teenage girl moving new city falls love boy thinking having sex because girlfriends already done
7303,Maid in Manhattan,Comedy Drama Romance,marisa ventura struggling single mom works posh manhattan hotel dreams better life young son one fateful day hotel guest senatorial candidate christopher marshall meets marisa mistakes wealthy socialite enchanting evening together two fall madly love marisas true identity revealed issues class social status threaten separate two people different worlds overcome differences live happily ever
2755,About Schmidt,Drama Comedy,yearold warren schmidt retired insurance salesman particular plans drive around motor home wife insisted buy hes altogether bitter happy either everything wife annoys disapproves man daughter marry wife suddenly dies sets out postpone imminent marriage daughter man doesnt like while coping discoveries late wife himself process
121,The Lord of the Rings: The Two Towers,Adventure Fantasy Action,frodo sam trekking mordor destroy one ring power while gimli legolas aragorn search orccaptured merry pippin along nefarious wizard saruman awaits fellowship members orthanc tower isengard
1429,25th Hour,Crime Drama,filmed adaptation david benioffs novel same name set new york convicted drug dealer named monty one day left freedom sent prison anger blame frustration betrayal guilt loneliness themes last day friends family parties saying goodbye setting things straight spike lee joint
2642,Two Weeks Notice,Comedy Romance,dedicated environmental lawyer lucy kelson goes work billionaire george wade part deal preserve community center indecisive weakwilled george grows dependent lucys guidance everything legal matters clothing exasperated lucy gives notice picks harvard graduate june carter replacement lucys time firm nears end grows jealous june second thoughts leaving george
2149,Body of Evidence,Drama Thriller Romance,sizzingly sexy madonna leads starfilled cast erotic thriller woman accused killing wealthy elderly man through insatiable sexual prowess
640,Catch Me If You Can,Drama Crime,true story frank abagnale birthday successfully conned millions dollars worth checks pan pilot doctor legal prosecutor fbi agent makes mission put behind bars frank only eludes capture revels pursuit
590,The Hours,Drama,hours story three women searching potent meaningful lives alive different time place linked yearnings fears stories intertwine finally come together surprising transcendent moment shared recognition
423,The Pianist,Drama War,pianist film adapted biography wladyslaw szpilman jewishpolish pianist during second world war lived hid miraculously warsaw having gone through terrible tragedy film roman polanski
262,The King of Comedy,Comedy Drama,aspiring comic rupert pupkin attempts achieve success show business stalking idol late night talkshow host craves own privacy
4912,Confessions of a Dangerous Mind,Comedy Crime Drama Romance Thriller,television made famous biggest hits happened off screen television producer day cia assassin night chuck barris recruited cia height career trained become covert operative barris said
1484,The Deathmaker,Drama,fritz haarmann killed least boys questioned psychology professor order find out whether sane held responsible crimes during interrogation haarmann reveals motives killing methods
5968,The Woman in Red,Comedy Romance,happily married family man never consider affair meets beautiful woman red totally infatuated desperate make acquaintance however tries out various schemes sneak out meet realizes adultery quite easy looks
1647,The Recruit,Action Thriller,brilliant cia trainee prove worth farm agencys secret training grounds learns watch back trust one
4628,Enigma,Adventure Drama Action Thriller Foreign,five highlytrained kgb agents sent west assassinate several soviet dissidents order stop diabolical plot american agent infiltrate soviet intelligence obtain information russian computer
3028,Jekyll and Hyde ... Together Again,Comedy Horror Science Fiction,jekyll mark blankfield inhales white powder becomes obnoxious southern californian
2262,Veronika Voss,Crime Drama,munich sports reporter robert krohn gets know attractive veronika voss former ufastar robert lover enigmatic woman tries unravel mystery life
1956,Gerry,Mystery Drama Adventure,two friends named gerry become lost desert taking wrong turn attempts find way home only lead trouble
3426,Cesar and Rosalie,Romance Drama Comedy,claude sautets romantic drama stars romy schneider rosalie beautiful young woman involved successful businessman cesar yves montand one day rosalies former flame david sami frey appears attempts win back cesar reacts jealous intensity never seen rosalie because returns david remains conflicted regarding choice partner eventually one men something resolves situation allmovie
26172,Messenger of Death,Action Crime Thriller,wifes children mormon orville beecham become victims massacre own house police believes crime religious motive orville doesnt give comment case taken protective custody journalist smith persuades help investigation finds out economic motives murder
4952,Pillow Talk,Comedy Romance,man woman share telephone line despise fun romancing voice disguised
991,The Man Who Fell to Earth,Drama Science Fiction,thomas jerome newton alien comes earth get water dying planet starts high technology company get billions dollars needs build return spacecraft british sciencefiction film director nicolas roeg starring david bowie
4911,Dark Blue,Action Crime Drama Thriller,set during rodney king riots robbery homicide investigation triggers series events cause corrupt lapd officer question tactics
102,Open Hearts,Drama Romance,cecilie joachim get married freak car accident leaves joachim disabled throwing lives spin driver car marie family dont get off lightly either husband niels works hospital meets cecilie falls madly love
1591,Nowhere in Africa,Drama,jewish woman named jettel redlich flees nazi germany daughter regina join husband walter farm kenya first jettel refuses adjust new circumstances bringing set china dishes evening gown while regina adapts readily new world forming strong bond fathers cook african named owuor
455,Bend It Like Beckham,Comedy Drama Romance,jess bhamra daughter strict indian couple london permitted play organized soccer even though jess playing fun one day impressive skills seen jules paxton convinces jess play semipro team jess uses elaborate excuses hide matches family while dealing romantic feelings coach joe
2671,Ringu,Horror Thriller,mysterious video linked number deaths inquisitive journalist finds tape views herself sets motion chain events puts own life danger
2525,The Bible: In the Beginning...,Drama,extravagant production first part book genesis covers adam eve noah flood abraham isaac
6016,The Good Thief,Crime Drama Thriller,compulsive gambler plans heist life priceless collection art worldclass casino riviera monte carlo
7294,The Man Without a Past,Romance Comedy Drama,second part aki kaurismäkis finland trilogy film follows man arrives helsinki gets beaten severely develops amnesia unable remember name anything past life cannot get job apartment starts living outskirts city slowly starts putting life back track
2662,House of 1000 Corpses,Horror,two teenage couples traveling across backwoods texas searching urban legends serial killers end prisoners bizarre sadistic backwater family serial killers
994,Straw Dogs,Crime Drama Thriller Mystery,young american english wife come rural england face increasingly vicious local harassment
1816,A Chorus Line,Drama Music,group dancers congregate stage broadway theatre audition new musical production directed zach michael douglas initial eliminations seventeen hopefuls remain among cassie alyson reed tempestuous romantic relationship zach desperate enough work humble herself audition whether hes willing let professionalism overcome personal feelings past remains seenas film unfolds backstory dancers revealed funny ironic heartbreaking matter background however one thing common passion dance
5146,The In-Laws,Action Comedy,right daughters wedding mildmannered foot doctor discovers new inlaws international smugglers
12,Finding Nemo,Animation Family,nemo adventurous young clownfish unexpectedly taken great barrier reef home dentists office aquarium worrisome father marlin friendly forgetful fish dory bring nemo home meeting vegetarian sharks surfer dude turtles hypnotic jellyfish hungry seagulls along way
2260,Capturing the Friedmans,Documentary,oscar nominated documentary middleclass american family torn apart father arnold son jesse accused sexually abusing numerous children director jarecki interviews people different sides tragic story raises question whether rightfully tried claim innocent never evidence against
1088,Whale Rider,Drama Family,east coast new zealand whangara people believe presence dates back thousand years single ancestor paikea escaped death canoe capsized riding shore back whale whangara chiefs always firstborn always male considered paikeas direct descendants pai yearold girl patriarchal new zealand tribe believes destined new chief grandfather koro bound tradition pick male leader pai loves koro anyone world fight thousand years tradition fulfill destiny
47423,Once a Thief,Action Comedy Thriller Crime,john woo directs actionpacked comedy stars chow yunfat leslie cheung cherie chung trio art thieves grew together orphans tutelage cruel crime boss named chow kenneth tsang although red bean chung wants trio leave life crime behind milliondollar opportunity stealing priceless french painting proves alluring men heist ends disaster
6646,Treasure Island,Adventure Family,enchanted idea locating treasure buried captain flint squire trelawney livesey jim hawkins charter sailing voyage caribbean island unfortunately large number flints old pirate crew aboard ship including long john silver
290,Barton Fink,Comedy Drama,renowned new york playwright enticed california write movies discovers hellish truth hollywood
2470,Belle Époque,Comedy Drama Romance,young soldier deserts army falls country farm welcomed owner due political ideas manolo four daughters fernando likes like decide one love
2263,Music Box,Crime Drama Romance Thriller,lawyer defends father accused war crimes case suspects
2527,This Man Must Die,Drama Thriller,young son killed hit run accident charles thenier resolves hunt down murder killer chance thenier makes acquaintance actress helène lanson car time accident meets helènes brotherinlaw paul decourt truly horrible individual
6643,The Unforgiven,Romance Western Drama,neighbors frontier family turn suspected adopted daughter stolen local kiawa tribe
2071,Shattered,Mystery Thriller,dan merrick comes out shattering car accident amnesia finds married judith trying help start life keeps getting flashbacks events places cant remember meets pet shop owner part time private detective gus klein supposedly done work prior accident klein helps merrick find out
170,28 Days Later,Horror Thriller Science Fiction,twentyeight days killer virus accidentally unleashed british research facility small group london survivors caught desperate struggle protect themselves infected carried animals humans virus turns infects homicidal maniacs absolutely impossible contain
216,Ali: Fear Eats the Soul,Romance Drama,simple delicate melodramatic german film loneliness double moral story tainted love old woman younger moroccan immigrant worker
39231,Man's Favorite Sport?,Comedy Romance,rock hudson roger willoughby renowned fishing expert unbeknownst friends coworkers boss never cast line life one day crosses paths abigail paige paula prentiss sweetly annoying girl badgered boss signing roger annual fishing tournament
1927,Hulk,Drama Action Science Fiction,bruce banner genetics researcher tragic past suffers massive radiation exposure laboratory causes transform raging green monster gets angry
296,Terminator 3: Rise of the Machines,Action Thriller Science Fiction,years since john connor saved earth judgment day hes now living radar steering clear using anything skynet trace until encounters robotic assassin ordered finish started good thing connors former nemesis terminator back aid nowadult connor like promised
302,Swimming Pool,Thriller Crime,middle amusing thriller relationship two different types females one well know british author sexcrazed french teen two get relationship trouble while living together film psychological imagery erotic exploration female body
22,Pirates of the Caribbean: The Curse of the Black Pearl,Adventure Fantasy Action,jack sparrow freewheeling thcentury pirate roams caribbean sea butts heads rival pirate bent pillaging village port royal governors daughter kidnapped sparrow decides help girls love save seafaring mission hardly simple
554,The Cuckoo,Drama History Romance,september days finland went out second world war chained rock finnish sniperkamikadze veikko managed set himself free ivan captain soviet army arrested front secret police smersh narrow escape soldiers two enemy armies lapp woman anni gives shelter farm anni enemies men
8961,Bad Boys II,Adventure Action Comedy Thriller Crime,outofcontrol trashtalking buddy cops marcus burnett mike lowrey miami narcotics task force reunite bullets fly cars crash laughs explode pursue whackedout drug lord streets miami barrios cuba real fireworks result marcus discovers playboy mike secretly romancing marcus sexy sister
1996,Lara Croft Tomb Raider: The Cradle of Life,Action Adventure Fantasy Thriller,lara croft ventures underwater temple search mythological pandoras box securing promptly stolen villainous leader chinese crime syndicate lara recover box syndicates evil mastermind uses construct weapon catastrophic capabilities
4464,Seabiscuit,Drama History,true story undersized depressionera racehorse whose victories lifted only spirits team behind nation
8094,The Magdalene Sisters,Drama,four women given custody magdalene sisterhood asylum correct sinful behavior crispina rose given birth premarital child margaret got raped cousin orphan bernadette repeatedly caught flirting boys work laundry strict supervision nuns break wills through sadistic punishment
78041,Big Trouble,Action Comedy,leonard hoffman insurance salesman struggling make ends meet fact triplet sons want yale isnt making things easier blanche rickey worried money husband millionaire weak heart worries hell blow through cash finally dies blanche meets leonard devises murderous plan claims fix problems
833,Umberto D.,Drama,umberto domenico ferrari elderly retired civil servant desperately trying maintain decent standard living rapidly dwindling state pension hes against tyrannical landlady keeps demanding rent cant pay while renting room out prostitutes during day only friends pregnant housemaid little dog flike
3101,I Love You to Death,Action Comedy Crime,joey boca owner pizza parlor located tacoma washington married rosalie years rosalie horrified discover joey womanizer cheating long time based true story frances anthony toto
6466,Freddy vs. Jason,Horror,evil dreamdemon freddy krueger devises plan manipulate unstoppable jason vorhees hacking teenagers elm street effort make people remember name freddy krueger thus freeing limbo
2771,American Splendor,Comedy Drama,original mix fiction reality illuminates life comic book hero everyman harvey pekar
3055,Valley of the Dolls,Music Drama Romance,film version jacqueline susanns bestselling novel chronicling rise fall three young ladies show business
26198,The Keep,Horror,nazis take ancient fortress contains mysterious entity wreaks havoc death upon
936,The Pink Panther,Comedy Crime,trademark phantom renowned jewel thief glove left scene crime inspector clouseau expert phantoms exploits feels sure knows phantom strike next leaves paris switzerland famous lugashi jewel pink panther going however know phantom really matter anyone else really
2891,An Angel at My Table,Drama,janet frame grows poor family different kids considered abnormal locked away mental institution eight years everything changes starts writing books
38304,Far Away,Drama Romance,serge long distance lorry driver morocco andeurope tangier tries reconcile former girlfriend sarah refused anything since mothers death intends join brother canada serge appeals sarahs protector young arab named saïd allow meet sarah promising return smuggle saïd europe
513,Fire,Drama Romance,barren arranged marriage amateur swami seeks enlightenment through celibacy radhas life takes irresistible turn beautiful young sisterinlaw seeks free herself confines own loveless marriage
333,Bollywood/Hollywood,Comedy Drama Music Romance,rahul seth dashing young millionaire believes western enough rebel against mother grandmother keen caucasian girlfriend kimberly make matters worse pop star say karmic intervention kimberly dies freak accident rahul devastated instead allowing mourn peace rahuls mother sees opportunity shes waiting threatens call off sisters wedding unless finds himself nice indian girl rahul enlists services sue fiercely independent escort believes hispanic therefore married conventions taught young indian women wink eye sue accepts deal pose indian bridetobe needs money having never fan typical indian male feels heart safe charade begins
2722,The Other Side of the Bed,Romance Drama,paula leaves mate pedro misses looks comfort best friends javier sonia paula having affair javier cuckold pedro tries find secret lover paula hires private eye meanwhile while comforting pedro sonia one night stand javier thinks cheating lesbian friend lucia
1415,Party Monster,Comedy Drama Crime,new york club scene world like candycolored mirror ball playground stepped michael alig wannabe nowhere special watchful eye veteran club kid james james alig quickly rose top place down
153,Lost in Translation,Drama,two lost souls visiting tokyo young neglected wife photographer washedup movie star shooting commercial find odd solace pensive freedom real others company away lives america
4703,Daisy Miller,Drama Romance,comedy manners american winterbourne tries figure out bright bubbly daisy miller only helped hindered false judgments fellow friends
2687,Memoirs of an Invisible Man,Comedy Fantasy Science Fiction,freak accident invisible yuppie runs life treacherous cia official while trying cope new life
277,Underworld,Fantasy Action Thriller,vampires werewolves waged nocturnal war against centuries bets off female vampire warrior named selene whos famous strength werewolfhunting prowess becomes smitten peaceloving male werewolf michael wants end war
321,Mambo Italiano,Comedy Romance,sweet comic film italian man comes out closet affect life crazy family family movie stereotypes homosexuals italians called critics gay big fat greek wedding
20,My Life Without Me,Drama Romance,pedro almodovar production fatally ill mother only two months live creates list things wants dies out telling family illness
5168,To Be and to Have,Documentary,documentarys title translates two auxiliary verbs french language primary school commune saintétiennesurusson puydedôme france population school one small class mixed ages four twelve years dedicated teacher georges lopez shows patience respect children follow story through single school year
837,Videodrome,Horror Mystery Science Fiction,sleazy cabletv programmer begins see life future media spin out control unusual fashion acquires new kind programming station
1358,A Brief History of Time,Documentary,documentary film based life scientist steven hawking film explores intimate life steven hawking through friends family goes through school diagnosed degenerative disease discovers revolutionary theories time black holes origin universe visually interesting times funny film extraordinary life
891,All the President's Men,Drama History Mystery Thriller,runup elections washington post reporter bob woodward covers seems minor breakin democratic party national headquarters surprised find top lawyers already defense case discovery names addresses republican fund organizers accused arouses suspicions editor post prepared run story assigns woodward carl bernstein find trail leading higher higher republican party eventually white house itself
650,Boyz n the Hood,Crime Drama,boyz hood popular successful film social criticism john singleton conditions south central los angeles teenagers involved gun fights drug dealing daily basis
3087,Yankee Doodle Dandy,Drama Music,film life renowned musical composer playwright actor dancer singer george cohan
2116,Out of Time,Thriller Crime Drama,matt lee whitlock respected chief police small banyan key florida solve vicious double homicide himself falls suspicion matt lee stay steps ahead own police force everyone hes trusted order find out truth
1584,School of Rock,Comedy Music,fired band hard cash guitarist vocalist dewey finn finagles way job fourthgrade substitute teacher private school secretly begins teaching students finer points rock roll schools hardnosed principal rightly suspicious finns activities finns roommate remains dark hes doing
322,Mystic River,Thriller Crime Drama Mystery,story friendship loyalty guilt vengeance fateful affect past present
24,Kill Bill: Vol. 1,Action Crime,assassin shot altar ruthless employer bill members assassination circle bride lives plot vengeance setting out payback makes death list hunts down wronged saving bill last
1807,Elephant,Drama Crime,several ordinary high school students through daily routine two others prepare something malevolent film chronicles events surrounding school shooting
1376,Sweet Sixteen,Crime Drama,determined normal family life mother gets out prison scottish teenager tough background sets out raise money home
2348,Holy Matrimony,Comedy,young hutterite boy marry late brothers wife comes outside community
3117,Frankenstein and the Monster from Hell,Horror Science Fiction,simon helder sentenced insane asylum crimes against humanity recognises director brilliant baron frankenstein man whose work trying emulate imprisonment frankenstein utilises helders medical knowledge project working time assembling man vital organs extracted various inmates asylum baron resort murder acquire perfect specimens ambitious project ever
897,Aparajito,Drama,unvanquished second part bangladesh apu film series boy named apu gets scholarship study college calcutta mother alone torn wanting successful wanting leave alone
224,Man of Marble,Drama History,man marble polish film student making film bricklayer idolized interviews people knew finds old footage lead unfolding mystery causes producer cancel project
605,The Matrix Revolutions,Adventure Action Thriller Science Fiction,human city zion defends itself against massive invasion machines neo fights end war another front while opposing rogue agent smith
1277,Gloomy Sunday,Romance Drama,budapest thirties restaurant owner laszlo hires pianist andrás play restaurant men fall love beautiful waitress ilona inspires andrás only composition song gloomy sunday first loved feared melancholic melody triggers off chain suicides fragile balance erotic ménage trois sent off kilter german hans goes falls love ilona well
1836,In My Skin,Drama Horror,esther selfconscious young woman works public relations firm one night party friend sandrine esther wanders backyard stumbles scratching leg piece scrap metal goes back party later realizes injury much severe thought theres huge ugly gouge way shin shes bleeding profusely goes doctor patches tells need skin graft esther becomes obsessed wound wont let heal sneaking away during work cut herself leg becomes ugly scarred mass begins notice problem arm long shes alienated vincent jeopardized job compulsive selfdestructive behavior continues grotesque downward spiral
508,Love Actually,Comedy Romance Drama,follows seemingly unrelated people lives begin intertwine while fall out love affections languish develop christmas draws near
4970,Gothika,Horror Thriller,car crash criminal psychologist halle berry comes only find shes patient same mental institution currently employs seems shes accused murdering husband memory committing crime tries regain memory convince coworkers innocence vengeful spirit uses earthly pawn convinces everyone guilt
470,21 Grams,Drama Crime Thriller,story three gentle persons paul rivers ailing mathematician lovelessly married english émigré christina peck uppermiddleclass suburban housewife happily married mother two little girls jack jordan exconvict found christian faith strength raise family brought together terrible accident change lives final frame none same learn harsh truths love faith courage desire guilt chance change worlds irretrievably forever
1702,Death Machine,Action Horror Science Fiction Thriller,chaank armaments experimenting ultimate fighting machine part human part machine far hardman project unreliable killed number innocent people genius behind project jack lives world models toys magazines fired cale killing corporate officers unleashes ultimate killing machine called warbeast against cale help
4823,Final Analysis,Drama Thriller Romance,barr psychiatrist falls love sister one clients shes beautiful married gangster hates husband unable escape
780,The Passion of Joan of Arc,Drama History,classic silent age film tells story doomed ultimately canonized thcentury teenage warrior trial claiming shed spoken god jeanne darc subjected inhumane treatment scare tactics hands church court officials initially bullied changing story jeanne eventually opts sees truth punishment famously brutal execution earns perpetual martyrdom
234,The Cabinet of Dr. Caligari,Drama Horror Thriller Crime,cabinet caligari eerie expressionistic silent surreal become only classic german expressionist cinema landmark film history creative scenery unusual ending
899,Broken Blossoms,Drama Romance,broken blossoms american silent film director griffith melodrama tells love story abused english woman chinese buddhist time london brutal harsh place live
8010,Highlander II: The Quickening,Action Fantasy Science Fiction,year ozone layer believed destroyed macleod rameriz set things right opposition comes planet ziest macleod ramirezs homeworld corporation profiting supposed lack ozone flashbacks show story behind macleod ramirezs exile ziest
2297,Kafka,Comedy Drama Mystery,kafka insurance worker gets embroiled underground group coworker murdered underground group responsible bombings town attempting thwart secret organization controls major events society eventually penetrates secret organization confront
951,Kindergarten Cop,Comedy,hardedged cop john kimble gets bargained goes undercover kindergarten teacher get goods brutal drug lord while same time protecting mans young son pitted against class boisterous moppets whose antics try patience test mettle kimble met match ways one
1643,Last Tango in Paris,Drama Romance,young parisian woman begins sordid affair middleaged american businessman lays out ground rules clandestine relationship based only sex
2612,Mr. Destiny,Fantasy Comedy Science Fiction Romance,larry burrows unhappy feels powerless life believes entire life turned out differently missed shot baseball game kid one night meets mysterious man change fate offering alternative life always dreamed burrows embarks journey self discovery realises even new life problems drawbacks
3112,The Night of the Hunter,Thriller Crime,deep south serialkilling preacher hunts two young children know whereabouts stash money
2611,Only the Lonely,Comedy Romance,danny muldoon chicago policeman still lives overbearing mother rose meets falls love theresa luna whose father owns local funeral parlour naturally mother objects relationship danny theresa either overcome objections give romance
3176,Battle Royale,Drama Thriller Adventure,future japanese government captures class ninthgrade students forces kill revolutionary battle royale act
1626,Vivre Sa Vie,Drama,twelve episodic tales life parisian woman slow descent prostitution
483,Wild at Heart,Comedy Crime Thriller,young lovers sailor lula run variety weirdos lulas mom hired kill sailor
3681,What's New Pussycat?,Comedy Romance,playboy refuses give hedonistic lifestyle settle down marry true love seeks help demented psychoanalyst having romantic problems own
898,Birdman of Alcatraz,Drama,killing prison guard convict robert stroud faces life imprisonment solitary confinement driven nearly mad loneliness despair strouds life gains new meaning happens upon helpless baby sparrow exercise yard nurses back health despite having only third grade education stroud goes become renowned ornithologist achieves greater sense freedom purpose behind bars people find outside world
2000,Aguirre: The Wrath of God,Adventure Drama History,decades destruction inca empire spanish expedition leaves mountains peru goes down amazon river search gold wealth soon come across great difficulties don aguirre ruthless man cares only riches becomes leader quest lead golden city certain destruction
648,Beauty and the Beast,Drama Fantasy Romance,story gentlehearted beast love simple beautiful girl drawn repellent strangely fascinating beast tests fidelity giving key telling doesnt return specific time die grief unable return key time revealed beast genuinely handsome one simple tale tragic love turns surreal vision death desire beauty
4024,Last Year at Marienbad,Drama Romance,takes place chateau ambiguous story man woman met last year marienbad
3089,Red River,Western,dunson driving cattle red river adopted son matthew turns against
1594,A Shot in the Dark,Comedy Crime,shot dark second successful film pink panther film series animated real life sequences mixed cult classic blake edwards based play lidiot marcel achard harry kurnitz
916,Bullitt,Action Crime Drama Thriller,senator walter chalmers aiming take down mob boss pete ross help testimony criminals hothead brother johnny protective custody san francisco watch police lieutenant frank bullitt pair mob hitmen enter scene bullitt follows trail through maze complications doublecrosses thriller includes one famous car chases ever filmed
1976,Jezebel,Drama Romance,louisiana willfulness tempestuous southern belle threatens destroy care
31685,The Hunchback of Notre Dame,Romance Drama Horror,king louis wise old king frollo chief justice frollo gazes gypsy girl esmeralda church during fools day sends quasimodo catch quasimodo girl captured phoebus captain guards frees girl courts sentence quasimodo flogged only one give water while tied square esmeralda later party nobles esmeralda meets frollo bewitched phoebus phoebus stabbed death esmeralda accused murder convicted court sentenced hang clopin king beggars gringoire esmeraldas husband quasimodo bellringer try different ways save gallows
3062,42nd Street,Music Comedy Romance,producer puts last broadway show last moment chorus girl replace star
79,Hero,Drama Adventure Action History,one man defeated three assassins sought murder powerful warlord preunified china
81,Nausicaä of the Valley of the Wind,Adventure Animation Fantasy,global war seaside kingdom known valley wind remains one last strongholds earth untouched poisonous jungle powerful insects guard led courageous princess nausicaa people valley engage epic struggle restore bond humanity earth
4368,Dark Wolf,Horror,hip erotic twist werewolf thriller atmospheric horror film adds wickedly sexy appetite bloodthirsty cravings monster vicious werewolf stalks streets los angeles killings desperate goal mate unsuspecting josie unaware special power attracting beast forced take investigation involving werewolves partner killed lapd detective led trail ravenously deadly hybrid werewolf
120637,Queen of Hearts,Comedy Romance Foreign,eddie luca youngest son family italian immigrants moved london beginning nowhere open cafe italian neighbourhood one day father loses cafe home wedding ring gambling
255,Stolen Kisses,Comedy Drama Romance,baisers voles second two films antoniedoinelzyklus french director truffaut film depicts life young twenty year old man whos life revolves around casual jobs women especially young violinist christine darbon claude jades screendebut
616,The Last Samurai,Drama Action War History,nathan algren american hired instruct japanese army ways modern warfare finds learning respect samurai honorable principles rule pressed destroy samurais way life name modernization open trade algren decides become ultimate warrior himself fight right exist
587,Big Fish,Adventure Fantasy Drama,throughout life edward bloom always man big appetites enormous passions tall tales later years remains huge mystery son william now get know real man begins piecing together true picture father flashbacks amazing adventures
1792,Stuck on You,Comedy,marthas vineyard mass conjoined twins walt greg kinnear bob tenor matt damon make best handicap fastest grill cooks town while outgoing walt hopes one day become famous actor shy bob prefers stay out spotlight fading hollywood actress cher cher decides get show honey beaze cancelled hires walt brotherly appendage costars addition surprisingly achieves opposite
3635,Girl with a Pearl Earring,Drama Romance,film adapted work fiction author tracy chevalier tells story events surrounding creation painting girl pearl earring century dutch master johannes vermeer young peasant maid working house painter johannes vermeer becomes talented assistant model one famous works
122,The Lord of the Rings: The Return of the King,Adventure Fantasy Action,aragorn revealed heir ancient kings gandalf members broken fellowship struggle save gondor saurons forces meanwhile frodo sam bring ring closer heart mordor dark lords realm
504,Monster,Crime Drama,aileen wuornos emotionally scarred highway hooker shoots sadistic trick rapes ultimately becomes americas first female serial killer
2289,Cold Mountain,Drama,classic story love devotion set against backdrop american civil war wounded confederate soldier named inman deserts unit travels across south aiming return young wife ada left behind tend farm inman makes perilous journey home ada struggles keep home intact assistance ruby mysterious drifter sent help kindly neighbor
42418,Young Black Stallion,Adventure Drama Family,courageous young neera becomes separated family desert chances upon wild colt together find friendship trust way back home only discover family lose everything
1937,Bonjour Tristesse,Drama,cecile decadent young girl lives rich playboy father raymond anne raymonds old love interest comes raymonds villa cecile afraid way life
26712,The Enforcer,Drama Action Crime,years pursuit assistant martin ferguson good case against murder inc boss albert mendoza mendoza jail lieutenant joseph rico going testify rico falls death ferguson work through night going everything build case anew
1882,The Men,Drama,fred zinnemanns sensitive film plight paraplegic wwii veterans features marlon brando superbly moving screen debut plays bud wilozek one group veterans recovering paraplegic ward hospital hometown former fiancée ellen teresa wright explains physician brock everett sloane concern isolation apparent depression since broken engagment refuses see counsels patient decides broach issue bud embittered patient reacts angrily doctors intrusiveness continues refuse see ellen doctor cajoles withdrawn paraplegic life ward fellow patients begin pull bud out spiritual miasma length sense hope starts return seeing ellen first time months begins contemplate possibility marriage
427,Mon oncle,Comedy,many idea rich comic situations french director jacques tati uses poetic ways knowledge discrepancy heart technique tell gentle business satiric tale won oscar best foreign film
3022,Dr. Jekyll and Mr. Hyde,Drama Horror Science Fiction,jekyll believes good evil exist everyone creates potion allows evil side hyde come fore faces horrible consequences lets dark side run amok
778,Monsieur  Hulot's Holiday,Comedy Family,monsieur hulot comes beachside hotel vacation accidentally goodnaturedly causes havoc
3088,My Darling Clementine,Drama Western,wyatt earp brothers morgan virgil ride tombstone leave brother james charge cattle herd return find cattle stolen james dead wyatt takes job town marshal making brothers deputies vows stay tombstone until james killers found soon runs brooding coughing harddrinking doc holliday well sullen vicious clanton clan wyatt discovers owner trinket stolen james dead body stage set earps longawaited revenge
2017,No Good Deed,Action Crime Drama Mystery Thriller,while doing friend favor searching runaway teenager police detective stumbles upon bizarre band criminals pull off bank robbery
405,La Strada,Drama,traveling strongman zampano repays death rosa assistant offering same job little sister gelsomina whose mother receives compensation return
5055,Ashes and Diamonds,War Drama,maciek andrzej two home army fighters paired ordered kill incoming communist party cadre hotel targets welcoming party held maciek meets barmaid krystyna two brief passionate affair pulled away fleeting happiness deadly mission
27329,The Legend of Suriyothai,Drama Foreign History War,during century thailand contends civil war burmese invasion beautiful princess rises help protect glory kingdom ayothaya based life queen suriyothai
1954,The Butterfly Effect,Science Fiction Thriller,young man struggles access sublimated childhood memories finds technique allows travel back past occupy childhood body change history however soon finds change makes unexpected consequences
1278,The Dreamers,Drama Romance,young american studying paris strikes friendship french brother sister set against background paris student riots
7008,The Wilby Conspiracy,Action Adventure Drama Thriller,having spent years prison nationalist activities shack twala finally ordered released south african supreme court finds himself almost immediately run runin police assisted lawyer rina van niekirk visiting british engineer jim keogh heads capetown hopes recover stash diamonds meant finance revolutionary activities entrusted dentist incarceration along way followed major horn south african state security bureau becomes apparent intention arresting until reach final destination
1824,50 First Dates,Comedy Romance,henry player skilled seducing women veterinarian meets lucy girl quirky problem comes total recall realizes possible fall love againand thats because delightful lucy shortterm memory henry woo day day until finally sweeps off feet
337,Monsieur Ibrahim,Drama,monsieur ibrahim story young jewish boy paris meets old muslim turkish grocery store owner film touches themes friendship love old man father figure boy teaches koran film based book popular book french author ericemmanuel schmitt
43376,Diary of a Country Priest,Drama,frail priest assigned small french provincial town slowly able help wayward souls rediscover faith god soon contend own realization dying
2099,Raw Deal,Action Crime Thriller,mark kaminsky kicked out fbi rough treatment suspect winds sheriff small town north carolina fbi chief harry shannon whose son killed mobster named patrovina enlists kaminsky personal vendetta promise reinstatement fbi patrovina taken down accomplish undercover join patrovinas gang
615,The Passion of the Christ,Drama,passion christ film last hours life jesus director mel gibson received much criticism critics audiences explicit depiction focus violence christs suffering especially part jewish community films languages arabic latin hebrew actors laymen controversially received well
338,"Good bye, Lenin!",Comedy Drama Romance,affectionate refreshing eastwestgermany comedy boy whos mother coma while berlin wall fell wakes try keep learning happen since avid communist supporter avoid shocking lead another heart attack
2023,Hidalgo,Western Adventure,set story pony express courier travels arabia compete horse hidalgo dangerous race massive contest prize adventure sends pair around world
1586,Secret Window,Thriller Mystery,mort rainey writer emerging painful divorce exwife stalked remote lake house psychotic stranger wouldbe scribe claims rainey swiped best story idea rainey endeavors prove innocence begins question own sanity
156,Wilbur Wants to Kill Himself,Comedy Drama Romance,strange comedy film two close brothers one wilbur wants kill himself harbour tries prevent father dies leaving bookstore meet woman makes lives bit better yet bit trouble well
924,Dawn of the Dead,Fantasy Horror Action,group surviving people take refuge shopping center world taken aggressive flesheating zombies remake zombie film same name
38,Eternal Sunshine of the Spotless Mind,Science Fiction Drama Romance,joel barish heartbroken girlfriend underwent procedure erase memory decides same however watches memories fade away realises still loves late correct mistake
553,Dogville,Crime Drama Thriller,barren soundstage stylishly utilized create minimalist smalltown setting mysterious woman named grace hides criminals pursue town twofaced offers harbor grace long make worth effort grace works hard employ various townspeople win favor tensions flare however graces status helpless outsider provokes vicious contempt abuse citizens dogville
1487,Hellboy,Fantasy Action Science Fiction,final days world war nazis attempt use black magic aid dying cause allies raid camp ceremony taking place demon hellboy already conjured joining allied forces hellboy eventually grows adulthood serving cause good rather evil
2122,The Whole Ten Yards,Comedy Thriller Crime,jimmy tulip tudeski now spends days compulsively cleaning house perfecting culinary skills wife jill purported assassin yet pull off clean hit suddenly uninvited unwelcome connection past unexpectedly shows jimmy jills doorstep hes begging help rescue wife cynthia
923,Dawn of the Dead,Horror,during evergrowing epidemic zombies risen dead two philadelphia swat team members traffic reporter televisionexecutive girlfriend seek refuge secluded shopping mall
2587,"Brother Sun, Sister Moon",War Drama History,dramatization events life francis assisi conversion experience through audience pope including friendship clare
3591,One Million Years B.C.,Action Adventure Fantasy,earth wrestles agonising birth peoples barren desolate world struggle survive driven animal instinct compete against harsh conditions giant predators warring tribes two people opposing clans fall love existing conventions shattered forever tribe struggles supremacy man embarks tortuous voyage civilisation
68347,Food of the Gods II,Horror Science Fiction,growth hormone experiment gets out hand resulting giant maneating rats escape reaking havoc unsuspecting campus much bloodletting follows
2098,Viva Las Vegas,Comedy Drama Music Romance,lucky jackson arrives town car literally tow ready first las vegas grand prix money buy engine gets cash easily enough mislays pretty swimming pool manageress takes mind off things seems lose race girl problems made difficult rivalry elmo mancini fellow racer womaniser
393,Kill Bill: Vol. 2,Action Crime Thriller,bride unwaveringly continues roaring rampage revenge against band assassins tried kill unborn child visits former associates onebyone checking off victims death list five until theres nothing left kill bill
237,Young Adam,Drama Thriller Crime Romance,young drifter working river barge disrupts employers lives while hiding fact knows dead woman found river admits
42015,Swimming to Cambodia,Comedy Drama,spalding gray sits behind desk throughout entire film recounts exploits chance encounters while playing minor role film killing fields same time gives background events occurring cambodia time film set
132,The Rolling Stones: Gimme Shelter,Documentary Music,documentary rolling stones tour become legendary harrowing symbol tragic demise peace love era successful tour across rolling stones gave free december concert altamont speedway california grateful dead ike tina turner jefferson airplane flying burrito brothers band unwisely selected hells angels provide security bikers resorted violence keep stoned restless often naked crowd line result dozens injuries onscreen stabbing young black man during sympathy devil one concerts staff security manipulative effective move maysles brothers filmed mick jagger editing room witnessing oncamera murder first time film works rockandroll document capturing band relaxed intoxicating electrifying
4339,The Nasty Girl,Comedy Drama Foreign,young woman investigates towns nazi past community turns against
5247,Mercy,Drama Mystery Thriller,detective catherine palmer ellen barkin trail elusive serial killer during investigation meets vickie kittrie peta wilson belongs exclusive club women engage secret sessions bondage sampm matters become even complicated palmer finds herself attracted kittrie leading brief lesbian encounter palmer soon learns victim belonged club prominent sexually experimental women order catch killer catherine trust vickie guide through dangerous illicit underground
502,Fail-Safe,Drama History Thriller,because technical defect american bomber team mistakenly orders destruction moscow president united states little time prevent atomic catastrophe occurring director sidney lumet gives atmospheric vision future cold war backdrop
1373,The Discovery of Heaven,Drama Fantasy,disappointed humanity god wants revoke contract humanity wants take back stone tablets containing ten commandments end angel sent out affect personal lives three humans appropriate child conceived
667,You Only Live Twice,Action Thriller Adventure,mysterious space craft kidnaps russian american space capsule brings world verge another world war james bond investigates case japan meets archenemy blofeld fifth film legendary james bond series starring sean connery british super agent
700,Octopussy,Adventure Action Thriller,james bond sent investigate fellow agent found dead priceless farberge egg james bond follows mystery uncovers smuggling scandal russian general wants provoke new world war
633,Soldier of Orange,Drama History Thriller War,film depicts world war through eyes several dutch students follows through beginning war nazi occupation liberation
294,Desert Hearts,Drama Romance,story straightedge literature professor vivian travels reno get away relationship breakup falls love attractive unconventional girl named cay
1162,The Miracle Worker,Drama,true story frightening lonely world silence darkness yearold helen keller since infancy never seen sky heard mothers voice expressed innermost feelings annie sullivan yearold teacher boston arrives having recently regained own sight nononsense annie reaches out helen through power touch only tool common leads bold pupil miraculous journey fear isolation happiness light
988,The China Syndrome,Thriller Drama,while doing series reports alternative energy sources opportunistic reporter kimberly wells witnesses accident nuclear power plant wells determined publicise incident soon finds herself entangled sinister conspiracy keep full impact incident secret
204,The Wages of Fear,Drama Thriller Adventure,south american jungle supplies nitroglycerine needed remote oil field oil company pays four men deliver supplies two trucks tense rivalry develops two sets drivers rough remote roads slightest jolt result death
5248,Virtual Sexuality,Comedy,desperate find perfect man justine goes technology fair nerdy classmate chas really thing eventually persuaded try virtual reality makeover machine discovers create perfect man even only electronic facsimile power surge freakish accident causes part psyche copied virtual perfect man
2786,Pierrot le Fou,Drama Thriller,pierrot escapes boring society travels paris mediterranean sea marianne girl chased hitmen algeria lead unorthodox life always run
26133,Tuesdays with Morrie,Drama,mitch became caught career sport commentator journalist ignored girlfriend make time things life value human morrie one mitchs professors college famous scholar one day mitch watching television saw morrie giving interview stating dying lou gehrig disease als
2817,Same Old Song,Drama Comedy Romance,odile business executive looking new bigger apartment younger sister camille completed doctoral thesis history paris tour guide simon regular camilles tours because hes attracted camille fallen marc begin affair nicolas looking apartment since hopes eventually family join paris
1394,Nostalgia,Drama Romance,russian poet andrei gorchakov accompanied guide translator eugenia traveling through italy researching life thcentury russian composer ancient spa town meets lunatic domenico years earlier imprisoned own family house seven years save evils world seeing deep truth domenicos act andrei becomes drawn series dreams poets nostalgia homeland longing wife ambivalent feelings eugenia italy sense kinship domenico become intertwined
1719,The Soft Skin,Drama Romance,pierre lachenay wellknown publisher lecturer married franca father sabine around meets air hostess nicole start love affair pierre hiding cannot stand staying away
781,Wintersleepers,Drama,young blonde translator rebecca lives boyfriend ski instructor marco mountain villa owned friend nurse laura rene local cinema projectionist steals marcos car gets car crash local theo whose daughter coma time dies rene suffers partial short term memory loss starts relationship laura meanwhile marco looking man stole car theo man killed daughter
3777,Throne of Blood,Drama History,mikio washizu commanders fortress local lord reigns spiders web castle defeating lords enemies battle visit fortress washizu driven wife conspires murders lord becoming lord castle evil deeds come back haunt
465,Junior Size 36,Romance Drama,lili pouty voluptuous yearold caravan camping family biarritz shes selfaware holds own café conversation concert pianist meets wild streak shes testing powers men finding doesnt always control moods actions shes impatient virgin sets off brother disco latching onto aging playboy himself hot cold ambivalent losing virginity night willing next determined third playboys mix depression misogyny ends unconsummated affair lili hunt elsewhere
1583,Lammbock,Comedy,stefan kai good going business selfgrown cannabis screened pizza delivering service now only deal plantlouses
31952,The Vampire Lovers,Horror,heart styria karnstein family even mortal deaths rise tombs spreading evil countryside lust fresh blood baron hartog whose family victims karnstein vampirism opens graves drives stake through diabolical hearts one grave cannot locate legendary beautiful mircalla karnstein years peace follow grisly night until mircalla reappears avenge familys decimation satisfy desire blood
5927,Junior Bonner,Action Drama Western,mcqueen junior bonner aging rodeo champ returns home town participate annual rodeo finds family estranged help moves good rodeo riding brawls
3075,Frankenstein Must Be Destroyed,Horror Science Fiction,blackmailing young couple assist horrific experiments baron desperate vital medical data abducts man insane asylum route abductee dies baron assistant transplant brain corpse creature tormented trapped soul alien shell visit wife violently rejects monstrous form creature wrecks revenge perpetrator misery baron frankenstein
222,Berlin: Symphony of a Great City,Documentary History,berlin walter ruttmanns black white documentary berlin big city symphony shows day life metropolitan berlin showing industrial uprising well lives working circumstances time
1059,The Hidden Fortress,Adventure Drama Action Comedy,lured gold two greedy peasants escort man woman across enemy lines however realize companions actually princess general
3547,Reflections in a Golden Eye,Thriller Romance Drama,bizarre tale sex betrayal perversion military post
5481,Shock,Horror Thriller,couple terrorized new house haunted vengeful ghost womans former husband possesses young son
7090,Ken Park,Drama,ken park focuses several teenagers tormented home lives shawn seems conventional tate brimming psychotic rage claude habitually harassed brutish father coddled rather uncomfortably enormously pregnant mother peaches looks devoutly religious father yearns freedom theyre rather tight claim
42632,Monterey Pop,Documentary Music,beautiful june weekend height summer love first only monterey international pop festival roared forward capturing decades spirit ushering new era rock roll monterey launch careers jimi hendrix janis joplin otis redding among wildly diverse cast included simon garfunkel mamas papas byrds hugh masekela extraordinary ravi shankar characteristic vérité style pennebaker captured immortalizing moments become legend pete townshend destroying guitar hendrix burning
5902,A Bridge Too Far,Drama History War,tells story operation market garden failed attempt allies latter stages wwii end war quickly securing three bridges holland allowing access rhine germany combination poor allied intelligence presence two crack german panzer divisions meant final part operation bridge arnhem rhine doomed failure
4552,A Tale of Two Sisters,Drama Horror Mystery,recently released patient mental institution returns home sister only face disturbing events stepmother ghosts haunting house connected dark past familys history
26326,Rock 'n' Roll High School,Comedy Music,group rockmusicloving students help ramones take school combat newly installed oppressive administration
42725,The Wild Angels,Action Drama,peter fonda plays heavenly blues leader hells angels chapter venice california while bruce dern plays loser best pal botch attempt retrieve losers stolen bike loser ends hospital angels bust out dies bury nancy sinatra plays mike blues old lady diane ladd plays losers wife derns reallife wife time plot basically buildup last halfhour film losers funeral becomes another wild party
4291,Kikujiro,Comedy Drama Family,brash loudmouthed opportunistic kikujiro unlikely companion masao determined see mother never met two begin series adventures soon turns out whimsical journey laughter tears wide array surprises unique characters along way
113,"Spring, Summer, Fall, Winter... and Spring",Drama,south korean film takes place isolated lake old monk lives small floating temple monk young boy living learning become monk watch seasons years pass
203,Mean Streets,Drama Crime,smalltime hood choose among love friendship chance rise within mob
316,Grill Point,Comedy Drama,style documentary tragic comedy tells story relationship crisis two married couples longing break out miserable daily lives east german postwall movie andreas dresen introduces sad everyday life two couples frankfurt der oder honest tolerable manner
3072,Frankenstein Unbound,Drama Horror Science Fiction,ultimate weapon claimed safe mankind produces global sideeffects including time slides disappearances scientist behind project car zapped year switzerland meets victor frankenstein mary shelley others
250,In China They Eat Dogs,Action Comedy Crime,intent fast paced danish dark comedy film two separately motivated brothers slightly psychopathic tendencies end touchy situation one brother gets serious trouble bank robbery begs brother help
42013,Sammy and Rosie Get Laid,Drama Comedy,sammy rosie unconventional middleclass london married couple live midst innercity chaos surround themselves intellectual street people sleep everybody except things become interesting sammys father raffi former indian government minister comes london visit sammy rosie raffi try find meaning through lives loves
631,Sunrise: A Song of Two Humans,Drama Romance,married farmer falls spell slatternly woman city tries convince drown wife
48385,Indestructible Man,Crime Horror Science Fiction,scientific experiments accidentally revive executed criminal make impervious harm allowing seek revenge former partners deal similarly anyone else gets way
2546,Zazie dans le métro,Comedy Fantasy,brash precocious tenyearold catherine demongeot comes paris whirlwind weekend rakish uncle philippe noiret viewer get bargained however anarchic comedy louis malle rides roughshod city light based popular novel raymond queneau considered unadaptable malles audacious zazie dans métro made flair cusp french new wave bit streamofconsciousness slapstick walltowall visual gags editing tricks effects
5165,L'Avventura,Drama Mystery,woman disappears during mediterranean boating trip during search woman lover best friend become attracted
5544,Hiroshima Mon Amour,Drama History Romance,french actress filming antiwar film hiroshima affair married japanese architect share differing perspectives war
1994,The Most Dangerous Game,Adventure Horror Thriller,legendary hunter bob rainsford shipwrecked perilous reefs surrounding mysterious island finds himself guest reclusive eccentric count zaroff while gracious first zaroff eventually forces rainsford two shipwreck survivors brother sister eve martin towbridge participate sadistic game cat mouse prey hunter
870,Dolls,Drama Romance,dolls film japanese doll theater human love story illustrated through beautiful imagery film lot sensitive kitano films
809,Shrek 2,Adventure Animation Comedy Family Fantasy,shrek fiona donkey set off far far away meet fionas mother father everyone happy shrek king find hard get along theres tension marriage fairy godmother discovers shrek married fiona instead son prince charming sets destroying marriage
435,The Day After Tomorrow,Action Adventure Science Fiction Thriller,years increases greenhouse effect havoc wreaked globally form catastrophic hurricanes tornadoes tidal waves floods beginning new ice age paleoclimatologist jack hall tries warn world while shepherding safety son trapped new york city overwhelmed start new big freeze
673,Harry Potter and the Prisoner of Azkaban,Adventure Fantasy Family,harry ron hermione return hogwarts another magicfilled year harry comes face face danger yet time form escaped convict sirius black turns sympathetic professor lupin help
246,Zatoichi,Adventure Drama Action,zatôichi century blind nomad makes living gambler masseur however behind humble facade master swordsman gifted lightningfast draw breathtaking precision while wandering zatôichi discovers remote mountain village mercy ginzo ruthless gangleader ginzo disposes anyone gets way especially hiring mighty samurai ronin hattori bodyguard raucous night gambling town zatôichi encounters pair geishasas dangerous beautifulwhove come avenge parents murder paths colorful characters intertwine ginzos henchmen soon zatôichi legendary cane sword side stage set riveting showdown
2789,The Chronicles of Riddick,Action Science Fiction,years outrunning ruthless bounty hunters escaped convict riddick suddenly finds himself caught opposing forces fight future human race now waging incredible battles fantastic deadly worlds lone reluctant hero emerge humanitys champion last hope universe edge annihilation
46976,Wish You Were Here,Comedy Drama Foreign Romance,staid english seaside town second world war young lynda grows widowed father younger sister rebellious lynda swearing constantly early age sixteen becomes exhibitionist seeks out sexual encounters challenging prevailing lowermiddle class attitudes sex eventually becomes pregnant acquaintance father
831,This Island Earth,Mystery Adventure Science Fiction Horror Thriller,aliens landed hiding earth need earths scientists help fight interplanetary war
662,La Jetée,Romance Science Fiction,time travel still images past present future aftermath world war iii tale man slave sent back forth out time find solution worlds fate replenish decreasing stocks food medicine energies doing resulting perpetual memory lone female life death past events recreated airports viewing pier
8341,Samsara,Romance Drama Adventure,love story situated himalayas buddhist monk cant choose life way buddha
3019,Dr. Jekyll and Mr. Hyde,Horror Science Fiction,based story robert louis stevenson henry jekyll believes two distinct sides men good evil side believes separating two man become liberated succeeds experiments chemicals accomplish transforms hyde commit horrendous crimes discontinues use drug already late
3515,I'll Sleep When I'm Dead,Drama Action Thriller Crime,graham former london crime boss left former life live recluse forest haunted blood murdered wishes never return brother commits suicide following sexual assault hands volatile car dealer returns london discover cause brothers death administer justice responsible
594,The Terminal,Comedy Drama,viktor navorski man without country plane took off coup detat exploded homeland leaving shambles now hes stranded kennedy airport hes holding passport nobody recognizes while quarantined transit lounge until authorities figure out viktor simply goes living courts romance beautiful flight attendant
8981,Dear Frankie,Drama Family,nineyearold frankie single mum lizzie move ever since frankie remember recently arriving seaside scottish town wanting protect deaf son truth theyve run away father lizzie invented story away sea hms accra weeks lizzie writes frankie makebelieve letter father telling adventures exotic lands frankie tracks ships progress around globe discovers due dock hometown real hms accra arriving only fortnight lizzie choose telling frankie truth finding perfect stranger play frankies father one day
1944,The Door in the Floor,Drama,alternately tragic comic exploration complexities love brightest darkest corners adapted john irvings bestselling novel widow one year film set privileged beach community east hampton new york chronicles one pivotal summer lives famous childrens book author ted cole jeff bridges beautiful wife marion kim basinger oncegreat marriage strained tragedy resulting despondency subsequent infidelities prevented couple confronting muchneeded change relationship eddie ohare young man ted hires work summer assistant couples unwitting yet willing pawn ultimately catalyst transformation lives
1997,Two Brothers,Adventure Drama Family,two tigers separated cubs taken captivity only reunited years later enemies explorer pearce inadvertently forces fight
2330,Taxi,Action Comedy Crime,marseilles france skilled pizza delivery boy daniel drives scooter finally dreams come true gets taxi license caught police huge speed infraction help emilien loser inspector cant drive track german bank robbers doesnt lose license dream job
2334,Taxi 3,Action Comedy,gang thieves calling themselves santa claus gang wreaking havoc police cant keep police captain gilbert distracted chinese reporter writing story squad taxi driver daniel midst relationship crisis string mistakes thieves outsmart police time time daniel supertaxi pitch
2912,The Butcher,Drama Foreign Thriller,unlikely friendship dour working class butcher repressed schoolteacher coincides grisly series rippertype murders provincial french town
2202,Lassie Come Home,Adventure Drama Family,hard times came carraclough family forced sell dog rich duke rudling however lassie dog unwilling leave young carraclough boy sets out long dangerous journey order rejoin
3484,The Mask of Fu Manchu,Adventure Fantasy Horror,boris karloff stars villainous manchu race team englishmen find tomb ghengis khan manchu wants use relics cause uprising east wipe out white race
558,Spider-Man 2,Action Adventure Fantasy,peter parker going through major identity crisis burned out spiderman decides shelve superhero alter ego leaves city suffering wake carnage left evil doc ock meantime parker still cant act feelings mary jane watson girl hes loved since childhood
80,Before Sunset,Drama Romance,nine years ago two strangers met chance spent night vienna ended sunrise meet first time since now one afternoon find out belong together
2048,"I, Robot",Action Science Fiction,robots commonplace abide three laws robotics technophobic cop investigates apparent suicide suspecting robot responsible death investigation leads believe humanity danger
436,Maria Full of Grace,Drama Thriller Crime,pregnant colombian teenager becomes drug mule make desperately needed money family
2502,The Bourne Supremacy,Action Drama Thriller,cia operation purchase classified russian documents blown rival agent shows sleepy seaside village bourne marie living pair run lives bourne promised retaliation anyone former life attempt contact forced take life trained assassin survive
314,Catwoman,Action Crime,liquidated discovering corporate conspiracy mildmannered graphic artist patience phillips washes island shes resurrected endowed prowess cat shes eager use new skills vigilante say cat mouse handsome gumshoe tom lone tail
1783,To End All Wars,Action Comedy Drama History,based reallife story drama focuses small group allied soldiers burma held captive japanese capt ernest gordon ciaran mcmenamin jim reardon kiefer sutherland maj ian campbell robert carlyle among military officers kept imprisoned routinely beaten deprived food while campbell wants rebel attempt escape gordon tries take stoic approach attitude proves surprisingly resonant
31522,A Woman Is a Woman,Comedy Drama Romance,exotic dancer angéla attempts child unwilling lover émile process finds herself torn best friend alfred
5179,The Prime of Miss Jean Brodie,Drama,headstrong young teacher private school edinburgh ignores curriculum influences impressionable year old charges overromanticized world view
69526,The Assassination Bureau,Thriller Crime Comedy Action Adventure,assassination bureau existed decades perhaps centuries until diana rigg begins investigate high moral standing bureau only killing deserve called question puts out contract bureau assassinate leader eve world war
6947,The Village,Drama Mystery Thriller,willful young man tries venture beyond sequestered pennsylvania hamlet actions set off chain chilling incidents alter community forever
2577,Code 46,Drama Romance Science Fiction Thriller,futuristic brief encounter love story romance doomed genetic incompatibility
60760,Masques,Crime Thriller Foreign Comedy,deadly game cat mouse roland wolf writing book life game show host christian legagneuror
5137,Sky Captain and the World of Tomorrow,Mystery Action Thriller Science Fiction Adventure,gigantic robots attack new york city sky captain uses private air force fight off exgirlfriend reporter polly perkins investigating recent disappearance prominent scientists suspecting link global robot attacks missing men sky captain polly decide work together fly himalayas pursuit mysterious totenkopf mastermind behind robots
2003,Anatomy of Hell,Drama,man rescues woman suicide attempt gay nightclub walking streets together propositions shell pay visit isolated house four consecutive nights silently watch hes reluctant agrees four nights progress become intimate mutual fascinationrevulsion develops end fourday contract two total strangers profound impact
1653,The Motorcycle Diaries,Drama,motorcycle diaries based journals che guevara leader cuban revolution memoirs guevara recounts adventures best friend alberto granado while crossing south america motorcycle early
747,Shaun of the Dead,Horror Comedy,shaun lives supremely uneventful life revolves around girlfriend mother above local pub gentle routine threatened dead return life make strenuous attempts snack ordinary londoners
27815,Basket Case 2,Horror,having eluded authorities series grisly murders pair find sanctuary palatial home granny ruth eccentric philanthropist rallies cause unique individuals even amongst friends pair soon find themselves having confront murderous past
1599,I Heart Huckabees,Comedy Romance,husbandandwife team play detective traditional sense instead happy duo helps others solve existential issues kind keep night wondering means
4380,Shall We Dance?,Drama Romance Comedy,upon first sight beautiful instructor bored overworked estate lawyer signs ballroom dancing lessons
3989,Team America: World Police,Music Adventure Animation Action Comedy,team america world police follows international police force dedicated maintaining global stability learning dictator kim jong out destroy world team recruits broadway star gary johnston undercover help team america gary manages uncover plan destroy world team america able save time stars samuel jackson tim robbins sean penn michael moore helen hunt matt damon susan sarandon george clooney danny glover ethan hawke alec baldwin
3053,The Fearless Vampire Killers,Comedy Horror,noted professor dimwitted apprentice fall prey inquiring vampires while trail ominous damsel distress
1970,The Grudge,Horror Mystery Thriller,american nurse karen davis moves tokyo encounters vengeful supernatural spirit known grudge often possesses victims series horrifying mysterious deaths occur spirit passing curse onto victim karen find away break spell becomes spirits next victim
4553,The Machinist,Thriller Drama,machinist story trevor reznik latheoperator dying insomnia machine shop occupational hazards bad enough normal circumstances yet trevor risks compounded fatigue trevor lost ability sleep ordinary insomnia
176,Saw,Horror Mystery Crime,obsessed teaching victims value life deranged sadistic serial killer abducts morally wayward captured face impossible choices horrific game survival victims fight win lives back die trying
5255,The Polar Express,Adventure Animation Family Fantasy,doubting young boy takes extraordinary train ride north pole embarks journey selfdiscovery shows wonder life never fades believe
866,Finding Neverland,Drama,finding neverland amusing drama story peter pan neverland came during writing slump play writer barrie meets widowed sylvia three children soon become important part barries life inspiration lead create masterpiece peter pan
4251,Veer-Zaara,Drama Romance,story love veer pratap singh indian zaara hayaat khan pakistania love great knows boundaries
2059,National Treasure,Adventure Action Thriller Mystery,modern treasure hunters led archaeologist ben gates search chest riches rumored stashed away george washington thomas jefferson benjamin franklin during revolutionary war chests whereabouts lie secret clues embedded constitution declaration independence gates race find gold enemies
140,Bad Education,Crime Drama Romance Thriller,two children ignacio enrique know love movies fear religious school beginning father manolo director school professor literature witness part discoveries three followed through next decades reunion marking life death
1966,Alexander,War History Action Adventure Drama Romance,alexander king macedonia leads legions against giant persian empire defeating persians leads army across known world venturing farther westerner ever gone way india
2288,Closer,Drama Romance,witty romantic dangerous love story chance meetings instant attractions casual betrayals two couples disintegrate begin destructive adulterous affairs
163,Ocean's Twelve,Thriller Crime,danny ocean reunites old flame rest merry band thieves carrying out three huge heists rome paris amsterdam europol agent hot heels
25952,Conquest of Space,Science Fiction,team american astronauts leave space station first mission mars captains religious beliefs get way
3016,Dr. Jekyll and Mr. Hyde,Drama Horror Science Fiction,jekyll hyde horror silent film based upon robert louis stevensons novella strange case jekyll hyde starring actor john barrymore
2972,The Golem: How He Came Into the World,Horror Science Fiction Thriller,century jews prague face persecution rabbi loew creates giant golem out clay protect people film confused director paul wegeners henrik galeen mostly lost film golem der golem first film explore myth
992,"Sherlock, Jr.",Fantasy Drama Comedy Mystery,film projectionist longs detective puts meagre skills work framed rival stealing girlfriends fathers pocketwatch
3060,The Big Parade,Drama Romance War,story idle rich boy joins armys rainbow division sent france fight world war becomes friends two working class men experiences horrors trench warfare finds love french girl
1405,Greed,Drama History,greed classic silent film erich von stroheim woman wins lottery thus becoming obsessed money ruining marriage people around film originally hours long dramatically realistically depicted word word frank norris novel mcteague only hours exist today considered holy grail lost films
964,The Phantom of the Opera,Drama Horror,grotesquely disfigured composer known phantom haunts paris opera house hes secretly grooming christine daae opera diva luring underground lair phantom declares love christine loves raoul chagny plans elope next performance phantom finds out abducts christine incurring wrath raoul horde rabid parisians
697,October (Ten Days that Shook the World),Documentary Drama,october sergei eisensteins docudrama october revolution russia made ten years events edited eisensteins soviet montage style reenacts celebratory terms several key scenes revolution
905,Pandora's Box,Drama Thriller Romance,rise inevitable fall amoral naive young woman whose insouciant eroticism inspires lust violence around
3061,The Crowd,Drama,film centers ambitious undisciplined new york city office worker john meets marries mary start family struggle cope marital stress financial setbacks tragedy while lost amid anonymous pitiless throngs big city
27899,Little Caesar,Drama Action Crime,smalltime hood shoots way top long stay
5729,L'Âge d'Or,Romance Comedy Drama,film consists series tightly interlinked vignettes sustained details story man woman passionately love attempts consummate passion constantly thwarted families church bourgeois society general one notable scene young girl passionately fellates toe religious statue
3574,Doctor X,Thriller Horror,wisecracking new york reporter intrudes research scientists quest unmask moon killer
875,Shanghai Express,Romance Drama,shanghai express american love story adventure film josef von sternberg starring marlene dietrich film takes place train during chinese civil war
779,Vampyr,Drama Horror,traveler obsessed supernatural visits old inn finds evidence vampires
3766,The Lady from Shanghai,Crime Drama Mystery,romantic drifter gets caught corrupt tycoon voluptuous wife
946,Letter from an Unknown Woman,Drama,pianist flee duel receives letter woman cannot remember tells story lifelong love forced reinterpret own past
4558,Orpheus,Drama Fantasy Romance,café des poètes paris fight breaks out poet orphée jean marais group resentful upstarts rival poet cègeste edouard dermit killed mysterious princess maría casares insists taking orpheus body away rollsroyce orphée soon finds himself underworld princess announces fact death orpheus escapes car back land living only become obsessed car radio film central part cocteaus orphic trilogy consists blood poet orpheus testament orpheus
800,Los Olvidados,Crime Drama,group juvenile delinquents live violent crimefilled life festering slums mexico city morals young pedro gradually corrupted destroyed others
3111,A Star Is Born,Drama Music Romance,movie star helps young singeractress find fame even age alcoholism send own career downward spiral
803,Night and Fog,History Documentary War,documentary film french director resnais set ten years second world war depicts problems auschwitz shocking images concentration camps
31374,Samurai II: Duel at Ichijoji Temple,Drama Action Adventure,years road establishing reputation japans greatest fencer takezo returns kyoto otsu waits yet come challenge leader regions finest school fencing prove valor skill walks deliberately ambushes set schools followers while otsu waits akemi seeks expressing desires directly meanwhile takezo observed sasaki kojiro brilliant young fighter confident dethrone takezo leaving kyoto triumph takezo declares love otsu way dishonors shames leaves alone
56156,The Last Hurrah,Drama,aging politician tries get reelected one last time changing world started play bigger part politics based loosely career multiterm boston mayor james michael curley film examines good evil inherent politics things election tracys uphill battle stay office set against political machinery preyed ethnic hatred oldtime money
34528,The Human Condition II: Road to Eternity,War Drama History,kaji having lost exemption military service protecting chinese prisoners unjust punishment now conscripted japanese kwantung army despite antimilitarism kaji excels training tries implement ideals dealings soldiers face prevailing brutality film ends soviet armys victorious onslaught
750,Murder She Said,Drama Crime Mystery Comedy,miss marple believes shes seen murder passing train yet police find evidence decides investigate own inquisitions lead mountain top first four films starring margaret rutherford miss marple achieved cult status
34530,The Human Condition III: A Soldier's Prayer,War Drama History,japanese forces having shattered kaji comrades embark epic journey foot southward kaji hopes rejoin michiko surviving many perils captured red army subjected treatment echoes meted out chinese
3010,The Cardinal,Drama History War,young catholic priest boston confronts bigotry naziism own personal conflicts rises office cardinal
4025,The Prize,Drama Mystery Crime,reason years nobel prize literature awarded young author andrew craig seems interested women drinking writing another laureate max stratman famous germanamerican physicist comes stockholm young beautiful niece emily foreign department gives assistant during stay miss andersson craig soon notices stratman acting strangely second time meet stratman even recognize
3763,Onibaba,Horror,medieval times remote plain widow motherinlaw kill wandering samurai put bodies hole ground sell armour valuables until daughterinlaw falls love one intended victims
7348,Robinson Crusoe on Mars,Drama Science Fiction,stranded mars only monkey companion astronaut figure out find oxygen water food lifeless planet
2661,Batman,Family Adventure Comedy Science Fiction Crime,dynamic duo faces four supervillains plan hold world ransom help secret invention instantly dehydrates people
2097,"Gappa, the Triphibian Monster",Horror Science Fiction,expedition south pacific lands tropical island natives worship mysterious deity gappa earthquake opens underground cavern baby reptile discovered inside natives warn foreigners leave hatching alone dont listen take back zoo japan soon moma papa gappa start smashing tokyo looking kidnapped child
135,Dont Look Back,Documentary Music,wildly entertaining vision one twentieth centurys greatest artists bob dylan surrounded teen fans gets heated philosophical jousts journalists kicks back fellow musicians joan baez donovan alan price
4191,The Bride Wore Black,Mystery Drama Romance Thriller Crime,julie kohler prevented suicide mother leaves town track down charm kill five men know goal purpose
1846,Marlowe,Crime Mystery Drama,los angeles privateeye philip marlowe trying locate brother new client woman named orfamay quest trail leads two men deny knowledge brothers existence soon killed ice pick marlowe deduces theres much simple missingperson case marlowes path crosses blackmailed movie star mavis wald friend exotic dancer delores mobster sends karate expert winslow wong bust marlowes office warn off case while lieutenant french cautions detective stay out polices way
2860,Claire's Knee,Drama Romance,eve wedding holiday lake annecy shore career diplomat visits old acquaintance perhaps former girlfriend through meets intense teenager laura lusts sister claire whilst laura attempts flirt fantasy becomes focused wanting caress claires knee
26606,Performance,Crime Drama Music,young gangster chas devlin james fox seeks refuge mob basement belonging reclusive fading rock star turner mick jagger underworld terms chas performer gangster talent violence intimidation taking trip begins cross dress experiment sexuality directorial debut nicolas roeg explores liberating impulses threat anarchy provided twin motors swinging sixties
839,Duel,TV Movie Action Thriller,travelling businessman david mann angers driver rusty tanker whilst crossing californian desert simple trip turns deadly mann struggles stay road while tanker plays cat mouse life
40732,The Emigrants,Adventure Drama,middle century kristina karloskar live small rural village smaaland southern sweden get married try make living small spot land however small size land infertile soil bad harvests makes tough one children even starve death thus decide emigrate meet group farmers families planing emigration leadership banned priest sell everything embark journey sailing ship long tedious emigrants never reach new world
760,The Mad Adventures of Rabbi Jacob,Comedy,riot frantic disguises mistaken identities victor pivert blustering bigoted french factory owner finds himself taken hostage slimane arab rebel leader two dress rabbis try elude only assasins slimanes country police think pivert murderer pivert ends posing rabbi jacob beloved figure whos returned france first visit years united states adding confusion piverts dentistwife thinks husband leaving another woman daughter whos get married parisian neighborhood filled people eager celebrate return rabbi jacob
1410,Dark Star,Comedy Science Fiction,lowbudget scifi satire focuses group scientists whose mission destroy unstable planets years mission battle alien mascot resembles beach ball well sensitive intelligent bombing device starts question meaning existence
8327,The Holy Mountain,Drama,mexican master leads christ figure disciples mountain immortal wise men
5618,"Cousin, Cousine",Romance Comedy,two distant cousins meet wedding banquet elderly couple time close friendship develops spouses begin think friends
1835,"Farewell, My Lovely",Crime Mystery Thriller,los angeles private eye philip marlowe hired paroled convict moose malloy find girlfriend velma former seedy nightclub dancer
1660,Small Change,Drama Comedy,various experiences childhood seen several sequences take place small town thiers france vignettes include boys awakening interest girls couples doubledating movies brothers giving friend haircut boy dealing abusive home life baby cat sitting open window child telling dirty joke boy develops crush friends mother
6476,From Noon Till Three,Comedy Western,bank robber graham dorsey spends hours beautiful widow amanda starbuck time gang takes part disastrous holdup learning comrades demise dorsey goes lam believing shortterm lover killed law amanda decides make having liaison supposedly deceased desperado writing book much confusion stillliving dorsey watches name becomes legendary
26842,The Message,Adventure Drama Action History,handsomelymounted historical epic concerns birth islamic faith story prophet mohammed
5651,Up!,Comedy,soft core sex comedy film directed american filmmaker russ meyer plot centers around bizarre murder mystery involving death former nazi adolf schwartz caricature adolf hitler living hiding bavarian style castle northern californiakitten natividad plays greek chorus appears nude scenes throughout film provide narration plot details updates
6341,Blue Thunder,Science Fiction Action Thriller Crime Drama,officer frank murphy experienced lapd helicopter pilot given command advanced new blue thunder chopper begins wonder lapd need helicopter powerful such secret
232,Rumble Fish,Action Adventure Crime Drama Romance,rusty james absentminded street thug struggles live legendary older brothers reputation longs days gang warfare going
30707,Star 80,Drama,paul snider narcissistic small time hustler fancies himself ladies man life changes meets dorothy stratten working behind counter dairy queen
1884,The Ewok Adventure,Adventure Family Fantasy Science Fiction TV Movie,towani family civilian shuttlecraft crashes forest moon endor four towanis separated jermitt catarine mother father captured giant gorax mace cindel son daughter missing captured next day ewok deej looking two sons find cindel alone shuttle mace cindel looking transmitter send distress call mace appears emergency blaster eventually fouryear old cindel able convince teenage mace ewoks nice ewoks towanis adventure find elder towanis
33138,The Times of Harvey Milk,Documentary,true twentiethcentury trailblazer harvey milk outspoken human rights activist one first openly gay politicians elected public office even assassination continues inspire disenfranchised people around world one first feature documentaries address gay life america times harvey milk work advocacy itself bringing milks message hope equality wider audience exhilarating trove original documentary material archival footage much vivid portrait time place testament legacy political visionary
26555,Club Paradise,Comedy Drama Romance,chicago firefighter jack moniker retires moves small caribbean island befriended owner rundown resort together renovate resort lure tourists club paradise effort fight off corrupt officials businessmen want claim resort own
4043,Law of Desire,Comedy Drama Romance,porn director pablo reluctantly breaks boyfriend juan encourages stay touch juan moves away live lighthouse eventually writes interim pablo taken psychotic new lover antonio antonio banderas antonio intercepts correspondence flies towering rage terrifying pablo inspiring creatively works play transsexual sister
4271,Life Is a Long Quiet River,Comedy,two babies switched birth mistake discovered years later leads complications lives families one family affluent dutiful apparently contented children family poor rambunctious even delinquent children often hungry lots laughter house
2927,Moon 44,Science Fiction,year mineral resources earth drained space fights last deposits planets satellites situation one bigger mining corporations lost one mineral moons many fully automatic mining robots disappearing flight home since nobody else wants job send prisoners defend mining station among undercover agent stone clear whereabouts expensive robots atmosphere corruption fear hatred gets fronts rivaling groups
31923,"Welcome Home, Roxy Carmichael",Drama Comedy,movie star roxy carmichael abandoning bright lights hollywood calif returning small ohio hometown least long enough dedicate city building now whole town clyde bracing carmichaels return nowmarried old flame denton webb troubled teen dinky bossetti orphan friends dinky convinced carmichael birth mother actress reclaim returns
1483,Begotten,Fantasy Horror,begotten creation myth brought life story less violent death god rebirth nature barren earth
31696,A Kiss Before Dying,Mystery Thriller Crime,infatuated idea becoming rich college student jonathan corliss secretly dates dorothy carlsson gain approval wealthy father dorothy tells jonathan pregnant father deny inheritance finds out jonathan murders stages death suicide jonathan works way onto carlssons payroll dorothys twin sister ellen investigates apparent suicide
5048,Prospero's Books,Drama Fantasy,exiled magician finds opportunity revenge against enemies muted daughter son chief enemy fall love uniquely structured retelling tempest
5051,The Baby of Mâcon,Drama History,town cursed barren women famine saved miracle birth old ugly woman mother immediately afterwards old womans daughter ormond claims delivered baby herself virgin birth imprisons mother begins exploit baby selling blessings desperate townspeople mâcon
5187,Three of Hearts,Comedy Drama Romance,lesbian hires male escort break heart bisexual woman dumped
8983,Felidae,Animation Mystery Thriller,domestic house cat named francis investigates grisly feline murders taking place new neighborhood
2460,Earth,Drama Romance Science Fiction,angel exterminator recently released mental hospital comes rid small spanish town tiny grubs soil local winemaking industry found pests responsible giving product earthy taste divided local opinion while town angel becomes involved two beautiful different women impacts lives grand scale either women accept fact angel travels ghost himself routinely speaks deseased townspeople
5470,Beowulf,Action Science Fiction Thriller Adventure Horror Fantasy,beowulf wanderer learns maneating creature called grendel comes night devour warriors trapped outpost outpost ruled hrothgar daughter whose husband murdered outposts master arms
1283,"Torrente, the Dumb Arm of the Law",Comedy Crime,torrente stupid arm law santiago segura stars javier cámara corrupt poor delusional sexist egocentric drunk rightwinged madrid cop named torrente top comedy shows torrente search heroin drug dealers outrageous characters passes way cult film one funniest spanish films successful boxoffice film
7096,Merlin,Adventure Drama Fantasy,legendary wizard tells story war against queen mab sidhe creation camelot
344,"Bang, Boom, Bang",Crime Action Comedy,bank robber kelle grabowski escapes prison while unemployed smalltime crook buddy sitting around doing nothing lost money fast paced comedy german director peter thorwarth
3716,In July,Adventure Comedy Romance,daniel follow sun hamburg bosporus friday meet love
5458,Cruel Intentions 2,Drama Romance Thriller,takes place several years cruel intentions back kathryn first meets sebastian sexual attraction enjoyment destroying lives peers
2463,Running Out of Time,Drama Action Thriller Crime,police inspector excellent hostage negotiator sheungsang finds himself head pulled hour game cancer suffering criminal out vengeance hong kongs organized crime syndicates
52666,The Debt,Drama Thriller Crime Foreign,based true events movie tells story two men want start scooter business dont required collateral bank loan one runs former flat neighbour offers lend money guy turns out thug starts extort life goes downhill
467,The Hole,Crime Drama Horror Thriller,four teenagers british private school secretly uncover explore depths sealed underground hole created decades ago possible bomb shelter
2899,Asterix & Obelix: Mission Cleopatra,Family Fantasy Comedy Adventure,egyptian queen cleopatra bets against roman emperor julius caesar people still great even times pharaohs long passed vows against logic build new palace caesar within three months since architects either busy otherwise conservative style ambivalent honor falls edifis build palace covered gold fate eaten crocodiles edifis calls upon old friend help out fabulous druid getafix gaul brews fantastic potion gives supernatural strength order help protect old druid asterix obelix accompany journey egypt julius caesar gets wind project succeeding building site attacked troops order win bet lose face like local pirates hasnt counted asterix obelix
3577,The Tunnel,Drama Thriller,inspired true events olympic swimmer harry melchior defects east germany hatches daring plot help sister others flee east berlin through yard underground tunnel
2440,Joint Security Area,War Drama Thriller,dmz separating north south korea two north korean soldiers killed supposedly one south korean soldier bullets found bodies together remaining bullets assassins magazine clip amount bullets gun normally hold bullets investigating swissswedish team neutral countries overseeing dmz suspects another unknown party involved points sort cover truth much simpler much tragic
919,Blood: The Last Vampire,Fantasy Animation Horror Comedy Thriller Science Fiction,japan vampirehunter saya powerful original sent liaison government david posed teenage student yokota high school eve halloween hunt down vampires saya asks david give new katana soon saves school nurse makiho amano two vampires disguised classmates makiho witnesses fight against powerful demon
211,Berlin is in Germany,Comedy Drama,berlin germany tragic comedy exprisoner east berlin find place newly united city director hannes stöhr
437,Cube²: Hypercube,Thriller Science Fiction Mystery,sequel low budget first film cube time prisoners find selves advanced cube environment escape killed science fiction film space time one path
2111,Balzac and the Little Chinese Seamstress,Drama Foreign,during cultural revolution two young men sent remote mining village fall love local tailors beautiful granddaughter discover suitcase full forbidden western novels
4612,Absolon,Action,near future virus infected everyone planet absolon drug everyone take stay alive one corporation controls drug murchison leader firm scientist researching virus found murdered norman scott policeman investigates crime
4326,Herr Lehmann,Comedy Drama,october part west berlin borough kreuzberg called largely shut off wall rest city years lethargic subculture students artists bohemians barflys flourished among crumbling buildings part microcosm barkeeper frank semiformally called herr lehmann friends patrons hangs out drinking sports utter disregard anything beyond lazily pursues affair cook katrin lifestyle gradually disturbed parents show visit things awry katrin best friend karl starts act strange meanwhile political turmoil mounts side wall
3177,Battle Royale II: Requiem,Action Thriller,three years events original battle royale shuya nanahara now internationallyknown terrorist determined bring down government terrorist group wild seven stages attack levels several buildings tokyo christmas day killing people order government study benefits teamwork new students work pairs collars electronically linked one killed dies well kill nanahara three days die
4972,The Green Butchers,Comedy,green butchers danish grønne slagtere black comedy featuring two butchers svend sweat bjarne start own shop get away arrogant boss cannibalism soon introduced plot complications arise due reappearance bjarnes mentally retarded twin brother eigil
2841,A Very Long Engagement,Drama,mathilde years old two years earlier fiancé manech left front somme like millions others killed field battle written black white official notice mathilde refuses believe manech died know hangs intuition tightly onto last thread hope linking lover former sergeant tells vain manech died mans land trench named bingo crepescule company four men condemned die selfinflicted wounds path ahead full obstacles mathilde frightened anything possible someone willing challenge fate
363,Head-On,Drama Romance,head german director fatih akins story alcoholic cahit turkish sibel akin tells story love never two people alike together
4254,Kal Ho Naa Ho,Comedy Drama,naina serious girl serious life one day soul awakened happygolucky aman teaches life meant lived naturally falls love aman harboring secret keeps reciprocating nainas love cannot stand having live life without love sets off mission fill life someone elses love someone already knows
670,Oldboy,Drama Thriller Mystery Action,clue came imprisoned drugged tortured years desperate businessman seeks revenge captors
1913,The Sea Inside,Drama,sea inside spaniard ramón sampedro fought year campaign win right end life dignity story ramóns relationships two women julia lawyer supports cause rosa local woman wants convince life worth living
2539,Spanglish,Comedy,mexican immigrant single mother flor moreno finds housekeeping work deborah john clasky welloff couple two children own flor admits cant handle schedule because daughter cristina deborah decides move clasky home cultures clash tensions run high flor claskys struggle share space while raising children own different terms
5528,The Chorus,Drama,set france new teacher school disruptive boys gives hope inspiration
1114,The Weeping Camel,Documentary Drama,mongolian nomadic familys newest camel colt rejected mother musician needed ritual change mind
179,The Interpreter,Crime Thriller,silvia broome interpreter united nations headquarters overhears plans assassination american secret service agent sent investigate
83,Open Water,Drama Thriller,two divers left out sea without boat theres nothing water miles unless look whats underneath
4836,Layer Cake,Drama Thriller Crime,seemingly straightforward drug deal goes awry xxxx break diehard rules turn heat only outwit old regime come out top save own skin
3396,The Yes Men,Comedy Documentary,comic biting revelatory documentary following small group prankster activists gain worldwide notoriety impersonating world trade organization wto television business conferences around world
1404,Ae Fond Kiss...,Drama,young man upsets punjabi family falls love irish schoolteacher
464,As It Is in Heaven,Romance Drama Comedy Music,musical romantic tragedy famous composer moves back small hometown having heart troubles search simple everyday life leads teaching local church choir easily accepted town yet choir builds great love teacher
1126,In My Father's Den,Drama Thriller,paul macfadyen prizewinning war journalist returns remote new zealand hometown due death father battlescarred worldweary discontented sixteenyearold celia barclay opens world only dreamed actively pursues friendship fascinated cynicism experience world beyond smalltown existence many including members families otto moy frown upon friendship celia goes missing paul becomes increasingly loathed persecuted prime suspect disappearance violent urgent truth gradually emerges paul forced confront family tragedy betrayal ran youth face grievous consequences silence secrecy surrounded entire adult life
1392,Born into Brothels,Documentary,academy award winning documentary depicting lives child prostitutes red light district songachi calcutta director zana briski went photograph prostitutes met became friends children briski began giving photography lessons children became aware photography way lead better lives
291,Riding Giants,Documentary,riding giants story big wave surfers become heroes legends sport directed skateboard guru stacy peralta
5460,Cruel Intentions 3,Drama Thriller Romance,two guys college prep school make wagers seducing naive young girls meet match agree see one seduce popular devious girl own agenda everything
4896,Muxmäuschenstill,Comedy Drama,pseudo documentary study archetypal german tries model world according ideas law sexual order
3509,A Scanner Darkly,Animation Science Fiction Thriller,undercover cop nottoodistant future becomes involved dangerous new drug begins lose own identity result
986,Chimes at Midnight,Comedy Drama History,career shakespeares sir john falstaff roistering companion young prince hal circa
70,Million Dollar Baby,Drama,despondent painful estrangement daughter trainer frankie dunn isnt prepared boxer maggie fitzgerald enter life maggies determined pro convince dunn cohort help
205,Hotel Rwanda,Drama History War,inspired true events film takes place rwanda million tutsis killed genocide went mostly unnoticed rest world hotel owner paul rusesabagina houses thousand refuges hotel attempt save lives
118,Charlie and the Chocolate Factory,Adventure Comedy Family Fantasy,young boy wins tour through magnificent chocolate factory world led worlds unusual candy maker
1280,3-Iron,Drama Romance Crime,young man whose only possession motorcycle spends time riding around city looking empty apartments finding one hangs out while fixing himself something eat washing laundry making small repairs return always tries leave owners get back one ostensibly empty mansion meets abused wife rich man escapes
421,The Life Aquatic with Steve Zissou,Adventure Comedy Drama,wes andersons incisive quirky comedy build stars complex characters like royal tenenbaums bill murray leading role ocean adventure documentary film maker zissou put imaginable life situations tough life crisis attempts make new film capturing creature caused pain
2567,The Aviator,Drama,biopic depicting life filmmaker aviation pioneer howard hughes during time became successful film producer aviation magnate while simultaneously growing unstable due severe obsessivecompulsive disorder
842,The Assassination of Richard Nixon,Drama History Thriller,sam bicke lost everything wife leaves three kids boss fires brother turns away bank wont give money start anew tries find someone blame misfortunes comes president united states plans murder
79008,Jinxed!,Comedy,harold professional gambler girlfriend bonita lounge singer follow willie young blackjack dealer around western harold jinx willie cant lose bonita willie meet fall plot away harold collect life insurance
34326,"The Yakuza Papers, Vol. 1: Battles Without Honor and Humanity",Action Drama Crime,teeming black markets postwar japan shozo hirono buddies find themselves new war factious ambitious yakuza
2091,The Badge,Crime Thriller,sheriff thornton begins investigation death local transsexual hearing high ranking politicians involved although homophobic investigation causes rejected others forcing seek help people despised
342,Summer Storm,Comedy Drama,tobi achim pride local crew club best friends years convinced nothing ever stand way friendship look forward upcoming summer camp crew competition gay team berlin arrives tobi totally confused evening races begin storm breaks out meteorlogical
613,Downfall,Drama History War,april germany stands brink defeat russian army closing east allied expeditionary force attacking west berlin capital third reich adolf hitler proclaims germany still achieve victory orders generals advisers fight last man end finally come hitler lies dead own hand left military find way end killing battle berlin lay down arms surrender
273,The White Sound,Drama,lukas young schizophrenic man deal new town new relationship paranoia head
8968,Boogeyman,Thriller Horror Drama Mystery,culture one horrible monster fueling young childrens nightmares tim boogeyman still lives memories creature devoured father years earlier boogeyman real tim make explain father abandoned family
6961,The Wedding Date,Comedy Romance,wedding younger sister fast approaching kat ellis faces undesirable prospect traveling alone london ceremony while bad enough jeffrey man left moved closer marriage happens grooms best man determined show everyone jeffrey romantic life full thrilling ever kat hires charming male escort date
2517,Nobody Knows,Drama,tokyo reckless single mother keiko moves small apartment twelve years old son akira fukushima hidden luggage siblings kyoko shigeru yuki children different fathers schooling happy life mother keiko finds new boyfriend leaves children alone giving money akira assigning take care siblings money finishes akira manages find means survive youngsters without power supply gas water home landlord asking rental
661,The Marriage of Maria Braun,War Drama,marriage maria braun collage times germany war economic miracles portrait woman circumstances wants emancipate successful happy career
2436,Double Dragon,Action Adventure Comedy Science Fiction,set years future postearthquake california san diego los angeles merged one city two teenage brothers half powerful ancient chinese talisman evil gang leader named abobo half determines get brothers half complete medallion gain absolute power magical double dragon medallion
42011,A Taxing Woman,Comedy Crime,ryoko itakura government tax agent landed big promotion first assignment catch wheelerdealer hideki gondo tough job since japan tax evasion art gondo effect rembrandt job complicated growing sympathy rogue political pressure lay off
7454,The Bunker,Action History Horror,belgian german border seven german soldiers survive american attack front lock themselves bunker protect position siege enemy little ammunition decide explore underground tunnels seek supplies find escape route while tunnel weird things happen group
41569,The Nomi Song,Documentary Foreign,looks like alien sings like diva klaus nomi one profoundly bizarre characters emerge through rock music counter tenor sang pop music like opera brought opera club audiences made like nomi song film fame death friendship betrayal opera greatest new wave rock star never
8340,Turtles Can Fly,Drama,turtles fly tells story group young children near turkeyiran border clean mines wait saddam regime fall
1942,Bunny Lake Is Missing,Thriller Mystery,woman reports young daughter missing seems evidence ever existed
3040,Night Watch,Fantasy Action Thriller,among normal humans live others possessing various supernatural powers divided forces light forces dark signed truce several centuries ago end devastating battle ever since forces light govern day while night belongs dark opponents modern day moscow dark others actually roam night vampires while night watch light forces among anton movies protagonist try control limit outrage
2926,The Three Musketeers,Action Adventure Comedy Drama,young dartagnan arrives paris dreams becoming kings musketeer meets quarrels three men athos porthos aramis challenges duel dartagnan finds out musketeers invited join efforts oppose cardinal richelieu wishes increase already considerable power king dartagnan juggle affairs charming constance bonancieux passionate lady winter secret agent cardinal
4710,Masculin Féminin,Drama Romance,film stars french new wave icon jeanpierre léaud paul romantic young idealist literary lionwannabe chases budding pop star madeleine chantal goya real life yéyé girl
4974,Five Times Two,Drama Romance,young french couple gilles marion officially separate see reverse order milestone moments relationship gilles revealing unfaithfulness tense dinner party marion giving birth premature son while gilles elsewhere gilles marions joyous wedding finally fateful moment meet acquaintances italian beach resort love affair begins
258,Bed and Board,Comedy Drama Romance,bed board depicts christine antoine having gotten married yet things fall apart unfaithful
8016,Germany Year Zero,War Drama,final film rossellinis war film trilogy first two rome open city paisà germany year zero takes place postwar germany unlike others take place germanoccupied rome postwar italy respectively story follows twelveyearold boy edmund kohler mainly left own devices order survive help family same
4235,The Sicilian Clan,Crime,roger santet convicted murderer sprung prison sicilian clan headed aging vittorio manalese conspire steal large cache jewels exhibit rome preparing heist mobsters american friend tony nicosia suggests better way get rocks hijack transport plane while route new york dogged inspector goff using available resources thwart plans though heist itself successful santet finds himself trapped mob because fling manaleses daughterinlaw
26,Walk on Water,Drama,eyal israeli mossad agent given mission track down kill old alfred himmelman exnazi officer still alive pretending tourist guide befriends grandson axel israel visit sister pia two men set out tour country during axel challenges eyals values
2026,Hostage,Mystery Drama Thriller Crime,mafia accountant taken hostage beat police officer wracked guilt prior stint negotiator negotiate standoff even own family held captive mob
3115,Godzilla vs. The Sea Monster,Fantasy Action Science Fiction Foreign,film godzilla series caught storm south seas several teenagers thief arrive island natives enslaved terrorist organization discover sleeping godzilla decide wake aid plan free natives
6593,Godzilla vs. Mechagodzilla II,Action Drama Fantasy Foreign Science Fiction,united nations assembles ultimate weapon defeat godzilla while scientists discover fresh pteranodon egg remote japanese island
1918,Or (My Treasure),Drama,shoulders lot shes student works evenings restaurant recycles cans bottles cash tries keep mother ruthie returning streetwalking tel aviv ruthie calls treasure ruthie burden shes out hospital weak found job house cleaner call quick money street tough ruthie ignore ors emotions roil mother youth shes love comes flat warn off love fading ruthie perhaps beyond help ors choices narrow
1093,Elevator to the Gallows,Drama Thriller Crime,featurefilm debut famed director louis malle interesting modern film noir classic theme lovers plotting kill husband make look like suicide reminiscent postman always rings twice jeanne moreau gives astonishing performance perverse naive leads young lover down path only lead doom
438,Cube Zero,Mystery Science Fiction Thriller,cube zero third film trilogy yet time instead film people trapped deadly cube trying get out see eyes someone controlling cube torture victims inside nerd cant stand see woman suffer himself enters cube try save
1589,The Boys from County Clare,Romance Comedy Music,two feuding brothers respective ceilidh bands compete music festival set ireland
540,D.E.B.S.,Action,star team teenage crime fighters falls alluring villainess bring justice
158,Knockin' on Heaven's Door,Comedy Crime,two young men martin rudi suffering terminal cancer get know hospital room drown desperation tequila decide take one last trip sea drunk still pajamas steal first fancy car find mercedes convertible car happens belong bunch gangsters immediately start chase since contains pistol martin finds glove box
1772,City of Hope,Drama,gritty innercity film john sayles follows various people living troubled new jersey setting notably nick rinaldi vincent spano disillusioned contractor helped along whole life wealthy father tony bianco characters ensemble drama urban conflict corruption include asteroid unstable homeless person wynn joe morton idealistic young politician
187,Sin City,Action Thriller Crime,welcome sin city town beckons tough corrupt brokenhearted call dark hardboiled call home crooked cops sexy dames desperate vigilantes seeking revenge others lust redemption hoping little universe unlikely reluctant heroes still trying right thing city refuses care
2029,Tanguy,Comedy,overview found
74948,Steppenwolf,Drama,bourgeois circles europe great war anything save modern man harry haller solitary intellectual life feared dual nature human beast hes decided die birthday soon hes rescued solipsism mysterious hermine takes dancing introduces jazz beautiful whimsical maria guides hallucinations magic theater seem take hell humour sin derision lead salvation
69069,The Chant of Jimmie Blacksmith,Crime Drama History,true story part aboriginal man finds pressure adapting white culture intolerable result snaps violent horrific manner
6183,Barefoot,Romance Comedy Drama,hedonistic bachelor falls escaped mental patient til schweiger comes slicklymade offthewall romantic comedy drama barfuss barefoot first solo directing effort nearly decade punchy antiestablishment tone schweiger playing hedonistic bachelor rich familys black sheep falls suicidal mental patient johanna wokalek offbeat strangely tender love story develops nick struggles responsibility first time life
1495,Kingdom of Heaven,Drama Action Adventure History War,wife dies blacksmith named balian thrust royalty political intrigue bloody holy wars during crusades
26614,La Chienne,Drama,cashier maurice legrand married adele terror chance meets lucienne lulu make mistress thinks finally met love lulu nothing streetwalker love dede pimp only accepts legrand satisfy dedes needs money remade fritz langs scarlet street edward robinson joan bennett
26810,A Common Thread,Drama,french drama debut film writerdirector eléonore faucher teenager claire lola naymark discovers pregnant decides keep secret abandoning deadend supermarket job taken apprentice couturiere madame mélikian ariane ascaride grieving death own child two women work together soon develop supportive fam
1566,The Bridge,Drama History War,group german boys ordered protect small bridge home village during waning months second world war truckloads defeated cynical wehrmacht soldiers flee approaching american troops boys full enthusiasm blood honor nazi ideology stay defend useless bridge
37720,The Hiding Place,Drama,hiding place account dutch family risk lives offering safe haven jews during world war
1279,Samaritan Girl,Drama,yeojin jaeyeong two teenage girls trying earn money trip europe reach end jaeyeong prostituting herself while yeojin acts pimp setting clients staying guard police things take turn worse yeojin gets distracted duty police raid motel jaeyeong meeting client avoid getting caught jaeyeong jumps out window fatally injuring herself
1895,Star Wars: Episode III - Revenge of the Sith,Science Fiction Adventure Action,years onset clone wars noble jedi knights lead massive clone army galaxywide battle against separatists sinister sith unveil thousandyearold plot rule galaxy republic crumbles ashes rises evil galactic empire jedi hero anakin skywalker seduced dark side force become emperors new apprentice darth vader jedi decimated obiwan kenobi jedi master yoda forced hiding only hope galaxy anakins own offspring twin children born secrecy grow become heroes
27,9 Songs,Drama Music Romance,matt young glaciologist soars across vast silent icebound immensities south pole recalls love affair lisa meet mobbed rock concert vast music hall londons brixton academy bed nights end together period several months pursue mutual sexual passion whose inevitable stages unfold counterpoint nine liveconcert songs
953,Madagascar,Family Animation,zoo animals leave comforts manmade habitats exotic adventure animated family film escaping zoo four friends lion hippo zebra giraffe sent back africa ship capsizes stranding madagascar island populated crazy critters pals adapt jungle life new roles wild animals
921,Cinderella Man,Romance Drama History,true story boxer jim braddock retirement surprise comeback order get family out socially poor state
787,Mr. & Mrs. Smith,Action Comedy Drama Thriller,five six years vanillawedded bliss ordinary suburbanites john jane smith stuck huge rut unbeknownst coolly lethal highlypaid assassins working rival organisations discover theyre others next target secret lives collide spicy explosive mix wicked comedy pentup passion nonstop action hightech weaponry
3011,Good Neighbor Sam,Comedy,help divorced neighbor claim substantial inheritance family man poses husband ruse spills career advertising recent promotion relies wholesome moral appearance
272,Batman Begins,Action Crime Drama,driven tragedy billionaire bruce wayne dedicates life uncovering defeating corruption plagues home gotham city unable work within system instead creates new identity symbol fear criminal underworld batman
2287,Rize,Documentary,documentary film highlights two street derived dance styles clowing krumping came out low income neighborhoods director david lachapelle interviews dance crew unique dances evolved new positive activity away drugs guns gangs ruled neighborhood raw film growing subculture movements america
1382,Me and You and Everyone We Know,Comedy Drama,feature film debut artist miranda july various comic situations plots intertwine one story line father ending marriage story video artist possibly autobiographical miranda july played desperately trying get work modern art museum film won caméra dor cannes
276,The Edukators,Drama Comedy,three activists cobble together kidnapping plot encounter businessman home
2151,Man with the Screaming Brain,Comedy Horror Science Fiction,bruce campbell directed first ever feature film film stars bruce campbell wealthy ceo travels bulgaria fall communism plan business drug company yet shortly caught dirty situations ends brain transplant brain severely damaged slapstick bmovie science fiction low budget
2095,Desert Saints,Thriller Action,kiefer sutherland hardedged hit man known worlds best professional killer sutherland living life detached solitude given assignment pairs sultry hitchhiker melora walters long finds meets eye becomes entangled deeper deeper web fatal lies doublecrosses
74,War of the Worlds,Adventure Thriller Science Fiction,ray ferrier divorced dockworker lessthanperfect father soon exwife new husband drop teenage son young daughter rare weekend visit strange powerful lightning storm touches down
4889,Billion Dollar Brain,Thriller,former british spy stumbles plot overthrow communism help supercomputer working
1667,March of the Penguins,Documentary Family,year thousands antarcticas emperor penguins make astonishing journey breed young walk marching day night single file miles darkest driest coldest continent earth morgan freeman narrates amazing truelife tale touched humour alive thrills breathtaking photography captures transcendent beauty staggering drama devoted parent penguins fierce polar winter take turns guarding egg trekking ocean search food predators hunt storms lash safety adorable chicks makes worthwhile follow leader adventure
1826,Russian Dolls,Comedy Drama Romance,five years summer together barcelona xavier william wendy martine isabelle reunite
36401,Pornography,War Drama Romance,two intellectuals writer director begin play mysterious psychological game peaceful countryside manor house during nazi occupation
1635,The Island,Action Thriller Science Fiction Adventure,lincoln sixecho resident seemingly utopian contained facility like inhabitants carefullycontrolled environment lincoln hopes chosen island reportedly last uncontaminated location planet lincoln soon discovers everything existence lie
1665,Last Days,Drama,life struggles notorious rock musician seeping pit loneliness whose everyday life involves friends family seeking financial aid favors inspired rock music legend kurt cobain final hours
5237,Dust Devil,Horror Mystery Thriller,woman run abusive husband encounters mysterious hitchhiker
308,Broken Flowers,Comedy Drama Mystery Romance,devoutly single don johnston dumped latest girlfriend receives anonymous pink letter informing son looking
5319,Hum Dil De Chuke Sanam,Drama Romance,indianbased traditional family pundit darbar vikram gokhale gets visit sameer rafilini salman khan italy come pupil learn music singing darbar family accept sameer meets nandini aishwarya rai darbars daughter fall love darbar wants nandini wed vanraj ajay devgan sameer swear leave india
501,Grizzly Man,Documentary,werner herzogs documentary film grizzly man timothy treadwell thirteen summers national park alaska like one mans attempt protect grizzly bears film full unique images look spirit man sacrificed himself nature
6957,The 40 Year Old Virgin,Comedy Romance,andy stitzer pleasant life nice apartment job stamping invoices electronics store age theres one thing andy hasnt done really bothering sexobsessed male coworkers andy still virgin determined help andy get laid guys make mission devirginize seems hopeless until andy meets small business owner trish single mom
1917,Who Killed Bambi?,Thriller,isabelle beautiful nursing student starting internship prestigious hospital meets philip feels atracted beggining starts suffering strange fainting calls bambi legs dont support patients mysteriously start dissappear rooms bambi philip start cat mouse paranoid game order catch probable killer
445,Caché,Mystery Drama Thriller,married couple terrorized series videotapes planted front porch
1985,The Constant Gardener,Drama Mystery Thriller,justin quayle lowlevel british diplomat always gone work quietly causing problems radical wife tessa killed becomes determined find out thrusting himself middle dangerous conspiracy
340,Everything is Illuminated,Comedy Drama,film based semiautobiographical novel same name american writer jonathan safran foer young jewish american man endeavorswith help eccentric distant relativesto find woman saved grandfather during world war ukrainian village ultimately razed nazis
1546,Thumbsucker,Comedy Drama,justin teenager boy throws himself everyone around chaos attempts break free addiction thumb
51277,Now and Forever,Drama Romance,young freewheeling wanderer jerry day beautiful wife toni odds lifestyle jerry cant accept responsibility toni yearns family settled life days rediscover jerrys young daughter pennie living rich deceased wifes family pennie appears jerry needs mend swindling ways lead straight life despite responsibility new family jerry swayed corruptible influence jewelry thief felix evans evans lures jerry job puts continuation new family life risk
1676,Will Penny,Romance Western,penny aging cowpoke takes job ranch requires ride line property looking trespassers worse squatters finds cabin high mountains appropriated woman whose guide oregon deserted son ashamed kick mother child out bitter winter mountains sets agrees share cabin until spring thaw isnt snow slowly thaws lonely man woman soon forget mutual hostility start developing deep love one another
3118,Frankenstein 90,Comedy Foreign Horror,french cybernetics genius victor frankenstein carries work notorious ancestor creates monster albeit one penchant philosophy etiquette occasional bouts murderous rage creature develops hunger lamour frankenstein understanding fiancé use cache freshly murdered strippers build creature beautiful yet dutiful bride undead find true love cold world french ways passion unleash monstrous surprises upon
2125,Wedlock,Action Science Fiction Thriller,male prison escapee heads hidden loot electronically attached female prisoner
1947,An Unfinished Life,Drama,stoic heartbroken einar gilkyson quietly lives rugged wyoming ranchlands alongside only trusted friend mitch bradley suddenly woman blames death only son arrives door broke desperate granddaughter hes never known even buried anger accusations resurface way opened unexpected connection adventure forgiveness
49220,Zozo,Drama,lebanese boy gets separated family during civil war ends sweden
8643,The Exorcism of Emily Rose,Crime Drama Horror Thriller,younger girl called emily rose carpenter dies everyone puts blame exorcism performed father moore wilkinson prior death priest arrested suspicion murder trail begins lawyer erin bruner linney representing moore going easy one wants believe father moore says true
8923,Green Street Hooligans,Crime Drama,wrongfully expelled harvard university american matt buckner flees sisters home england befriended charming dangerous brotherinlaw pete dunham introduced underworld british football hooliganism matt learns stand ground through friendship develops against backdrop secret often violent world green street hooligans story loyalty trust sometimes brutal consequences living close edge
59,A History of Violence,Drama Thriller Crime,average family thrust spotlight father commits seemingly selfdefense murder diner
257,Oliver Twist,Crime Drama Family,oliver twist modern filmed version charles dickens bestseller roman polanski adaptation classic dickens tale orphan meets pickpocket streets london joins household boys trained steal master
647,Final Fantasy VII: Advent Children,Action Adventure Animation Fantasy,two years passed since final battle sephiroth though midgar city mako city prosperity reduced ruins people slowly steadily walk road reconstruction however mysterious illness called geostigma torments cure sight brings death afflicted one another robbing people fledgling hope
349,Cockles and Muscles,Comedy,crustaces coquillages fresh french comedy film numerous surprise turnarounds tolerance family four family spend idealistic summer vacation together family members gets involved new old relationship
533,The Curse of the Were-Rabbit,Adventure Animation Comedy Family,cheeseloving eccentric wallace cunning canine pal gromit investigate mystery nick parks animated adventure lovable inventor intrepid pup run business ridding town garden pests using only humane methods turn home halfway house evicted vermin pair stumble upon mystery involving voracious vegetarian monster threatens ruin annual veggiegrowing contest
3527,Don't Come Knocking,Drama Music,howard spence seen better days big western movie star now drowns disgust selfish failed life alcohol drugs young women die now nobody shed tear thats sad truth until one day howard learns child somewhere out
2610,Shopgirl,Comedy Drama Romance,mirabelle disenchanted salesgirl aspiring artist sells gloves accessories department store two men life wealthy divorcée ray porter struggling musician jeremy mirabelle falls love glamorous ray life takes magical turn eventually realizes empower herself make choice
41566,New York Doll,Documentary Music,recovering alcoholic recently converted mormon arthur killer kane rock band new york dolls given chance reuniting band years
215,Saw II,Horror,new murder victim discovered signs jigsaws hand detective eric matthews begins full investigation apprehends jigsaw little effort jigsaw getting caught another part plan eight victims already fighting lives now time matthews join game
2313,Prime,Comedy Drama Romance,career driven professional manhattan wooed young painter happens son psychoanalyst
3554,Mahogany,Drama Romance,tracy aspiring designer slums chicago puts herself through fashion school hopes becoming one worlds top designers ambition leads rome spurring choice man loves newfound success
1951,Manderlay,Drama,leaving dogville grace margaret mulligan sees slave punished cotton farm called manderlay officially slavery illegal grace stands against owners farm stays gangsters manderlay tries influence situation harvest time comes grace sees social economic reality manderlay
259,Love on the Run,Comedy Drama Romance,antoine doinel now thirty divorces christine proofreader love sabine record seller colette teenager love now lawyer buys antoines first published autobiographical novel meet station
25,Jarhead,Drama War,jarhead film marine anthony swoffords experience gulf war putting arduous boot camp swafford unit sent persian gulf earger fight forced stay back action meanwhile swofford gets news girlfriend cheating desperately wants kill someone finally put training use
5620,Count Dracula,Horror,jess francos version bram stoker classic count dracula old man grows younger whenever dines blood young maidens
231,Syriana,Drama Thriller,middle eastern oil industry backdrop tense drama weaves together numerous story lines bennett holiday american lawyer charge facilitating dubious merger oil companies while bryan woodman switzerlandbased energy analyst experiences personal tragedy opportunity during visit arabian royalty meanwhile veteran cia agent bob barnes uncovers assassination plot unsettling origins
674,Harry Potter and the Goblet of Fire,Adventure Fantasy Family,harry starts fourth year hogwarts competes treacherous triwizard tournament faces evil lord voldemort ron hermione help harry manage pressure voldemort lurks awaiting chance destroy harry stands
69,Walk the Line,Drama Music Romance,chronicle country music legend johnny cashs life early days arkansas cotton farm rise fame sun records memphis recorded alongside elvis presley jerry lee lewis carl perkins
1833,Rent,Drama Romance,rock opera tells story one year life group bohemians struggling modern day east village new york usa story centers around mark roger two roommates while former tragedy made roger numb life mark tries capture through attempts make film year follows group deals love loss hivaids modern day life
7010,The Wild Geese,Action Thriller War,british multinational company seeks overthrow vicious dictator central africa hires band largely aged mercenaries london sends save virtuous imprisoned opposition leader critically ill due execution team performed perfect rescue multinational deal vicious dictator leaving mercenary band escape own steam exact revenge
2153,The Driver,Action Crime Drama Thriller,driver specializes driving getaway cars robberies exceptional talent prevented caught yet another successful flight police selfassured detective makes primary goal catch driver promises pardons gang help convict setup robbery driver seeks help player mislead detective
116,Match Point,Drama Thriller Crime Romance,match point woody allens satire british high society ambition young tennis instructor enter yet decide two women one assuring place high society bring far palms start sweat dark psychological match head begins
254,King Kong,Adventure Drama Action,new york overly ambitious movie producer coerces cast hired ship crew travel mysterious skull island encounter kong giant ape immediately smitten leading lady
1904,Memoirs of a Geisha,Drama History Romance,sweeping romantic epic set japan years world war penniless japanese child torn family work maid geisha house
917,Mother India,Drama,mother india indian film director mehboob khan successful popular hindi film
84847,Cinderella Liberty,Drama Romance,lonely navy sailor falls love hooker becomes surrogate father figure son during extended liberty due service records lost
612,Munich,Drama Action History Thriller,during olympic games munich eleven israeli athletes taken hostage murdered palestinian terrorist group known black september retaliation israeli government recruits group mossad agents track down execute responsible attack
546,Transamerica,Drama,bree get sex change operation finally allow actually shes already mind long time transitioned woman yet happens suddenly runs son ends coming trip across united states
4495,The Spirit of the Beehive,Drama Fantasy,aftermath spanish civil war ana sensitive sevenyearold girl rural spanish hamlet traumatized traveling projectionist screens print james whales frankenstein village youngster profoundly disturbed scenes monster murders little girl later killed himself villagers questions sister profundities life death believes older sibling tells monster dead exists spirit inhabiting nearby barn loyalist soldier fugitive francos victorious army hides out barn ana crosses reality fantasy world own
6935,Yamakasi,Action Crime Drama,yamakasi les samouraïs des temps modernes french movie written luc besson demonstrates skills yamakasi group traceurs battle against injustice paris ghetto use parkour steal rich order pay off medical bills kid injured copying techniques
6934,Yesterday,Drama,falling ill yesterday learns hiv positive husband denial young daughter tend yesterdays one goal live long enough see child school
1690,Hostel,Horror,three backpackers head slovakian city promises meet hedonistic expectations idea hell awaits
4772,Cul-de-sac,Thriller Comedy Drama,wounded criminal dying partner take refuge beachfront castle owners castle meek englishman willful french wife initially unwilling hosts criminals quickly however relationships criminal wife englishman begin shift humorous bizarre fashion
2455,Confidentially Yours,Drama Comedy Crime,claude massoulier murdered while hunting same place julien vercel jeanlouis trintignant estate agent knew whose fingerprints found massouliers car police discover mariechristine vercel caroline sihol juliens wife massouliers mistress julien prime suspect secretary barbara becker fanny ardant while quite convinced innocent defends leads private investigations
2117,Sophie Scholl: The Final Days,Drama History,true story germanys famous antinazi heroine brought thrilling dramatic life sophie scholl stars julia jentsch luminous performance fearless activist underground student resistance group white rose armed longburied historical records incarceration director marc rothemund expertly recreates last six days sophie scholls life
1969,Bandidas,Action Comedy Western Crime,set late century ruthless robber baron takes away everything cherish roughandtumble idealistic peasant sophisticated heiress embark quest justice vengeanceand good heists
97936,Sweet November,Drama Romance,woman refuses let romances last longer one month
17,The Dark,Horror Thriller Mystery,adèle daughter sarah traveling welsh coastline see husband james sarah disappears different similar looking girl appears says died past time adèle tries discover happened daughter tormented celtic mythology past
45726,Julie,Thriller,terrified stewardess stalked psychotic estranged husband
30712,Free Money,Comedy Crime,swede marlon brando prison warden rules family prison iron hand one coldest parts north dakota inmate dies mysterious circumstances however fbi sends agent karen polarski mira sorvino investigate home front sonsinlaw swede larry thomas haden church bud charlie sheen accidentally discover train loaded millions dollars unmarked currency slated destroyed soon passing through temptation great guys hatch scheme rob train course biggest obstacle way swede
292,Dave Chappelle's Block Party,Comedy Documentary Music,american comedianactor delivers story alternative hip hop scene small town ohio mans moves brooklyn new york throw unprecedented block party filmed inspiration documentary wattstax
1544,Imagine Me & You,Drama Comedy Romance,during wedding ceremony rachel notices luce audience feels instantly drawn two women become close friends rachel learns luce lesbian realizes despite happy marriage heck falling luce questions sexual orientation rachel decide stable relationship heck exhilarating new romance luce
950,Ice Age: The Meltdown,Animation Family Comedy Adventure,diego manny sid return sequel hit animated movie ice age time around deep freeze icecovered earth starting melt destroy trios cherished valley impending disaster prompts reunite warn beasts desperate situation
1967,Ask the Dust,Drama Romance,mexican beauty camilla hopes rise above station marrying wealthy american complicated meeting arturo bandini firstgeneration italian hoping land writing career blueeyed blonde arm
388,Inside Man,Crime Drama Thriller,bank robber dalton russell enters manhattan bank locks doors takes hostages working methodically without haste detective frazier assigned negotiate mind occupied corruption charges facing army police surrounding bank thief cop highprofile fixer enter highstakes negotiations
25874,The Illustrated Man,Science Fiction,man body almost completely covered tattoos searching woman cursed skin illustrations tattoo reveals bizarre story experienced staring scene depicted illustrated man meets fellow tramp road strange voyage begins
1379,Lights in the Dusk,Crime Drama,koistenin sad sack man without affect friends hes nightwatchman helsinki ideas starting own business nothing intentions sometimes talks bit woman runs snack trailer near work out blue young sophisticated blonde woman attaches herself koistenin thinks girlfriend takes rounds
52885,The Red and the White,Drama War Foreign,hungarian communists aid bolsheviks defeat czarists whites near volga monastery field hospital held one side
186,Lucky Number Slevin,Drama Thriller Crime Mystery,slevin mistakenly put middle personal war citys biggest criminal bosses constant watch slevin try get killed infamous assassin come idea get out current dilemma film many twists turns
219,Volver,Comedy Drama Romance,raimunda penélope cruz works lives madrid husband paco daughter paula sister sole lola dueñas lives nearby miss mother irene carmen maura died several years ago house fire along father former neighbor hometown reports seen ghost irene daughters believe murder family tragedy irenes spirit materializes around daughters help comfort
3093,Basic Instinct 2,Crime Mystery Thriller,novelist catherine tramell trouble law scotland yard appoints psychiatrist michael glass evaluate though like detective nick curran glass entranced tramell lured seductive game
460,Go for Zucker,Comedy,germany director dani levy filmed comedy jewish life todays germany along side familiar eastwest conflict great success film joyful comedy humor knowledge
8998,Friends with Money,Comedy Drama Romance,quits lucrative job olivia finds herself unsure future relationships successful wealthy friends
4441,Candy,Drama Romance,poet falls love art student gravitates bohemian lifestyle love heroin hooked much one another drug relationship alternates states oblivion selfdestruction despair
84954,Secrets of a Soul,Thriller Drama,werner krauss played deranged caligari six years earlier stars scientist tormented irrational fear knives irresistible compulsion murder wife driven brink madness fantastic nightmares designed ernö metzner photographed guido seeber brilliant mix expressionism surrealism encounters psychoanalyst offers treat perplexing malady
2652,Hard Candy,Drama Thriller,mature year old girl meets charming year old photographer internet suspecting pedophile goes home attempt expose
1629,La Chinoise,Comedy Drama,small group french students studying mao trying find out position world change world maoistic community using terrorism
5820,The Sentinel,Action Thriller Crime,secret service agent framed mole assassination attempt president clear name foil another assassination attempt while run relentless fbi agent
588,Silent Hill,Horror Mystery,eerie deserted ghost town silent hill draws young mother desperate find cure only childs illness unable accept doctors diagnosis daughter permanently institutionalized psychiatric care rose flees child heading abandoned town search answers ignoring protests husband soon clear place unlike anywhere shes ever smothered fog inhabited variety strange beings periodically overcome living darkness literally transforms everything touches rose searches little girl begins learn history strange town realizes daughter pawn larger game
956,Mission: Impossible III,Adventure Action Thriller,retired active duty train new imf agents ethan hunt called back action confront sadistic arms dealer owen davian hunt try protect girlfriend while working new team complete mission
1416,The Coast Guard,Thriller Drama,overzealous soldier mentally deteriorates killing innocent man thought spy
920,Cars,Animation Adventure Comedy Family,lightning mcqueen hotshot rookie race car driven succeed discovers life journey finish line finds himself unexpectedly detoured sleepy route town radiator springs route across country big piston cup championship california compete against two seasoned pros mcqueen gets know towns offbeat characters
26116,The Mechanik,Action Thriller,russian exhit man called back russia one last job time against former employees russian mob
806,The Omen,Drama Horror Thriller,diplomatic couple adopts son devil without knowing remake classic horror film same name
2044,The Lake House,Romance Drama Mystery,lonely doctor occupied unusual lakeside home begins exchanging love letters former resident frustrated architect try unravel mystery behind extraordinary romance late
350,The Devil Wears Prada,Comedy Drama Romance,devil wears prada young journalist moves new york work fashion industry boss however extremely demanding cruel wont let succeed doesnt fit high class elegant look magazine really wants good journalist
58,Pirates of the Caribbean: Dead Man's Chest,Adventure Fantasy Action,captain jack sparrow works way out blood debt ghostly davey jones attempts avoid eternal damnation
2295,Clerks II,Comedy,calamity dante randalls shops sends looking new horizons ultimately settle moobys fictional disneymcdonaldsstyle fastfood empire
4474,My Super Ex-Girlfriend,Fantasy Drama Action Comedy Crime Science Fiction,new york architect matt saunders dumps new girlfriend jenny johnson smart sexy reluctant superhero known ggirl uses powers make life living hell
1887,Marie Antoinette,Drama History,retelling frances iconic illfated queen marie antoinette betrothal marriage louis xvi reign queen ultimately fall versailles
1841,Lady in the Lake,Mystery Thriller Crime,private detective philip marlowe asked publishing executive adrienne fromsett locate wife boss publisher derace kingsby earlier sent husband telegram saying heading mexico marry chris lavery however kingsby recently seen lavery neighbouring bay city marlowe pursues investigation kingsbys lakeside cottage
1611,The Miracle of Bern,Drama Comedy,movie deals championshipwinning german soccer team story linked two others family young boy split due events world war father returns russia eleven years second story reporter wife reporting tournament
410,Summer in Berlin,Comedy Drama,read title summer balcony probably think light berlin summer comedy film intimate study two women friends come because troubles everyday life men thus try enjoy life based ideas
8008,Mouth to Mouth,Drama,aimless adolescent ellen page joins several itinerant misfits live fringe society welcome atrisk youths fold
71282,China Seas,Adventure Action Romance,rugged captain alan gaskell clark gable sails perilous waters hong kong singapore secret cargo fortune british gold thats only risky cargo carries fiery mistress jean harlow refined fiancee rosalind russell aboard wisecracking banter gutsy glamour dynamic physicality gable harlow prove scorching screen pair roughandtumble tale sea highlights include raging typhoon battle bloodthirsty malay pirates harlows drinking contest bluff villain wallace beery wants gold platinum blonde adventure golden era allure dead ahead china seas
326,Snakes on a Plane,Action Crime Horror Thriller,america search murderer eddie kim sean jones fly testify hearing against kim accompanied fbi agent neville flynn flight receives unexpected visitors
512,Scoop,Comedy Mystery,american journalism student london scoops big story begins affair aristocrat incident unfurls
1593,Night at the Museum,Action Adventure Comedy Family Fantasy,chaos reigns natural history museum night watchman larry daley accidentally stirs ancient curse awakening attila hun army gladiators tyrannosaurus rex exhibits larry tries desperately keep museum control hes fighting losing battle until president teddy roosevelt comes rescue
1262,Stranger Than Fiction,Comedy Drama Fantasy Romance,everybody knows life story story life harold crick average irs agent monotonous boring repetitive one day changes harold begins hear author inside head narrating life narration reveals going die harold find author convince change ending
82,Miami Vice,Action Adventure Crime Thriller,miami vice feature film based action drama series film tells story vice detectives crockett tubbs personal professional lives dangerously getting mixed
1986,Live and Become,Drama,black falashas ethiopia recognised genuine jews secretly carried israel day transport son jewish mother dies place name schlomo takes christian yearold boy
2805,Tears of the Black Tiger,Romance Comedy Action,homage parody thai romantic melodramas action films dum son peasant falls love rumpoey daughter wealthy respected family starcrossed lovers torn apart years forbidden love survives tragedy strikes dum unleashes rage becomes gunslinging outlaw black tiger stop nothing seek revenge
1948,Crank,Action Thriller Crime,professional assassin chev chelios learns rival injected poison kill heart rate drops
1023,Adam's Apples,Drama Comedy Crime,neonazi sentenced community service church clashes blindly devotional priest
2168,2:37,Drama,contemporary ensemble drama telling complex tale six high school students whose lives interwoven situations many todays youth faced story takes place during normal school day precisely tragedy occur affecting lives group students teachers story unfolds individual stories six teenagers revealed own explosive significance unwanted pregnancy unravels terrible dark secret appears seemingly confident school football hero outcast deal everyday taunts peers beautiful young girl battles eating disorder stellar student constantly struggles win parents approval while another uses drugs escape own demons
64499,Quinceañera,Drama,magdalenas birthday approaches simple blissful life complicated discovery shes pregnant kicked out house finds new family greatgranduncle gay cousin
271,Ronja Robbersdaughter,Adventure Drama Fantasy Family,ronya lives happily fathers castle until comes across new playmate birk nearby dark forest two explore wilderness braving dangerous witchbirds rumpgnomes families find out birk ronja playing together forbid see indeed fathers competing robber chieftains bitter enemies now two spunky children try tear down barriers kept families apart long
5072,Severance,Horror Comedy Thriller,members danny dyer laura harris tim mcinnerny palisades defense corp sales group arrive europe teambuilding exercise fallen tree blocks route hike destination however psychotic killer lurks woods horrible fate mind coworkers
1249,Hollywoodland,Drama Thriller Crime,complicated life controversial suicide george reeves investigated fictional private detective finds reasons suspect reeves killed himself detective finds little george reeves himself maybe
1963,The Bow,Drama Romance,fishing boat sea year old man raising girl since child agreed get married birthday live quiet secluded life renting boat day fishermen practicing strange divination rites life changes teenage student comes aboard
1381,The Fountain,Drama Adventure Science Fiction Romance,spanning one thousand years three parallel stories fountain story love death spirituality fragility existence world
300,The Science of Sleep,Comedy Drama Fantasy,man entranced dreams imagination lovestruck french woman feels show world
390,Lisbon Story,Drama Foreign Thriller,lisbon story wim wenders homage lisbon films sound engineer obtains mysterous postcard friend moment filming film lisbon sets out across europe find help
1595,Land of Plenty,Drama History War,living abroad lana returns united states finds uncle reclusive vagabond psychic wounds vietnam war
1717,All the King's Men,Drama Thriller,story idealists rise power world louisiana politics corruption leads ultimate downfall based pulitzer prizewinning novel written robert penn warren
2753,The Assault,History Drama,end dutch resistance kills german officer front house dutch family years war young boy witnessed killing runs members resistance committed killing
496,Borat: Cultural Learnings of America for Make Benefit Glorious Nation of Kazakhstan,Comedy,kazakh journalist borat sagdiyev travels america make documentary zigzags across nation borat meets real people real situations hysterical consequences backwards behavior generates strong reactions around exposing prejudices hypocrisies american culture
4643,The Guardian,Action Adventure Drama,high school swim champion troubled past enrolls coast guards school legendary rescue swimmer ben randall teaches hard lessons loss love selfsacrifice
7484,Open Season,Adventure Animation Family,boog domesticated grizzly bear finds himself stranded woods days open season forced rely elliot fasttalking mule deer two form unlikely friendship quickly rally forest animals form ragtag army against hunters
1422,The Departed,Drama Thriller Crime,take down south bostons irish mafia police send one own infiltrate underworld realizing syndicate done likewise while undercover cop curries favor mob kingpin career criminal rises through police ranks sides soon discover theres mole among
3593,Dr. Cyclops,Adventure Horror Science Fiction,four explorers summoned peru brilliant physicist thorkel discover rich source radium halfmad thorkel shrinks down onefifth normal size threaten stop unorthodox experimentation
1975,The Grudge 2,Horror Thriller,tokyo young woman exposed same mysterious curse afflicted sister supernatural force fills person rage spreading next victim brings together group previously unrelated people attempt unlock secret save lives
39183,Once in a Lifetime: The Extraordinary Story of the New York Cosmos,Documentary,north american soccer league marked first attempt introduce soccer american sports fans while teams only limited success best one managed break through genuine mainstream popularity new york cosmos brainchild steve ross major executive warner communications ertegun brothers founders atlantic records cosmos got off rocky start things changed worlds celebrated soccer star brazilian champion pele signed cosmos fivemilliondollar payday arrival pele cosmos became hit players became toast town earning own private table studio number international soccer stars soon lured cosmos including franz beckenbauer rodney marsh carlos alberto turn decade team began losing favor fans folded
86,The Elementary Particles,Drama Romance,based michel houellebecqs controversial novel atomised aka elementary particles focuses michael bruno two different halfbrothers disturbed sexuality chaotic childhood hippie mother only caring affairs michael molecular biologist interested genes women while bruno obsessed sexual desires mostly finds satisfaction prostitutes brunos life changes gets know experienced christiane meantime michael meets annabelle love youth
1440,Little Children,Romance Drama,lives two lovelorn spouses separate marriages registered sex offender disgraced expolice officer intersect struggle resist vulnerabilities temptations
1523,The Last King of Scotland,Drama,young scottish doctor nicholas garrigan decides time adventure finishes formal education decides try luck uganda arrives during downfall president obote general idi amin comes power asks garrigan become personal doctor
1378,Shortbus,Romance Drama Comedy,group new yorkers caught milieu converge underground salon infamous blend art music politics carnality characters converge weekly brooklyn socialartisticsexual salon shortbus loosely inspired various underground nyc gatherings took place early gay couple jamie deboy james paul dawson meet young exmodel aspiring singer ceth jay brannan
1124,The Prestige,Drama Mystery Thriller,mysterious story two magicians whose intense rivalry leads lifelong battle supremacy full obsession deceit jealousy dangerous deadly consequences
3683,Flags of Our Fathers,War Drama History,five marines one navy corpsman photographed raising flag suribachi joe rosenthal february story three six surviving servicemen john doc bradley pvt rene gagnon pvt ira hayes fought battle take iwo jima japanese
8194,A Guide To Recognizing Your Saints,Crime Drama,dito montiel successful author receives call longsuffering mother asking return home visit ailing father dito recalls childhood growing violent neighborhood queens friends antonio giuseppe nerf mike
214,Saw III,Horror Thriller Crime,jigsaw disappeared along new apprentice amanda puppetmaster behind cruel intricate games terrified community baffled police eluded capture vanished while city detective scramble locate doctor lynn denlon jeff reinhart unaware become latest pawns vicious chessboard
1123,Catch a Fire,Action Drama Thriller,true story antiapartheid activists south africa particularly life patrick chamusso timid foreman secunda ctl largest synthetic fuel plant world patrick wrongly accused imprisoned tortured attempt bomb plant injustice transforming apolitical worker radicalised insurgent carries out own successful sabotage mission
1427,Perfume: The Story of a Murderer,Crime Fantasy Drama,jeanbaptiste grenouille born stench century paris develops superior olfactory sense uses create worlds finest perfumes however work takes dark turn tries preserve scents search ultimate perfume
4928,"The World, the Flesh and the Devil",Drama Science Fiction,ralph burton miner trapped several days result cavein finally manages dig himself out realizes mankind seems destroyed nuclear holocaust travels new york city only find deserted making life himself flabbergasted eventually find sarah crandall managed survive together form close friendship until arrival benson thacker managed pilot small boat citys harbor point tensions rise three particularly thacker white burton black
2152,Dixie Chicks: Shut Up and Sing,Documentary,shut sing documentary country band texas called dixie chicks one tiny comment against president bush dropped number one hit off charts caused fans hate destroy cds protest concerts film freedom speech gone out control three girls lives forever changed small antibush comment
2357,10 Items or Less,Comedy Drama,actor considering role supermarket manager arrives grocery store outskirts los angeles field research subsequently becomes stranded without car cell phone accepts ride home scarlet cashier interview new job actor rediscovers essence craft while helping scarlet gain confidence needs change life
1581,The Holiday,Comedy Romance,two women one cameron diaz america one kate winslet britain swap homes christmastime bad breakups boyfriends woman finds romance local man jude law jack black realizes imminent return home end relationship
313,Snow Cake,Romance Drama,drama focused friendship highfunctioning autistic woman man traumatized fatal car accident
2447,The Nativity Story,Drama History,mary joseph make hard journey bethlehem blessed event retelling nativity story meticulously researched visually lush adaptation biblical tale follows pair arduous path arrival small village find shelter quiet manger jesus born
1372,Blood Diamond,Drama Thriller Action,exmercenary turned smuggler mende fisherman amid explosive civil war overtaking sierra leone men join two desperate missions recovering rare pink diamond immense value rescuing fishermans son conscripted child soldier brutal rebel forces ripping swath torture bloodshed countrywide
1246,Rocky Balboa,Drama,loses highly publicized virtual boxing match exchamp rocky balboa reigning heavyweight titleholder mason dixon retaliates challenging rocky nationally televised round exhibition bout surprise son friends rocky agrees come out retirement face opponent whos faster stronger thirty years junior
46948,Power,Drama,pete john powerful successful political consultant clients spread around country longtime friend client ohio senator sam hastings decides quit politics rapidly drafted help campaign man destined succeed unknown mysterious businessman jerome cade
1247,The Good Shepherd,Drama Thriller History,edward wilson only witness fathers suicide member skull bones society while student yale morally upright young man values honor discretion qualities help recruited career newly founded oss dedication work come without price though leading sacrifice ideals eventually family
1125,Dreamgirls,Drama,three young women deena jones effie white lorrell robinson dream becoming pop stars get wish theyre chosen backup singers legendary james thunder early
1646,Freedom Writers,Crime Drama,young teacher inspires class atrisk students learn tolerance apply themselves pursue education beyond high school
1730,INLAND EMPIRE,Horror Drama Mystery Thriller,actresss perception reality becomes increasingly distorted finds herself falling costar remake unfinished polish production supposedly cursed
8618,The History Boys,Comedy Drama,story unruly class bright funny history students yorkshire grammar school pursuit undergraduate place oxford cambridge bounced maverick english master young shrewd teacher hired test scores grossly outnumbered history teacher headmaster obsessed results boys attempt pass
1259,Notes on a Scandal,Drama Romance,veteran high school teacher befriends younger art teacher having affair one yearold students however intentions new friend well beyond platonic friendship
1251,Letters from Iwo Jima,Action Adventure Drama War,story battle iwo jima united states imperial japan during world war told perspective japanese fought
1931,Stomp the Yard,Drama Music,death younger brother troubled yearold street dancer los angeles able bypass juvenile hall enrolling historically black truth university atlanta georgia efforts get education woo girl likes sidelined courted top two campus fraternities want need fierce streetstyle dance moves win highly coveted national step show competition
8275,American Pie Presents: The Naked Mile,Comedy,movie shift focus erik stifler cousin matt steve youngster nothing like wild relations peer pressure starts turn live legacy stiflers attends naked mile naked run across college campus things get worse finds cousin dwight life party down campus
2433,The Young Girls of Rochefort,Music Romance Drama Comedy,delphine solange two sisters living rochefort looking love without aware ideal partner close film scenario much less important feeling euphory according director jacques demy
2204,Alice in the Cities,Drama,german journalist philip winter case writers block trying write article united states decides return germany while trying book flight encounters german woman nine year old daughter alice doing same three become friends almost out necessity while mother asks winter mind alice temporarily quickly becomes apparent alice responsibility longer expected returning europe innocent friendship winter alice grows travel together through various european cities quest alices grandmother
3549,After the Wedding,Drama,manager orphanage india sent copenhagen denmark discovers lifealtering family secret
1265,Bridge to Terabithia,Adventure Drama Family,jesse aarons trained summer become fastest runner school hes upset newcomer leslie burke outruns everyone else despite differences including shes rich hes poor shes city girl hes country boy two become fast friends together create terabithia land monsters trolls ogres giants rule king queen
1257,Because I Said So,Comedy,effort prevent family history repeating itself meddlesome mom daphne wilder attempts set youngest daughter milly right meanwhile daughters try keep moms good intentions control
1248,Hannibal Rising,Crime Drama Thriller,story early murderous roots cannibalistic killer hannibal lecter hardscrabble lithuanian childhood witnesses repulsive lengths hungry soldiers satiate themselves through sojourn france med student hones appetite kill
1252,Lonely Hearts,Drama Thriller Crime Romance,late martha beck raymond fernandez americas notorious lonely hearts killers lethal scam simple swindle viciously murder lovelorn war widows answer personal ads ray describe himself sexy latin lover based true story
2062,Ratatouille,Animation Comedy Family Fantasy,rat named remy dreams becoming great french chef despite familys wishes obvious problem rat decidedly rodentphobic profession fate places remy sewers paris finds himself ideally situated beneath restaurant made famous culinary hero auguste gusteau despite apparent dangers unlikely certainly unwanted visitor kitchen fine french restaurant remys passion cooking soon sets motion hilarious exciting rat race turns culinary world paris upside down
2266,"Paris, je t'aime",Drama Romance,olivier assayas gus van sant wes craven alfonso cuaron among distinguished directors contribute collection stories exploring different aspect parisian life colourful characters drama include pair mimes husband trying chose wife lover married man turns prostitute advice
5172,The Astronaut Farmer,Adventure Comedy Drama Science Fiction,texan charles farmer left air force young man save family ranch dad died like american ranchers owes bank unlike hes astrophysicist rocket barn one hes built wants take space dream fbi puts surveillance tries buy rocket fuel faa stalls files flight plan charles undeterred
2016,Days of Glory,Drama History War,during wwii four north african men enlist french army liberate country nazi oppression fight french discrimination
3024,The Strange Case of Dr. Jekyll and Mr. Hyde,Drama Science Fiction Thriller,overview found
47200,Schizo,Crime Drama Romance,teen involved world underground boxing vows take care dead fighters family
1250,Ghost Rider,Thriller Action Fantasy Horror,order save dying father young stunt cyclist johnny blaze sells soul mephistopheles sadly parts purehearted roxanne simpson love life years later johnnys path crosses roxanne now gogetting reporter mephistopheles offers release johnnys soul johnny becomes fabled fiery ghost rider
3594,The Number 23,Thriller Drama Mystery,walter sparrow animal control officer becomes obsessed mysterious book seems based own life soon opens book notices strange parallels reads hes experienced now hes worried fictional murder materialize
27523,Salvatore Giuliano,Action Drama,yearold outlaw salvatore giuliano found gunned down sicilian courtyard little seems film moves back forth late giuliano reprobates recruited separatist politicians fighting days leading following giulianos death
4638,Hot Fuzz,Crime Action Comedy,top london cop nicholas angel good good stop rest team looking bad reassigned quiet town sandford paired simple country cop everything seems quiet until two actors found decapitated addressed accident angel isnt going accept especially people turn dead
1993,Golden Door,History Drama Romance,story set beginning century sicily salvatore poor farmer widower decides emigrate family including old mother embark meet lucy supposed british lady wants come back states lucy luce salvatore calls unknown reasons wants marry someone arrive ellis island new york salvatore accepts proposal arrive ellis island spend quarantine period trying pass examinations admitted states tests simple poor farmers coming sicily destiny hands custom officers
1253,Breaking and Entering,Drama Romance,set blighted innercity neighbourhood london breaking entering examines affair unfolds successful british landscape architect amira bosnian woman mother troubled teen son widowed war bosnia herzegovina
1949,Zodiac,Crime Drama Mystery Thriller,true story investigation zodiac killer serial killer terrified san francisco bay area taunting police ciphers letters case becomes obsession four men lives careers built destroyed endless trail clues
8965,Atlantis: Milo's Return,Fantasy Animation Science Fiction Family Action,three different stories come life sequel hit animated disney adventure explorer milo thatch new sweetheart queen kida rest team preparing rebuild underwater city trouble crops harnessing power crystal atlantis adventurers set out defend kingdom against dark forces threaten sand sea snow
1271,300,Action Adventure War,based frank millers graphic novel loosely based battle thermopylae king sparta led army against advancing persians battle said inspired greece band together against persians helped usher worlds first democracy
2267,The Last Mimzy,Adventure Family,two siblings begin develop special talents find mysterious box toys soon parents even teacher drawn strange new world find task ahead far important imagine
1255,The Host,Horror Drama Science Fiction,gangdu dimwitted man working fathers tiny snack bar near han river one day gangdus one only daughter hyunseo comes back school irritated angry uncle namil visited school guardian shamelessly drunk ignoring fathers excuses namil hyunseo soon engrossed aunt namjoos archery tournament meanwhile outside snack bar people fascinated unidentified object hanging onto bridge instant object reveals itself terrifying creature turning riverbank gruesome sea blood amid chaos hyunseo helplessly snatched creature right gangdus eyes unforeseen circumstances render government powerless act receiving call help hyunseo onceordinary citizen gangdu family thrust battle monster rescue beloved hyunseo
2977,Becoming Jane,Drama Romance,biographical portrait prefame jane austen romance young irishman
2355,Reign Over Me,Drama,man lost family september attack new york city runs old college roommate rekindling friendship one thing appears able help man recover grief
1273,TMNT,Adventure Animation Comedy Family,defeat old arch nemesis shredder turtles grown apart family struggling keep together rat sensei splinter becomes worried strange things begin brew new york city
8199,Dreamland,Drama Romance Science Fiction,young woman lives desert trailer park choose caring hapless father sick friend fulfilling own destiny
5177,Dark Horse,Comedy Drama,young man spurs romance helps friend himself through struggles ordinary life denmark
1683,The Reaping,Thriller Horror,katherine morrissey former christian missionary lost faith tragic deaths family now applies expertise debunking religious phenomena series biblical plagues overrun small town katherine arrives prove supernatural force behind occurrences soon finds science cannot explain happening instead regain faith combat evil waits louisiana swamp
1267,Meet the Robinsons,Animation Comedy Family,animated adventure brilliant preteen inventor lewis creates memory scanner retrieve earliest recollections find out mother gave adoption villainous bowler hat guy steals machine lewis ready give quest until mysterious wilbur robinson shows scene whisking lewis future find scanner mom
1272,Sunshine,Science Fiction Thriller,fifty years future sun dying earth threatened arctic temperatures team astronauts sent revive sun mission fails seven years later new team sent finish mission mankinds last hope
1590,Copying Beethoven,Drama,fictionalised exploration beethovens life final days working ninth symphony beethoven racing finish new symphony however years since last success plagued deafness loneliness personal trauma copyist urgently needed help composer fictional character introduced form young conservatory student aspiring composer named anna holtz mercurial beethoven skeptical woman become involved masterpiece slowly comes trust annas assistance end becomes quite fond time piece performed presence life absolute necessity deep understanding work such even corrects mistakes made while passionate personality opens door private world
1407,La Vie en Rose,Romance Music Drama,swirling impressionistic portrait artist regretted nothing writerdirector olivier dahans vie rose stars marion cotillard blazing performance legendary french icon edith piaf mean streets belleville district paris dazzling limelight new yorks famous concert halls piafs life constant battle sing survive live love raised grandmothers brothel piaf discovered nightclub owner louis leplee gerard depardieu persuaded sing despite extreme nervousness piaf became one frances immortal icons voice one indelible signatures century
1441,The Contract,Drama Action Thriller Crime,attempting recover recent family trauma escaping woods peaceful hiking trip exlawman young son stumble across dangerous contract killer
1987,Benny's Video,Horror Crime Drama,yearold video enthusiast caught film fantasy longer relate real world such extent commits murder records oncamera confession parents
1268,Mr. Bean's Holiday,Family Comedy,bean wins trip cannes unwittingly separates young boy father help two reunite way discovers france bicycling true love among things
1950,Lucky You,Drama Romance,professional poker player whose astounding luck table fails translate lonesome love life attempts win world series poker while simultaneously earning affections beautiful las vegas singer
4977,Paprika,Animation Drama Mystery Science Fiction Thriller,machine allows therapists enter patients dreams stolen hell breaks loose only young female therapist stop paprika
27904,Syndromes and a Century,Drama Romance,buddhist meditation mysteries love attraction workings memory ways happiness triggered
2269,Day Watch,Fantasy Horror,man serves war forces light dark comes possession device restore life moscow nearly destroyed apocalyptic event
1919,Away from Her,Drama Romance,man coping institutionalization wife because alzheimers disease faces epiphany transfers affections another man wheel chairbound mute patient nursing home
2976,Hairspray,Family Comedy Music Romance,pleasantly plump teenager tracy turnblad best friend penny pingleton audition corny collins show tracy wins scheming amber von tussle mother plot destroy tracy turns chaos
1562,28 Weeks Later,Horror Thriller Science Fiction,chilling sequel days later inhabitants british isles appear lost battle against onslaught disease deadly rage virus killed citizen six months later group americans dare set foot isles convinced danger come gone soon becomes clear scourge continues live waiting pounce next victims
810,Shrek the Third,Fantasy Adventure Animation Comedy Family,king far far away died shrek fiona become king amp queen however shrek wants return cozy swamp live peace quiet finds out another heir throne set off bring back rule kingdom
3489,88 Minutes,Crime Mystery Thriller,minutes focuses college professor pacino moonlights forensic psychiatrist fbi receives death threat claiming only minutes live
2241,Sun Alley,Comedy,group kids grow short wrong east side sonnenallee berlin right next one border crossings east west reserved german citizens antics kids families west german friends relatives come visit east german border guards serve illustrate absurdity everyday life sonnenallee therefore throughout former east germany
1979,Fantastic 4: Rise of the Silver Surfer,Adventure Fantasy Action Thriller,fantastic four return big screen new powerful enemy threatens earth seemingly unstoppable silver surfer seems old new enemies pose greater threat intrepid superheroes realize
1991,Death Proof,Action Thriller,austins hottest jungle julia sets out night unwind two friends shanna arlene covertly tracking moves stuntman mike scarred rebel leering behind wheel muscle car revving feet away
2748,Journey to Italy,Romance Drama,deceptively simple tale bored english couple george sanders ingrid bergman travelling italy find buyer house inherited uncle transformed roberto rossellini passionate story cruelty cynicism marriage disintegrates around
2359,Sicko,Documentary,sicko michael moore documentary corrupt health care system united states whos main goal make profit even means losing peoples lives people deny health insurance money make business model health care providers america
442,Popular Music,Comedy Drama,two boys grow together town pajala united rocknroll music
43836,The Man in the Iron Mask,Romance Drama,three musketeers rescue kings unjustly imprisoned twin
1988,A Mighty Heart,Drama Thriller,based mariane pearls account terrifying unforgettable story husband wall street journal reporter danny pearls life death
2959,License to Wed,Comedy,newly engaged ben sadie cant wait start life together live happily ever however sadies family churchs reverend frank wont bless union until pass patented foolproof marriage prep course consisting outrageous classes outlandish homework assignments outright invasion privacy
1858,Transformers,Adventure Science Fiction Action,young teenager sam witwicky becomes involved ancient struggle two extraterrestrial factions transforming robots heroic autobots evil decepticons sam holds clue unimaginable power decepticons stop nothing retrieve
3563,I Now Pronounce You Chuck & Larry,Comedy Romance,firefighters chuck ford larry valentine guys guys loyal core widower larry asks chuck pose gay lover get domestic partner benefits kids buddy agrees however things get dicey bureaucrat comes calling boys forced present picture domestic bliss
4688,Across the Universe,Adventure Drama Music Romance,musical based beatles songbook set england america vietnam love story lucy jude intertwined antiwar movement social protests
81847,The Dawn Patrol,Action War Drama,world war ace dick courtney derides leadership superior officer courtney soon promoted squadron commander learns harsh lessons sending subordinates deaths
32444,Dorian Blues,Comedy Drama,dorian realizes gay final year high school meets another gay youth locally remains confused starts therapy resorts confession church finally comes out brother dorian decides come out father gets kicked out house
35,The Simpsons Movie,Animation Comedy Family,homer accidentally pollutes towns water supply springfield encased gigantic dome epa simpsons declared fugitives
3638,No Reservations,Comedy,master chef kate armstrong runs life kitchen intimidating intensity however recipe disaster works becomes guardian young niece while crossing forks brash souschef joined staff though romance blooms face rivalry kate needs look outside kitchen find true happiness
4516,My Best Friend,Comedy,catherine refuses believe business partner unlikeable françois best friend challenges set introduction scrambling find someone willing pose best pal françois enlists services charming taxi driver play part
59995,Wild Tigers I Have Known,Drama Romance,lyrical telling coming age yearold boy learns cope new found sexuality unrequited love cool kid school
1721,All the Way Boys,Adventure Action Comedy,trinity crew makes another modern era film plata salud pilots ditching aircraft insurance money wind crashing real jungles south america plot involves big buying diamonds miners much little thugs keep price down course plata salud side miners
8363,Superbad,Comedy,high school best buddies facing separation anxiety prepare off college while attempting score alcohol party help fake idtoting friend guys evening takes turn chaotic territory
4658,Arctic Tale,Documentary Family,arctic tale documentary film national geographic society life cycle walrus calf polar bear cubs similar vein hit production march penguins national geographic
5956,Joshua,Drama Thriller Horror,arrival newborn girl causes gradual disintegration cairn family particularly yearold joshua eccentric boy whose proper upbringing refined tastes take sinister turn
6535,Talk to Me,Drama,story washington radio personality ralph petey greene excon became popular talk show host community activist
1127,Princesses,Drama,set spain story friendship love world prostitution
1393,The Cave of the Yellow Dog,Documentary Drama,little nomad girl nansal finds baby dog mongolian veld becomes best friend against rejections parents only little dog zocher saves life youngest son father mother finally see good soul story mongolian family nomads traditional way life rising call city
2701,Abraham,Drama,engrossing dramatization life abraham tested servant god father judaism spans patriarchs quest promised land sacrifice son isaac
4349,The Kingdom,Thriller Action Drama,team government agents sent investigate bombing american facility middle east
2082,Halloween,Horror,committed years michael myers now grown man still dangerous escapes mental institution committed year old immediately returns haddonfield wants find baby sister laurie anyone crosses path mortal danger
1845,2 Days in Paris,Comedy Romance,adam goldberg delivers uproarious study transatlantic culture panic jack anxious hypochondriacprone new yorker vacationing throughout europe breezy freespirited parisian girlfriend marion make twoday stop marions hometown couples romantic trip takes turn jack exposed marions sexually perverse emotionally unstable family
6609,Keoma,Action Western,halfbreed keoma returns border hometown service civil war finds control caldwell exconfederate raider vicious gang thugs make matters worse keomas three halfbrothers joined forces caldwell make painfully clear return unwelcome one determined break caldwell brothers grip town keoma partners fathers former ranch hand exact violent revenge
2335,Taxi 4,Action Comedy,extradited africa stand trial notorious belgian criminal entrusted marseilles police department less hours wily crook convinces bumbling policeman emilien hes lowly belgian embassy employee got railroaded brilliant master criminal
4351,Bordertown,Crime Drama Mystery,opening titles explain american corporations using north american free trade agreement opening large maquiladoras right across united statesmexico border maquiladoras hire mostly mexican women work long hours little money order produce mass quantity productslauren adrian jennifer lopez impassioned american news reporter chicago sentinel wants assigned iraq frontlines cover war instead editor george morgan martin sheen assigns investigate series slayings involving young maquiladora factory women mexican bordertown
2882,Hunting and Gathering,Romance Drama,camille falls ill forced live philibert franck
1992,Planet Terror,Horror Action Thriller,two doctors find graveyard shift inundated townspeople ravaged sores among wounded cherry dancer whose leg ripped body invalids quickly become enraged aggressors cherry exboyfriend wray lead team accidental warriors night
4141,Shoot 'Em Up,Action Thriller Comedy Crime,man named smith delivers womans baby during shootout called upon protect newborn army gunmen
523,Requiem,Drama Horror,michaela epileptic enrolls college study education goes off medication soon begins hearing voices seeing apparitions tell avoid religious objects although devoutly roman catholic one priest scoffs idea michaela possessed demons younger pastor arranges exorcism young woman
2009,"4 Months, 3 Weeks and 2 Days",Drama,gabita pregnant abortion strictly forbidden romania during communist regime despite common practice gabita wants abortion movie follows friend otilia during day made appointment bebe abortion
3469,Far from the Madding Crowd,Drama Romance,bathsheba everdine willful flirtatious young woman unexpectedly inherits large farm becomes romantically involved three widely divergent men
4629,December Boys,Drama Romance,many years four teenage orphans australian outback convent watched younger comrades find new parents realize never adopted reverend mother sends four boys away seaside vacation meet teresa fearless couple make perfect parents youths compete one another one teresa fearless decide adopt
2252,Eastern Promises,Thriller Crime Mystery,russian teenager living london dies during childbirth leaves clues midwife journal tie child rape involving violent russian mob family
6641,Love and Other Disasters,Comedy Romance,flighty emily jacks jackson works british edition vogue magazine rather pursue relationship jacks regularly hooks devoted exboyfriend james wildstone lives peter simon gay screenwriter jacks meets argentinian photographers assistant paolo sarmiento assumes gay tries bring peter together unaware paolo straight love
5915,Into the Wild,Adventure Drama,true story top student athlete christopher mccandless graduating emory university abandoned possessions gave entire savings account charity hitchhiked alaska live wilderness
2728,Postal,Action Comedy,story begins regular joe tries desperately seek employment embarks violent rampage teams cult leader uncle dave first act heist amusement park only learn taliban planning same heist well chaos ensues now postal dude only take terrorists political figures
2001,We Own the Night,Drama Crime Thriller,new york nightclub manager tries save brother father russian mafia hitmen
4566,Michael Clayton,Drama Mystery Crime,law firm brings fixer remedy situation lawyer breakdown while representing chemical company knows guilty multibillion dollar class action suit
4520,Sleuth,Drama Thriller,sprawling country estate aging writer matches wits struggling actor stolen wifes heart
6615,Lars and the Real Girl,Comedy Romance Drama,sometimes find love youd least expect ask lars sweet quirky guy thinks hes found girl dreams lifesized doll named bianca lars completely content artificial girlfriend develops feelings margo attractive coworker lars finds himself lost unique love triangle hoping somehow discover real meaning true love
3877,Things We Lost in the Fire,Drama,recent widow invites husbands troubled best friend live two children gradually turns life around helps family cope confront loss
1922,Irina Palm,Drama,maggie quiet retiring grandmother finds herself helpless grandsons health deteriorates one last chance appears money desperately short maggie acts raise cash fashion surprises everyone
2011,Persepolis,Animation Drama,iran marjane marji statrapi watches events through young eyes idealistic family long dream fulfilled hated shahs defeat iranian revolution however marji grows witnesses first hand new iran now ruled islamic fundamentalists become repressive tyranny own
2014,The Edge of Heaven,Drama,nejat seems disapproving widower father alis choice prostitute yeter livein girlfriend grows fond discovers sends money home turkey daughters university studies yeters sudden death distances father son nejat travels istanbul search yeters daughter ayten political activist ayten fled turkish police already germany befriended young woman lotte invites rebellious ayten stay home gesture particularly pleasing conservative mother susanne ayten arrested asylum plea denied deported imprisoned turkey lotte travels turkeywhere gets caught seemingly hopeless situation freeing ayten
663,Saw IV,Horror Thriller Crime,jigsaw apprentice amanda dead now upon news detective kerrys murder two seasoned fbi profilers agent strahm agent perez arrive terrified community assist veteran detective hoffman sifting through jigsaws latest grisly remains piecing together puzzle however swat commander rigg abducted thrust game last officer untouched jigsaw ninety minutes overcome series demented traps save old friendor face deadly consequences
2015,Secret Sunshine,Drama,sinae moves son jun miryang town dead husband born tries come herself set out new foundations another tragic event overturns life
7347,Elite Squad,Drama Action Crime,visit pope rio janeiro captain nascimento bope special police operations battalion assigned eliminate risks drug dealers dangerous slum nearby pope intends lodged
2013,The Diving Bell and the Butterfly,Drama,elle france editor jeandominique bauby age suffered stroke paralyzed entire body except left eye using eye blink out memoir bauby eloquently described aspects interior world psychological torment trapped inside body imagined stories lands hed only visited mind
6977,No Country for Old Men,Crime Drama Thriller,llewelyn moss stumbles upon dead bodies million hoard heroin texas desert methodical killer anton chigurh comes looking local sheriff tom bell hot trail roles prey predator blur violent pursuit money justice collide
4515,Lions for Lambs,Action Adventure Drama History,three stories told simultaneous ninety minutes real time republican senator whos presidential hopeful gives hourlong interview skeptical television reporter detailing strategy victory afghanistan two special forces ambushed afghani ridge await rescue taliban forces close polisci professor california college invites student reengage
5375,Fred Claus,Action Comedy Drama,fred claus santa claus estranged brothers many years now fred reconcile differences brother believes overshadows efficiency expert assesses workings north pole threatens shut santa down fred help brother save christmas
2310,Beowulf,Adventure Action Animation,thcentury scandinavian warrior beowulf embarks mission slay manlike ogre grendel descendant cain
6639,Love in the Time of Cholera,Drama Romance,colombia great war old man falls ladder dying professes great love wife funeral man calls widow dismisses angrily flash back years day florentino ariza telegraph boy falls love fermina daza daughter mule trader
4723,Southland Tales,Comedy Science Fiction Thriller,set futuristic landscape los angeles july stands brink social economic environmental disaster boxer santaros action star whos stricken amnesia life intertwines krysta now adult film star developing own reality television project ronald taverner hermosa beach police officer holds key vast conspiracy
5876,The Mist,Science Fiction Horror Thriller,violent storm dense cloud mist envelops small maine town trapping artist david drayton fiveyearold son local grocery store people soon discover mist conceals deadly horrors threaten lives worse sanity
4523,Enchanted,Comedy Family Fantasy Romance,beautiful princess giselle banished evil queen magical musical animated land finds herself gritty reality streets modernday manhattan shocked strange new environment doesnt operate happily ever basis giselle now adrift chaotic world badly need enchantment giselle begins fall love charmingly flawed divorce lawyer come aid even though already promised perfect fairy tale prince back home wonder storybook view romance survive real world
1620,Hitman,Action Crime Drama Thriller,bestselling videogame hitman roars life barrels blazing hardcore actionthriller starring timothy olyphant genetically engineered assassin deadly aim known only agent eliminates strategic targets topsecret organization hes doublecrossed hunter becomes prey finds himself lifeordeath game international intrigue
2268,The Golden Compass,Adventure Fantasy,overhearing shocking secret precocious orphan lyra belacqua trades carefree existence roaming halls jordan college otherworldly adventure far north unaware part destiny
6477,Alvin and the Chipmunks,Comedy Music Family Fantasy Animation,struggling songwriter named dave seville finds success comes across trio singing chipmunks mischievous leader alvin brainy simon chubby impressionable theodore
6537,The Orphanage,Horror Drama Thriller,woman brings family back childhood home used orphanage intent reopening long son starts communicate new invisible friend
7979,The Kite Runner,Drama,spending years california amir returns homeland afghanistan help old friend hassan whose son trouble
6538,Charlie Wilson's War,Comedy Drama History,true story texas congressman charlie wilsons covert dealings afghanistan efforts assist rebels war soviets unforeseen longreaching effects
440,Aliens vs Predator: Requiem,Fantasy Action Science Fiction Thriller Horror,sequel alien predator iconic creatures two scariest film franchises movie history wage brutal battle ever own backyard small town gunnison colorado becomes war zone two deadliest extraterrestrial life forms alien predator predator scout ship crashlands hills outside town alien facehuggers hybrid alienpredator released begin terrorize town
1488,Mongolian Ping Pong,Drama Comedy,bilike never seen pingpong ball family live without electricity running water solitary tent home among vast steppe grasslands magnificent landscape changed little since days genghis kahn life middle nowhere exciting young boy smallest details become big events curious bilike best friends erguotou dawa mystery small white ball floating creek leads questions world around well innocent mischief
4787,Cassandra's Dream,Crime Drama Thriller,tale two brothers serious financial woes third party proposes turn crime things bad two become enemies
2312,In the Name of the King: A Dungeon Siege Tale,Adventure Fantasy Action Drama,man named farmer sets out rescue kidnapped wife avenge death son two acts committed krugs race animalwarriors controlled evil gallian
4034,That Man from Rio,Action Adventure Comedy,farce spy spoof adventure swarthy thieves ignore jewels steal amazon figurine museum man paris trocadero palace kidnap worlds authority lost maltec civilization cut agnes daughter murdered man possessed one two such figurines moments sweetheart adrien army private weeks leave arrives paris see agnes kidnapped drugged loaded plane rio adrien hot pursuit rescue help shoeshine boy foil murderous thieves solve riddle maltecs traverse rio brasília amazon heartland end weeks leave
1479,"Clean, Shaven",Drama Crime,peter winter young schizophrenic desperately trying get daughter back adoptive family attempts function world filled strange voices electrical noise disconcerting images jarringly sudden emotional shifts during quest runs afoul law ongoing murder investigation
2282,À nos amours,Drama Romance,portrait youth bloom tale one familys dissolution reflection upon danger mystery living sandrine bonnaire plays suzanne free spirit vessel almost brontëan choler shes men exist diverse lovers overbearing brother father portrayed director maurice pialat himself unforgettable turn displays full magnitude cinema giants tenderness forceofwill presence
6473,The Marksman,Action Adventure Thriller,chechen rebels take russian nuclear plant mysterious agentsnipes stop
7840,"10,000 BC",Adventure Action Drama Fantasy,prehistoric epic follows young mammoth hunters journey through uncharted territory secure future tribe
2239,Hallam Foe,Drama Comedy Thriller,hallams talent spying people reveals darkest fearsand peculiar desires driven expose true cause mothers death instead finds himself searching rooftops city love
3764,The Naked Island,Drama,deals intolerably hard life family four only inhabitants small japanese island setonaikai archipelago several times day row neighboring island fetch water miserable fields
33166,Downhill Racer,Drama,ambitious young skier determined break existing records contemptuous teamwork advocated coach europe olympics
383,Mala Noche,Drama,mala noche film debut director gus van sant film portrays unanswered love american man toward young mexican man
155,The Dark Knight,Drama Action Crime Thriller,batman raises stakes war crime help jim gordon district attorney harvey dent batman sets out dismantle remaining criminal organizations plague streets partnership proves effective soon find themselves prey reign chaos unleashed rising criminal mastermind known terrified citizens gotham joker
36527,Phar Lap,Drama Family,phar lap big bold chestnut reigned king turf depression gripped australia humble beginnings new zealand bred horse raced become hero nation
511,The Promised Land,Drama,polish film based book same name wladyslaw reymont taking place nineteenth century town łódź poland three friends want make lot money building investing textile factory exceptional portrait rapid industrial expansion shown through eyes one polish town
8093,Khadak,Drama,set frozen steppes mongolia young nomad confronted destiny animals fall victim plague threatens eradicate nomadism
7944,Shine a Light,Documentary Music,martin scorsese rolling stones unite shine light look rolling stones scorsese filmed stones twoday period intimate beacon theater new york city fall cinematographers capture raw energy legendary band
1266,Street Kings,Action Crime Drama Thriller,tom ludlow disillusioned police officer rarely playing rules haunted death wife evidence implicates execution fellow officer forced against cop culture hes part entire career ultimately leading question loyalties everyone around
8827,99 francs,Drama Comedy,octave master universe octave exercises profession copywriter today decides want tomorrow man product like everything else octave works worlds largest advertising agency ross amp witchcraft nicknamed ross
7459,Speed Racer,Action Family Science Fiction,speed racer tale young brilliant racing driver corruption racing leagues costs brother life team police mysterious racer bring end corruption criminal activities inspired cartoon series
1729,The Forbidden Kingdom,Action Adventure Fantasy,american teenager obsessed hong kong cinema kungfu classics makes extraordinary discovery chinatown pawnshop legendary stick weapon chinese sage warrior monkey king lost relic hand teenager unexpectedly finds himself travelling back ancient china join crew warriors martial arts lore dangerous quest free imprisoned monkey king
1810,Viva Zapata!,History Drama Western,story mexican revolutionary emiliano zapata led rebellion against corrupt oppressive dictatorship president porfirio diaz early century
8617,Prom Night,Crime Horror,donnas senior prom supposed best night life though sadistic killer past different plans friends
1726,Iron Man,Action Science Fiction Adventure,held captive afghan cave billionaire engineer tony stark creates unique weaponized suit armor fight evil
2454,The Chronicles of Narnia: Prince Caspian,Adventure Family Fantasy,one year incredible adventures lion witch wardrobe peter edmund lucy susan pevensie return narnia aid young prince whose life threatened evil king miraz now help colorful cast new characters including trufflehunter badger nikabrik dwarf pevensie clan embarks incredible quest ensure narnia returned rightful heir
217,Indiana Jones and the Kingdom of the Crystal Skull,Adventure Action,set during cold war soviets led swordwielding irina spalko search crystal skull supernatural powers related mystical lost city gold captured escaping indy coerced head peru behest young man whose friend indys colleague professor oxley captured knowledge skulls whereabouts
4564,Sex and the City,Comedy Drama Romance,new york writer sex love finally getting married big three best girlfriends console one inadvertently leads big jilt
4857,"Farewell, Friend",Crime Action Adventure,serving together french foreign legion mercenary doctor leave service separate ways later reunited become involved caper involving millions highsecurity safe two men become locked during holiday weekend attempt crack safes combination
8645,The Happening,Thriller Science Fiction,deadly airborne virus threatens wipe out northeastern united states teacher elliott moore mark wahlberg wife zooey deschanel flee contaminated cities countryside fight discover truth terrorism accidental release toxic military bio weapon something even sinister john leguizamo betty buckley costar thriller writerdirector night shyamalan
1938,Angel Face,Crime Drama Romance,ambulance driver gets involved rich girl darker side
31658,Hour of the Gun,Action Drama Western,marshal wyatt earp kills couple men clantongang fight revenge clantons thugs kill marshals brother thus wyatt earp starts chase killers together friend doc holliday
42718,The Pornographers,Drama Romance,ogata lives complicated life hes pornographer making two skin flicks per day trying stay beneath radar screen local mob deeply loves ailing wife haru whos cursed restless spirit dead first husband mistress stepson wants university stepdaughter entering adolescence lusts stepdaughter asks haru marry haru agrees plan signs business crisis ensues ogata uses nest egg buy equipment pals set own film processing lab surreal images events weave way ogatas life
428,Summer '04,Drama Romance,sommer character study family vacation german director stefan krohmer examines emotional abyss problems behind seemingly nice facade intact family experience guilt love jealousy
9010,Silentium,Comedy Crime Thriller,silentium austrian film based novel wolf haas
2002,The Last Mistress,Drama Romance,secrets rumors betrayals surround upcoming marriage young dissolute man virtuous woman french aristocracy
8836,The X Files: I Want to Believe,Drama Mystery Science Fiction Thriller,six years events xfiles series finale former fbi agent doctor dana scully now staff physician lady sorrows catholic hospital treating boy named christian sandhoff disease terminal brain condition fbi agent drummy arrives ask scullys help locating fox mulder fugitive former head xfiles division says call off manhunt help investigate disappearances several women including young fbi agent monica banan mulder scully called back duty fbi former priest claims receiving psychic visions pertaining kidnapped agent
70846,Love & Pop,Drama Comedy Foreign,pretty tokyo teen hiromi yoshii asumi miwa girlfriends struggle rivalries clothes boyfriends like high school clique out kicks blind consequences girls love amp pop hide dirty little secret phone booths street corners department stores restaurants girls practice enjokosai compensated dating arranging liaisons older men drawn evident nubile charms schoolgirl uniform innocence
1735,The Mummy: Tomb of the Dragon Emperor,Adventure Action Fantasy,archaeologist rick oconnell travels china pitting against emperor yearold han dynasty whos returned dead pursue quest world domination time oconnell enlists help wife son quash socalled dragon emperor abuse supernatural power
1661,Gigantics,Drama Comedy,hamburg friends walter ricco floyd take day comes estates tower blocks fast food restaurants three early twenties dreaming another life floyd suddenly takes job freighter going singapore
2012,Silent Light,Drama,johan family mennonites north mexico against law god man johan falls love another woman
3865,Dark Blue Almost Black,Drama,jorge young man whose plans future put hold father stroke seven years diligently nurses father works janitor while studying part time get business degreewhen natalia childhood crush returns stint studying abroad jorge begins yearn something better desperate find new better job finds one hire because experience only janitor antonio jorges older brother soon released jail opportunist never gotten along father prison theater workshop antonio meets paula beautiful young woman jail drug charges paula problem because flirted another inmates boyfriend
3,Shadows in Paradise,Drama Comedy,episode life nikander garbage man involving death coworker affair much
8908,Maradona by Kusturica,Documentary,documentary argentinean soccer star diego maradona regarded many worlds greatest modern player
47721,Sawdust and Tinsel,Drama,gray morning circus caravan arrives town albert ringmasters family lives hasnt seen three years taken mistress young buxom anne albert calls wife anne jealous wanting out visits theatrical troupe lets actor frans seduce exchange necklace says valuable anne finds out worthless same time alberts wife declines let live family albert anne stuck circus theres show tonight frans smirking sardonic bear mangy clown sour come suicide offers exit
1984,1984,Drama Science Fiction,totalitarian future society man whose daily work rewriting history tries rebel falling love
8882,Gomorrah,Drama Crime,inside look italys modernday crime families camorra naples caserta based book roberto saviano power money blood values residents province naples caserta face day hardly ever choice forced obey rules camorra only lucky even think leading normal life
3097,"The Tulse Luper Suitcases, Part 1: The Moab Story",War Drama History Adventure Romance Thriller,tulse luper suitcases reconstructs life tulse luper professional writer projectmaker caught life prisons born newport south wales presumably last heard life reconstructed evidence suitcases found around world atomic number element uranium project includes three feature films series dvds cdroms books
2397,Fallout,Action Science Fiction,overview found
8338,Blindness,Drama Mystery Science Fiction Thriller,sudden plague blindness devastates city small group afflicted band together triumphantly overcome horrific conditions imposed quarantine
4701,A Tale of Two Cities,Drama History Romance,british barrister sydney carton lives insubstantial unhappy life falls spell lucie manette lucie marries charles darnay darnay goes paris rescue imprisoned family retainer becomes entangled snares brutal french revolution himself jailed condemned guillotine sydney carton love woman cannot comes daring plan save husband
8938,Tokyo!,Romance Drama,tokyo anthology three short films directors michel gondry france leos carax france joonho bong korea offers imaginative transnaturalsupernatural glimpse tokyo megapolis
4627,Krabat and the Legend of the Satanic Mill,Action Fantasy Horror,yearold orphan named krabat flees horrors years war becoming apprentice ominous master mysterious mill krabat only taught craft milling instructed sinister world darker arts life friend protector threatened krabat struggle free himself evil sorcerers control gripping fight freedom friendship love
111759,Don Q Son of Zorro,Western Adventure Romance,returning legend inspired first swashbuckling adventure fairbanks appeared don son zorro don cesar vega fairbanks crosses swords vicious member queens guard donald crisp directed steals affection young heiress mary astor officer frames young upstart murder don cesar fakes own death retreats crumbling ruins family castle plots vengeance
3520,Casanova '70,Drama Comedy,amorous adventures andrea rossicolombotti army officer finds pleasure beautiful women lifethreatening situations
8966,Twilight,Adventure Fantasy Drama Romance,bella swan moves small town pacific northwest live father starts school meets reclusive edward cullen mysterious classmate reveals himself yearold vampire despite edwards repeated cautions bella cant help fall love fatal move endangers own life coven bloodsuckers try challenge cullen clan
2574,The Lovers,Romance Drama,shallow provincial wife finds relationship preoccupied husband strained romantic notions love leading towards paris country wilderness
1964,A Friend of Mine,Drama,introverted insurance executive car rental service annoyed hyperactive garrulous coworker two end becoming friends
8880,Che: Part Two,Drama History War,cuban revolution che height fame power disappears reemerging incognito bolivia organizes small group cuban comrades bolivian recruits start great latin american revolution through story come understand che remains symbol idealism heroism lives hearts people around world
3054,The Wrecking Crew,Action Comedy Thriller,count contini masterminds theft billion gold transported europe cause gyrations worlds financial markets contini profit ice chief macdonald summons matt helm busy photographing women models macdonald effect makes matt judas goat exposing cover encouraging contini make move against matt ice agent deal continis former lover current lover british woman agent continis lovely asian operative final showdown count
5816,Waiter,Comedy,edgar works waiter het westen restaurant married lover neighbors terrorize loud music garbage one day mistreated customers sick goes talk creator scenario writer
2694,Tuya's Marriage,Drama Romance Foreign,set inner mongolia physical setback causes young woman choose suitor take care well disabled husband
2253,Valkyrie,Drama Thriller History War,wounded africa during world war nazi col claus von stauffenberg returns native germany joins resistance daring plan create shadow government assassinate adolf hitler events unfold becomes central player finds himself tasked leading coup personally killing führer
6936,Ben X,Drama,harassed bullies because mild autism teen ben greg timmermans finds refuge online computer game leads virtual dream girl scarlite laura verlinden together odd couple seeks revenge against bens tormentors director nic balthazars beguiling mix kitchensink drama fullblown fantasy belgiums oscar submission best foreign language film
4148,Revolutionary Road,Drama Romance,young couple living connecticut suburb during mids struggle come terms personal problems while trying raise two children based novel richard yates
8927,Involuntary,Comedy Drama,almost summer sweden minor indiscretions misbehavior abound leffe likes show off friends play salacious pranks especially hes drinking meanwhile righteous gradeschool teacher doesnt know draw line insists fellow educators need bit instruction two young teenage girls like pose sexy photos party one night park one found passed out drunk complete stranger
53519,High and Dizzy,Comedy,tipsy doctor encounters patient sleepwalking building ledge high above street
317,Grbavica: The Land of My Dreams,Drama History,woman daughter struggle make way through aftermath balkan war
1977,The Grudge 3,Mystery Horror Thriller,jake sole survivor grudge massacre tortured chilling visions kayako toshio led hospitalization jakes caretaker sullivan determined investigate horrifying tales explores chicago home finding another family brink succumbing curse becomes clear jakes terrifying stories true mysterious japanese woman only hope banishing spirits foreverunless plan destroys
4832,The 11th Hour,Documentary,look state global environment including visionary practical solutions restoring planets ecosystems featuring ongoing dialogues experts world including former soviet prime minister mikhail gorbachev renowned scientist stephen hawking former head cia james woolse
1961,My Name Is Bruce,Comedy Horror,movie legend bruce campbell mistaken character ash evil dead trilogy forced fight real monster small town oregon
434,Tough Enough,Drama Thriller,youth directed novel same name greogor tressnow comes film detlev buck realistic portrait life section berlin called neukölln power weakness delinquents victims difficulties yearold faces poor criminal environment
7916,Far Cry,Action Science Fiction Thriller,jack carver former member special forces takes journalist valerie cardinal island visit uncle max working military complex island arrive valerie gets captured minions doctor krüger destruction boat jack finds out true purpose facilities island creation genetic soldiers
5334,Billy Budd,Drama Action,billy innocent naive seaman british navy ships sadistic masteratarms murdered billy accused tried
62437,Land of Silence and Darkness,Documentary Foreign,through examining fini straubinger old woman deaf blind since teens work behalf deafblind people film shows deafblind struggle understand accept world almost wholly isolated
43396,Union Station,Drama Thriller Crime,police catch break suspected kidnappers spotted train heading towards union station police train station security witness try piece together crime get back blind daughter rich business man
3632,Flash Gordon,Action Science Fiction,three earthlings visit planet mongo thwart evil schemes emperor ming merciless
1940,Porgy and Bess,Music Drama Romance,set early fictional catfish row section charleston south carolina serves home black fishing community story focuses titular characters crippled beggar porgy travels goatdrawn cart drugaddicted bess lives stevedore crown local bully
1387,Superstar: The Karen Carpenter Story,Drama Music,final years american singer musician karen carpenter performed almost entirely modified barbie dolls
8833,Double Trouble,Action Comedy,billionaire cousins bastiano terence hill antonio bud spencer two savvy businessmen least one regard want close large deal although fear lives because since competition wont even stop murder therefore agency find two lookalikes united states stuntman elliot vance terence hill jazz saxophonist greg wonder bud spencer accept job offer initially knowing really hired nonetheless elliot greg manage fight way through kinds situations without much trouble additionally quickly come like jetset life resulting damage reputation provokes coimbras return rio ahead time puts right sights enemies alongside cousins lookalikes
2080,X-Men Origins: Wolverine,Adventure Action Thriller Science Fiction,seeking live normal life logan sets out avenge death girlfriend undergoing mutant weapon program becoming wolverine
6461,Cherry Blossoms,Drama Romance,finding out husband rudi fatal illness trudi angermeier arranges trip berlin see children course kids dont know real reason theyre visiting catch neither rudi
42738,Scorpio,Action Adventure Drama Thriller,cross old hand cia charge assassinating highranking foreign personalities obstacle policies usa often teams frenchman jean laurier alias scorpio gifted freelance operative one day cia orders scorpio eliminate cross leaves choice obey scorpio coldblooded systematic however veteran agent cross knows many tricks rely upon network unusual personal contacts dating back troubled years preceding wwii lethal game hideandseek programmed true motives single player
534,Terminator Salvation,Action Science Fiction Thriller,grown postapocalyptic john connor lead resistance humans against increasingly dominating militaristic robots marcus wright appears existence confuses mission connor tries determine whether wright come future past whether hes friend foe
101362,A Cure for Love,Comedy Adventure Crime,architect joanna tells friend halina telephone love troubles suddenly hears nice mans voice best cure love love becomes forgers dispatcher mistaken honorata telephone decides work out forgers secret secret new love andrzej
81512,Many Rivers to Cross,Action Comedy Western,packaged sold outdoor actioner many rivers cross much comedy anything else robert taylor stars century trapper bushrod gentry himself entrapped marriage spunky mary stuart cherne eleanor parker escaping marital responsibilities impressed upon threat death gentry heads north country mary hot pursuit hero heroine spend rest picture taking turns rescuing hostile indians humor predicated upon wholesale slaughter redskins such bit hard take seen today supporting taylor parker victor mclaglen heroines burly father tvstarsto james arness gunsmoke russell johnson alan hale gilligans island
761,The Wing or the Thigh,Comedy,charles duchemin wellknown gourmet publisher famous restaurant guide waging war against fast food entrepreneur tri catel save french art cooking having agreed appear talk show show skills naming food wine taste confronted two disasters son wants become clown rather restaurant tester famous charles duchemin lost taste
8933,O'Horten,Drama Comedy,odd horton dependable contained hes train driver retiring years service living simple life idea adventure fly one city norway another starting night retirement dinner odd series dislocating experiences boy insists odd sit bedside while falls asleep misadventure causes odd miss last run witnesses arrest assists old man makes friend takes trip blindfolded driver adopts dog takes stock late one night roundhouse revisits mothers disappointment live rest life
8373,Transformers: Revenge of the Fallen,Science Fiction Action Adventure,sam witwicky leaves autobots behind normal life mind filled cryptic symbols decepticons target dragged back transformers war
4990,Hustle,Action Comedy Crime Drama Mystery Thriller,phil gaines bitter cynical cop investigates case dead stripperporno actress found beach gaines experiencing troubled relationship hooker things dont get better dead girls father launches own investigation
3478,Ludwig,Drama History,history ludwig king bavaria crowning until death
8937,Tokyo Sonata,Drama,cannes festival winner chronicles implosion ordinary japanese family contemporary tokyo father ryuhei sasaki devoted work wife megumi left own manage house struggles retain bond son takashi college younger kenji sensitive boy elementary school though seemingly normal schisms begin tear family apart
685,Olympia Part Two: Festival of Beauty,Documentary,second part olympia documentary olympic games berlin german director leni riefenstahl film played theaters fall nazi regime
2861,A Good Marriage,Drama Comedy Romance,sabine vows give married lovers determined find good husband best friend clarisse introduces cousin edmond busy lawyer paris sabine pursues edmond encouragement clarisse edmond seem interested
5060,Carry On Screaming,Comedy,sinister watt evil scheme going hes kidnapping beautiful young women turning mannequins sell local stores fortunately watt detectivesergeant bung case doesnt clue send hammer horror movies sendups horror greats frankenstein jekyl hyde
2979,Return of the Ghostbusters,Comedy Fantasy Science Fiction,mile high city rocked ancient egyptian menace comes town denver ghostbusters return save universe
3511,The Broken,Thriller Drama Horror,life successful radiologist spirals out control sees spitting image herself driving down london street while attempting uncover imposter stumbles terrifying mystery family closest friends somehow involved leaving one trust
4734,Van Gogh,Drama,late spring vincent moves auverssuroise near paris care gachet living humble inn fewer days later vincent dies selfinflicted gunshot wound see vincent work painting landscapes portraits brother theo wife johanna baby visit auvers vincent playful charming engaging attentions gachets daughter marguerite whos half vincents age young maid inn cathy parisian prostitute johanna shortly death vincent visits paris quarrels theo disparages own art accomplishments dances brothel warm cold toward marguerite
3513,Legionnaire,Adventure Drama Action History Thriller,alain lefevre boxer paid marseille mobster take dive wins fight attempts flee america mobsters girlfriend katrina plan fails seeks escape joining foreign legion part legion tangles abusive lieutenant steinkampf bonds legionnaires luther mackintosh rosetti
2973,Aelita: Queen of Mars,Science Fiction Adventure Drama Fantasy,movie set beginning nep new economic policy december mysterious radio message beamed around world among engineers receive los hero colleague spiridonov los individualist dreamer aelita daughter tuskub ruler totalitarian state mars working classe put cold storage needed telescope aelita able watch los telepathy los obsesses watched huggermugger involving murder wife pursuing detective los takes identity spiridonov builds spaceship revolutionary gusev travels mars earthlings aelita thrown prison dictator gusev los begin proletarian uprising aelita offers lead
54648,The Pebble and the Penguin,Animation Adventure Family,bashful bachelor penguin named hubie whos partial pretty female named marina ancient penguin ritual dictates males present pebble intended mate life hubie finds spiffy stone bestow marina dastardly rival drake tosses churning sea hubie gets swept away
836,Barren Lives,Drama Foreign Romance,vidas secas tells vivid images almost documentary like story drover family northern interior states brazil during drought family search new hope destiny
84772,Hell's Hinges,Romance Western,reverend robert henley sister faith arrive town hells hinges saloon owner silk miller cohorts sense danger evil ways hire gunman blaze tracy run minister out town blaze finds something faith henley turns around soon silk miller compadres blaze deal
2261,Wattstax,Music Documentary,wattstax documentary film afroamerican woodstock concert held los angeles seven years watts riots director mel stuart mixes footage concert footage living conditions current day watts neighborhood film won golden globe best documentary film
6058,The Patriot,Action Thriller,deadly virus threatens wipe out entire rocky mountain town leaving town doctor find way escape soldiers enforce towns quarantine devise antidote matters take deadly turn physician captured dangerously unstable band militia extremists
7445,Brothers,Drama Thriller War,helicopter goes down during fourth tour duty afghanistan marine sam cahill presumed dead back home brother tommy steps look sams wife grace two children sams surprise homecoming triggers domestic mayhem
1284,Torrente 2: Mission in Marbella,Comedy Crime,second film cult comedy series torrente takes fat police officer madrid marbella spain investigate villains plot destroy city missile james bond style slapstick comedy became successful boxoffice film spanish film history beating out only first torrente film
7980,The Lovely Bones,Fantasy Drama,brutally murdered yearold susie salmon watches heaven griefstricken family killer observes daily lives balance thirst revenge desire family heal
2143,Carla's Song,War Drama Romance,glasgow man robert carlyle visits wartorn nicaragua refugee oyanka cabezas tormented memories
26171,Everybody's Fine,Drama,eight months death wife frank goode looks forward reunion four adult children cancel visits last minute frank against advice doctor sets out road trip reconnect offspring visits one turn frank finds childrens lives quite pictureperfect theyve made out
347,People on Sunday,Drama,semidocumentary experimental german silent film created amateurs small budget authentic scenes metropolis city berlin first film later famous screenwritersdirectors billy wilder fred zinnemann
55261,Hidden Assassin,Action Thriller,cia agent gets caught political intrigue gets brought solve murder cuban ambassador
25769,Carriers,Action Drama Horror Science Fiction Thriller,four friends fleeing viral pandemic soon learn dangerous virusa deadly virus spread across globe contagion everywhere one safe one trusted four young attractive people race through back roads american west pounding beat vacation soundtrack aim retreat secluded utopian beach gulf mexico peacefully wait out pandemic survive apocalyptic disease plans take grim turn car breaks down isolated road starting chain events seal fate inexorable horrifying voyage hell through western landscape populated only hideous dead twisted living
4932,A Guide for the Married Man,Comedy Romance,man gives friend series lessons cheat ones wife without caught
5707,Shooting War,Documentary Action War History,remarkable film takes special look first war truly reported recorded one unsung heroes world war combat photographer through unflinching eye cameras lenses courageous soldiers continually risked lives brave attempts capture history
46335,Don't Touch the Axe,Drama Music Romance,majorca french general armand montriveau overhears cloistered nun singing chapel insists speaking antoinette five years searched flash back meeting paris recently returned africa married part highest society flirts soon hes captivated behavior possessive insistent turn become obsessed letters balls scandal kidnapping ultimatum bring cloister melancholy
65642,The Story of a Cheat,Comedy Drama,life story charming scoundrel little dialogue stardirectors witty narration boy only survives family tragedy hes deprived supper poisonous mushrooms stealingconcluding dishonesty pays through years dabbling crime amusing adventures two women appear reappear life dazzling blonde jewel thief stunning brunette gambler finally meets mysterious charbonnier saved life world war leading surprising next phase career
2395,Asterix at the Olympic Games,Fantasy Adventure Comedy Family,astérix obélix win olympic games order help friend alafolix marry princess irina portrayed supermodel vanessa hessler brutus benoît poelvoorde uses trick book own team win game get rid father julius caesar alain delon process
2974,The Hands of Orlac,Crime Drama Horror,worldfamous pianist loses hands accident new hands grafted horrified learn belonged murderer
4887,Takva: A Man's Fear of God,Drama,promotion brings muslims relationship god question
26178,Razorback,Horror,australian outback vicious wild boar kills causes havoc small community
1912,Reclaim Your Brain,Comedy Drama,frustrated because forced produce bad tvshows manager tvstation enters station manipulates ratings initiate tvrevolution
37857,Don's Plum,Drama Comedy,group los angeles teenagers meet day local diner hangout discus latest misadventures miserable lives
7346,Sparrow,Thriller,kei simon yam experienced leader team pickpockets known sparrows slang enjoys carefree lifestyle taking photos one day dashing beauty chunlei kelly lin suddenly appears keis viewfinder kei mesmerized behind chunleis attractive facade lies mysterious past mission set herself free
26587,Dread,Horror Drama Thriller,three college students set out document people dread
1785,May Fools,Comedy Romance,eccentric family reunited during general strike france death grandmother
25868,Aladin,Fantasy Drama Romance Foreign,based municipality khwaish abused classmates aladin chatterjee orphaned parents arun riya died accident siachen valley lived paternal grandfather until laters passing now alone grown studying khwaish university still abused fellowcollege mates finds himself smitten lovely exchange student jasmine unable express feelings rubs lamp gifted birthday summons genie named genius gets wishes wastes one insists genius assist win jasmines heart without magical tricks hilarious chaos result everything seems fail while immortal deadly entity ringmaster hordes prepares confront genius aladin acquire magical powers help lamp day sighting rare comet truth behind death aladins parents
40819,Best Worst Movie,Documentary Comedy,look making film troll journey crowned worst film time cherished cult classic
4676,Grande école,Comedy Drama Romance,paul agnes going out quite while agnes shocked learn hed rather live two roommates campus move soon meets one roommates louisanault pauls behavior changes attracted louis without realizing himself agnes hand gets quite jealous offers bet whoever gets louisanault first wins paul longer explore homosexual desires shell walk away meanwhile paul meets mecir young arab worker shows theres life elite colleges
3037,Yella,Drama Romance,neardeath experience causes woman relive someone elses final moments
2363,Les Cousins,Drama,charles young provincial coming paris study law shares cousin pauls flat paul kind decadent boy disillusioned pleasureseeker always dragging along idles while charles plodding naive honest man fell love florence one pauls acquaintances paul react attempt build real love relationship one major new wave films
27022,The Sorcerer's Apprentice,Fantasy Adventure Action Comedy Drama,balthazar blake master sorcerer modernday manhattan trying defend city archnemesis maxim horvath balthazar cant alone recruits dave stutler seemingly average guy demonstrates hidden potential reluctant protégé sorcerer gives unwilling accomplice crash course art science magic together unlikely partners work stop forces darkness
72356,Sade,History Drama Crime,man prepares himself transferred detention center rest home relive one time highlights youth
1920,Crime of Passion,Crime Drama Thriller,kathy leaves newspaper business marry homicide detective bill frustrated lack ambition banality life suburbs drive advance bills career soon takes down dangerous path
1863,Sunflower,Drama War,end world war giovanna war bride living near milan refuses accept husband antonio missing russian front dead theres flashback brief courtship near hometown naples day leave marry ruses keep deployment ultimate farewell years war still word antonio giovanna goes russia find starting town near winter battle disappeared armed photograph find
5899,The Northerners,Comedy,life new neighborhood cant stranger movie
39414,Paper Man,Comedy Drama,comingofmiddleage comedy chronicles unlikely friendship failed author richard dunne long island teen teaches thing two growing disapproving eye longsuffering wife imaginary superhero friend
3476,That Most Important Thing: Love,Drama Romance,servais mont photographer meets nadine chevalier earns money starring cheap softcore movies trying help borrows money loan sharks finance theatrical production richard iii gives nadine part
1914,FC Venus,Comedy,overview found
50641,The End of Poverty?,Documentary,end poverty asks true causes poverty today stem deliberate orchestration since colonial times evolved modern system whereby wealthy nations exploit poor people living fighting against poverty answer condemning colonialism consequences land grab exploitation natural resources debt free markets demand corporate profits evolution economic system worlds population consumes wealth featuring nobel prize winner amartya sen joseph stiglitz authorsactivist susan george eric toussaint bolivian vice president alvaro garcia linera
55063,Still Bill,Documentary Music,still bill intimate portrait soul legend bill withers best known classics aint sunshine lean lovely day grandmas hands two soulful delivery warm heartfelt sincerity withers written songs always resonate deeply within fabric times filmmakers damani baker alex vlack follow withers offer unique rare look inside world fascinating man through concert footage journeys birthplace interviews music legends family closest friends still bill presents story artist written beloved songs time truly understands heart soul man
94959,"Edward, My Son",Drama,following death only son ruthless businessman reflects life unhappy marriage questionable parenting skills released starring spencer tracy deborah kerr
75341,Budrus,Documentary Foreign,follows palestinian leader unites fatah hamas israelis unarmed movement save village destruction success eludes until yearold daughter jumps fray
4921,Vivere,Drama Foreign,overview found
6793,The Haunted Castle,Crime Drama Horror,sinister count oetsch scandalizes aristocratic social gathering castle vogelod announces intention crash festivities baroness safferstätt expected shortly guests wellaware rumors count oetsch murdered baroness late husband oetsch refuses leave vowing reveal identity real killer weekend through count baroness reveal secrets shocking believed
35957,Dial 1119,Thriller Drama,killer holds customers bar hostage
3007,Woman in the Moon,Drama Comedy Science Fiction Romance,scientist discovers theres gold moon builds rocket fly theres much rivalry among crew sucessful expedition
1673,Comanche Station,Action Western,man saves woman kidnapped comanches struggles get home alive
32234,Doppelganger,Comedy Horror Science Fiction Thriller,hayasaki inventor working artificial body going well stressed out verge fired research division company doppelgänger appears help out rut created himself
43919,Hatchet II,Horror Comedy Thriller,picking right original ended marybeth escapes clutches deformed swampdwelling iconic killer victor crowley learning truth familys connection hatchetwielding madman marybeth returns louisiana swamps along army hunters recover bodies family exact bloodiest revenge against bayou butcher
43930,"Tomorrow, When the War Began",Action,ellie linton teen australian coastal town leads friends excursion camp deep woods dubbed hell upon return youths find town overrun enemy army friends family imprisoned hostile invaders become alerted presence ellie friends band together escape strike back against mysterious enemy
8464,Top of the Food Chain,Horror Comedy Science Fiction,isolated canadian town populated weirdest group people side saturn seen share problems first nut factory closed catv antenna stopped broadcasting now something gruesomely devouring townsfolk visiting atomic scientist expert cool fusion karel lamonte solve mystery everyone disappears
481,7 Virgins,Drama,tano yearsold already sitting jail hours hes free man off wedding brother two days recounts neighborhood section sevilla
1361,The Return of the King,Animation Family Fantasy,two hobbits struggle destroy ring mount doom while friends desperately fight evil lord saurons forces final battle
31694,Trouble in Mind,Crime Drama Thriller,lives excon coffeeshop owner young couple looking make rich intersect fictional hypnotic rain city
7210,Hardcover,Comedy,overview found
2325,Leningrad,War Drama,nazi germany invaded soviet union troops quickly besieged leningrad foreign journalists evacuated one kate davies presumed dead misses plane alone city helped nina tsvetnova young idealist police officer together fight own survival survival people besieged leningrad written marcio eduardo
4798,"Je t'aime, je t'aime",Science Fiction Drama,recovering attempted suicide man selected participate time travel experiment only tested mice malfunction experiment causes man experience moments past random order
8951,Don't Think About It,Family Drama Comedy,overview found
47610,Gravity,Crime Drama,story seemingly settled bank employee breaks shackles everyday life becomes wanderer worlds frederik upandcoming young bank employee lives ordinary life bank customer frederik denied loan face bank crisis shoots himself front frederik snaps together excon vincehe begins live out new dark side himself robs rich bank customers homes gives money needy initial rush crossing social boundaries soon develops addiction ever greater thrills
1244,Eight Miles High,Music Drama Comedy,achim bornhaks movie focuses restless life uschi obermaier icon movement germany groupie age uschi bored job photo lab soon becomes girl munichs club scene gets know rainer langhans move berlin live kommune first politicallymotivated commune germany while occupants claim isnt political enough uschi wants fun works fashion model leads international music stars temptation
43936,S21: The Khmer Rouge Death Machine,Documentary,documentary genocide prison phnom penh interviews prisoners guards search reasons happened
471,Bandyta,Drama,bastard depicts distress needy children love nurse hard boiled criminal film polish director maciej dejczer actor til schweigers first international film
4704,At Long Last Love,Comedy Music Romance,four socialites unexpectedly clash heiress brooke carter runs gambler johnny spanish race track while playboy michael pritchard nearly runs stage star kitty okelly car backstage kittys show turns out brooke old friends attended public school together foursome town accompanied brookes companion elizabeth throws herself michaels butler chauffeur rodney james
37380,Thunder Bay,Adventure Drama,shrimpers oilmen clash ambitious wildcatter begins constructing offshore oilrig
31162,Black Lightning,Action,black lightning russian superhero film moscow university student discovers otherwise unremarkable car fly father attacked decides use car fight crime becomes citys defender against evil millionaire
2010,The Mourning Forest,Drama,caregiver small retirement home takes one patients drive country two wind stranded forest embark exhausting enlightening twoday journey
3397,And Along Come Tourists,Drama,sven arrives nowadays auschwitz civil service memorial encounters unfriendliness especially stanislaw krzeminski year old kzsurvivor krzysztof lanuszewski brother early love affair ania even boss herold places manager little help sven familiarize problems accumulate sven realises already become involved
54001,The Traveler,Drama,traveler iranian drama film directed abbas kiarostami tells story hassan darabi troublesome amoral yearold boy small iranian town wishes see iran national football team play important match tehran order achieve scams friends neighbors number adventures finally reaches tehran stadium time match film addresses boys determination goal indifference effects actions people particularly closest element film examination human behavior balance right wrong
3081,The Goddess,Drama,booze pills loneliness mark young actress rise stardom
3581,Death Line,Horror,theres something pretty grisly going london tube tunnels holborn russell square top civil servant becomes latest disappear down scotland yard start take matter seriously helping young couple get nearer horrors underground wish
44555,"A Woman, a Gun and a Noodle Shop",Comedy Drama Thriller,wang gloomy cunning avaricious noodle shop owner desert town china neglected sharptongued wife involved secret affair one wangs employees timid man reluctantly keeps gun lover bought kill husband wang watching move bribes patrol officer zhang murder illicit couple seems like perfect plan affair come cruel bloody satisfying end thinks equally wicked zhang agenda own plot twists blood flow ever greater violence erupt
55721,Bridesmaids,Comedy Romance,annies life mess finds out lifetime best friend engaged simply serve lillians maid honor though lovelorn broke annie bluffs way through expensive bizarre rituals one chance get perfect shell show lillian bridesmaids far youll someone love
47518,The Tortured,Horror,uppermiddleclass couples life destroyed only child kidnapped killed obsessed revenge couple seizes opportunity kidnap killer
1865,Pirates of the Caribbean: On Stranger Tides,Adventure Action Fantasy,captain jack sparrow crosses paths woman past hes sure love shes ruthless con artist whos using find fabled fountain youth forces aboard queen annes revenge ship formidable pirate blackbeard jack finds himself unexpected adventure doesnt know fear blackbeard woman past
3107,Destroy All Monsters,Action Science Fiction Thriller Horror,godzilla film last made original godzilla creators meant grand finale aliens released giant monsters imprisonment monster island using destroy earths major cities daring crew super rocket ship infiltrate aliens headquarters earth monsters king ghidrah annihilate planet
70862,American Grindhouse,Documentary History,documentary explores hidden history american exploitation film movie digs deep often overlooked category cinema unearths shameless occasionally shocking origins popular entertainment
51540,Horrible Bosses,Comedy Crime,nick kurt dale only thing make daily grind tolerable grind intolerable bosses dust quitting option benefit fewtoomany drinks dubious advice hustling excon three friends devise convoluted seemingly foolproof plan rid themselves respective employers permanently
1482,Laws of Gravity,Action Drama,jimmy jon couple brooklyn guys somehow never found way workaday society never found way bigtime crime either
4641,Read It and Weep,Comedy Drama Family TV Movie,young girl turns alist celebrity night private journal accidently published becomes bestseller
74946,Feast of All Saints,Romance Drama,set nineteenthcentury new orleans story depicts gens couleur libre free people colour dazzling yet damned class caught world white privilege black oppression
85367,Vice Squad,Crime,los angeles police captain edward robinson ties case slain policeman bank robbery day
26242,Park Row,Drama,new yorks newspaper district dedicated journalist manages set own paper immediate success attracts increasing opposition one bigger papers newspaper heiress owner
36519,Payment Deferred,Crime Thriller,bank clerk william marble desperate money pay familys bills wealthy nephew visits marble asks loan young man refuses marble decides kill nephew twisted path justice marble transformed crime committed wealth gains
407,Short Sharp Shock,Drama Thriller,three friends get caught life major crime
80241,Green Fire,Adventure Drama,set coffee fields colombia green fires stars stewart granger grace kelly granger plays emerald prospector rian mitchell intends explore old deserted mine despite protests partner vic leonard paul douglas threat death hands local bandit moro murvyn vye kelly costars catherine knowland whose coffee plantation lies foot mine mitchell labors away such natural disasters rain flood coupled such manmade weapons destruction guns dynamite continually thwart mitchells search riches
114060,Me and the Colonel,Comedy War,jacobowsky jewish refugee flees nazis aristocratic antisemitic polish officer trying get papers england jurgens learns appreciate jacobowsky despite competition same woman together outwit pursuers
91094,The Masseurs and a Woman,Drama,pair blind masseurs enigmatic city woman lonely man illbehaved nephewthe masseurs woman made crisscrossing miniature studies love family remote resort mountains delicate surprising humor hiroshi shimizu paints timeless portrait loneliness human need connect
31116,Zaat,Thriller Fantasy Science Fiction Horror Drama,mad scientist apparent former nazi unleashes master plan transform himself mutated walking catfish gain revenge spurned kidnap nubile young women similarly transform breed something like
49530,In Time,Action Thriller Science Fiction,nottoodistant future aging gene switched off avoid overpopulation time become currency way people pay luxuries necessities rich live forever while rest try negotiate immortality poor young man comes fortune time though late help mother dying ends run corrupt police force known time keepers
3966,Blondie Knows Best,Comedy,dagwood bumstead arthur lake poses boss dithers jonathan hale big business deal consummated while dithers avoids nearsighted process server jim gray shemp howard upshot dagwood ends lunatic asylum forcing blondie penny singleton come rescue number long running blondie series blondie knows best writerdirector edward bernds first entry longrunning blondie series arguably funniest bernds big fan comedian shemp howard hed directed several columbia reelers accordingly gives shemp free reign scenes resulting hystericially funny moments blondie knows best represented jonathan hales farewell series next entry blondies big moment replaced jerome cowan radcliffe
4195,Bluebeard,Drama Crime,france wwi landru father four children contacts parisian women through newspapers seduces eventually kills order feed little family
4809,Good Morning Miss Dove,Comedy Drama,beloved schoolteacher reflects back life former students hospitalized
64983,Barocco,Foreign Thriller,woman falls love man killed former boyfriend
1254,"Don't Worry, I'm Fine",Drama,yearold searches twin brother runs away home following fight father
56801,Judex,Adventure,director louis feuillade won fame critical acclaim early crime serials fantômas les vampires episodic films hugely popular brought feuillade fair amount criticism bourgeois establishment accused glorifying crime making heroes criminals feuillades wellmeaning response browbeating another serial part epic entitled judex plot family ruined unscrupulous banker favraux jacques tremeuse resolves bring justice adopting disguise name judex captures crooked banker takes secret lair learning favrauxs dishonest ways daughter jacqueline gives away wealth learns death infuriates pair ruthless crooks diana monti moralés immediately swear take revenge jacqueline protector judex
2349,Peas at 5:30,Drama,starts bang car breaks through crash barrier falls off bridge lights out able see anymore optic nerve severed now young stagedirector jakob blind life change nothing ever same jakob cannot handle idea never able see screams only woman able willing help lily rehabilitation teacher helps blind deal darkness lily living since birth blind
77866,Contraband,Thriller Action Drama Crime,brotherinlaw runs afoul drug lord family man chris farraday turns skill abandoned long ago smuggling repay debt job goes wrong farraday finds himself wanted cops crooks killers alike
57353,Cat Run,Action Comedy Thriller,sexy highend escort holds key evidence scandalous government coverup two bumbling young detectives become unlikely protectors ruthless assassin hired silence
8368,The Garden of Eden,Drama,young american writer completes service wwi travels across europe wife attractive italian girlfriend based novel ernest hemingway
57243,The Women on the 6th Floor,Comedy,paris early jeanlouis joubert serious uptight stockbroker married suzanne starchy classconscious woman father two arrogant teenage boys currently boarding school affluent man lives steady yet boring life least until due fortuitous circumstances maria charming new maid service jeanlouis family makes discover servants quarter sixth floor luxury building owns lives live crowd lively spanish maids help jeanlouis open new civilization new approach life company precisely company beautiful maria jeanlouis gradually become another man better man
71254,Arena,Action Thriller Science Fiction,david lord finds himself forced savage world modern gladiatorial arena men fight death entertainment online masses
3051,Eye of the Devil,Crime Horror Mystery,french nobleman deserts wife because ancient family secret
59421,Bedevilled,Thriller Crime Drama Horror,woman subject mental physical sexual abuse remote island seeks way out
55245,!Women Art Revolution,Documentary,through intimate interviews provocative art rare historical film video footage feature documentary reveals art addressing political consequences discrimination violence feminist art revolution radically transformed art culture times
2929,Frankenstein,Horror Science Fiction,frankenstein young medical student trying create perfect human instead creates misshapen monster made ill done frankenstein comforted fiancée wedding night visited monster fight ensues monster seeing himself mirror horrified runs away later returns entering brides room finds alone
73211,King of Devil's Island,Drama Action,based true story norwegian winter island bastøy outside oslo group young boys aged held institution delinquent youth notorious sadistic regime one day new boy erling arrives determined escape island tragic incident ends leading boys violent uprising boys manage take island soldiers sent restore order
73881,Thawing Out,Comedy Drama,léo dragged nudist camping resort mother like boys age nude public holds little appeal léo protests wearing extra layers until meets certain special girl captures heart releases inhibitions
77561,EVA,Science Fiction,set humans planet earth now live sidebyside androids wellknown cybernetic engineer alex garel tasked assignment create robot form human child returns home begin work finds childhood love lana married brother david daughter eva seems possess superior intelligence powerful charisma immediately captivates alex looking inspiration alex asks eva muse new robot challenges everything alex ever thought knew robots humans alike
50601,5 Days of War,War Drama,american journalist cameraman caught combat zone during first russian airstrikes against georgia rescuing tatia young georgian schoolteacher separated family during attack two reporters agree help reunite family exchange serving interpreter three attempt escape safety witnessand documentthe devastation fullscale crossfire coldblooded murder innocent civilians
52462,The Pet,Drama Thriller,young woman dire financial straights accepts offer wealthy aristocrats human pet six months ruthless modern petnappers kidnap woman sell gsm global slave market
3556,Mad Dog Coll,Crime Drama,killer vincent mad dog coll moves gangster dutch schultz new york
26974,Pulgasari,Horror Action Drama Fantasy,feudal korea evil king becomes aware peasant rebellion planned country steals iron farming tools cooking pots people make weapons fend off peasant army returns property people old blacksmith imprisoned starved death last creation tiny figurine monster pulgasari godzillalike creature eats iron blood daughter brings creature life fights poor starving peasants overthrow corrupt monarchy
122924,One in the Chamber,Action Thriller,seasoned assassin plays sides russian gang war becomes target unknown enemy
85414,Brake,Action Thriller,secret service agent held captive trunk car endures highspeed mental physical torture terrorists attempt extract needed information sinister plot
104241,Heroic Purgatory,Drama Foreign,rikiya shoda engineer working atomic agency japan one day wife nanako returns home lost teenager called ayu man pretending father comes get back ayu keeps telling rikiya nanako parents through disruption rikiya suddenly starts remembering youth revolutionary
79224,War of the Arrows,Drama Action History Thriller,years king injo revolt chosun dynasty attacked chung dynasty china young man named nami leaves demolished village find young sister jain finance sukoon wed day attack while mission rescue traced jushinta fierce chung warrior band malicious men out stop nami day rescue sister taken away slave nami finally finds sister jushinta comes fierce battle two finest warriors unfolds
1556,Funeral Parade of Roses,Drama,feverish collision avantgarde aesthetics grindhouse shocks mention direct influence stanley kubricks clockwork orange funeral parade roses takes electrifying journey netherregions lates tokyo underworld toshio matsumotos controversial debut feature seemingly nothing taboo neither incorporation visual flourishes straight worlds contemporary graphicdesign painting comicbooks animation unflinching depiction nudity sex druguse publictoilets transgressions display perhaps one particular stands out films groundbreaking unapologetic portrayal japanese gay subculture
49526,Premium Rush,Crime Action Thriller,manhattan bike messenger picks envelope attracts interest dirty cop pursues cyclist throughout city
40629,The Mikado,Drama Comedy Music Romance Foreign,jonathan miller set wellknown production mikado staged english national opera british seaside resort result complete chorus gentlemen japan cartoonlike british peers emphatically underscores englishness satire occasional non sequiturs like bunch gentry dressed ascot singing japanese loonily fun absurd fantasyland japan gilbert sullivan invented time frame though seems little excuse smart blackandwhite production design
52767,The Hunter,Drama Thriller,act vengeance young man randomly kills two police officers escapes forest arrested two officers three men surrounded trees woods lost maze desolate landscape boundaries hunter hunted difficult perceive
537,Not Here to Be Loved,Romance Drama,jeanclaude delsart yearsold bailiff wornout smile heart abandoned long time ago idea life give pleasures until day dares push doors tango lesson
6078,The Strange Case of the End of Civilization as We Know It,Comedy Thriller Crime Foreign,grandchild professor james moriarty promised world only five days left live moriarty master disguise crack shot patient several government figures shot death seems truly end civilization know until president learns grandson sherlock holmes living baker street sends police commissioner scotland yard employ
74545,The Saint In London,Mystery,unusual move mere program picture rko radio filmed saint london location england using largely british cast crew george sanders makes second appearance suave soldier fortune simon templer aka saint time templar gets mixed gang counterfeiters whove murdered robbed european count pounds aided reluctantly scotland yard inspector teal gordon mcleod whos convinced templar himself pulled off heist less reluctantly lightfingered dugan david burns dizzy socialite penny parker sally gray saint london directed john paddy carstairs later worked episodes saint series
96821,Caesar Must Die,Drama Documentary,winner golden bear berlin film festival caesar die cesare deve morire scripted documentary shows inmates prison rome rehearsing performance shakespeares julius caesar
160,The Arrival of a Train at La Ciotat,Documentary,group people standing along platform railway station ciotat waiting train one seen coming distance eventually stops platform doors railwaycars open attendants help passengers off popular legend film shown firstnight audience fled café terror fearing run approaching train legend since identified promotional embellishment though evidence suggest people astounded capabilities lumières cinématographe
84187,The Comedy,Comedy Drama,indifferent even prospects inheriting fathers estate swanson insulated whole life bubble privilege hipster friends live tepid social paradise aka williamsburg good fortune breeds indifference recreational cruelty pacify discontent games mock sincerity irreverence though humor itself dying nothing left turn itself testing limits break through numbness act out like spoiled children ironic beards beer bellies
89492,This Is 40,Comedy,pete debbie turn kids hate businesses failing theyre verge losing house relationship threatening fall apart
41863,Sundome,Drama,hideo aiba atsuji ninomiya reserved obedient high school student never girlfriend spends energy masturbating true reason living life solitary activities take radical change new transfer student sexy kurumi sahana akane suzuki joins class
55167,Sixtynine,Drama,tuulas husband jukka takes care domestic chores tuula seems idea husband spends evenings working major league ice hockey referee finds out extramarital affair female rally driver revenge tuula starts seeing gynecologist timo paasi married man six children
88812,The Hucksters,Comedy Drama Romance,world war veteran wants return advertising own terms finds difficult successful maintain integrity
46972,Big Girls Don't Cry... They Get Even,Comedy Drama Family,girl fed quirky dysfunctional family runs away home causing spend time
5686,A Night in Heaven,Comedy Drama Romance,faye hanlon communitycollege professor emotionally depressed husband abundance sexual frustration sister drags male stripclub girlsnight out discovers one dancers failing student rick monroe aka ricky rocket heated affair teacher amp student ensues faye struggles reconcile emotions make consequential life choices continue lustful sessions studlybutshallow teen stripper break off ricky amp work salvage marriage lovingbutdistant husband
26547,'Twas the Night Before Christmas,Animation Family,town learns santa claus struck off delivery schedule due insulting letter way found change mind
3146,The War of the Gargantuas,Action Horror Science Fiction,experimental lab animal called gargantua escapes captors suspected creature killing people countryside gargantua lab appears same time evil gargantua two begin battle across japan
3052,Don't Make Waves,Comedy,new york tourist tony curtis falls asleep southern california beach first night west wakes new phantasmagoriacatamarans surfers including dog bodybuilders acrobats motorcycle chicken races nut fishing shallows sharon tate skydiver named malibu gives curtis rapture artificial respiration conked head flying surfboard
85510,Ladybug Ladybug,Drama,staff students rural school react warning imminent nuclear attack knowing whether real mistaken
2966,"20,000 Leagues Under the Sea",Adventure Fantasy Action Science Fiction,year new englands fishing harbours scene creature unknown origin destroying ships sea job professor pierre aronnax marine expert ned land iron willed sailor learn truth monster roaming seas great novelist jules verne described perilous journey darkest depths sea captain nemo aboard nautilus
26693,Ju-on: White Ghost,Horror,akane begins seeing visions female ghost wearing same yellow hat red satchel wore school child
458,Sissi: The Young Empress,Drama Comedy Romance,sissi now empress austria attempts learn etiquette while busy empress deal difficult new motherinlaw while archduchess sophie trying tell emperor rule sissi mother
2077,The Rink,Comedy,amusements working restaurant charlie uses lunch break roller skating
32596,An Ideal Husband,Comedy,prominent politician preparing expose financial scandal woman invested heavily shady venture threatens uncover damaging secret politicians past exposes speculation fraud problem compounded wifes intolerance slightest character flaws
6636,The Mugger,Drama Foreign,man visits school enroll son pulls out gun robs school money movie follows man shot unsteady handycam
31221,Dragon Hunter,Fantasy,orphaned baby parents killed vicious orc attack kendrick elwood raised elder brother darius now years absence new danger emerges lethal threat orcs men reports dragon attacks spread like wildfire through panicked land
58293,The Anniversary,Drama Comedy Thriller,mrs taggart always celebrates anniversary grown sons tradition practised since death husband determined continue none three sons dared cross ruthless domineering mother anniversary intend try cruel brutal twists family gettogether becomes social nightmare beyond endurance
5646,Wild Gals of the Naked West,Comedy Western,old geezer recalls antics men women western town wild woolly tombstone dodge city town one good shot women hungry new meat practical jokers abound stranger strolls town proving resistant mayhem donning cowboy duds begins cleaning town
48319,Joyride,Comedy Drama Thriller,three excitementcraving friends get bargained steal hit womans automobile
2093,Amsterdamned,Action Horror Thriller,mysterious diver hiding amsterdams canal system embarks rampage gruesome murders terrifying city officials leaving clues citys best detective doesnt suspect new girlfriend twelveyearold daughter closer finding killer
8935,Parking,Drama Foreign,mothers day taipei chen makes date dinner wife hoping bring estranged relationship back together while buying cake way home car unexpectedly double parks next car preventing exit
115210,Stitches,Horror,clumsy unfunny clown richard stitches grindle entertains birthday party little tom boy friends play prank stitches tying shoelaces stitches slips falls dies six years later tom gives birthday party friends home stitches revives haunt teenagers revenge death
3160,Frankenstein Conquers the World,Horror Science Fiction,during wwii human heart taken frankensteins lab kept japan gets exposed radiation bombing hiroshima heart grows size mutates eventually becomes indestuctable humanoid later reptilian monster goes rampage eventually frankenstein creature reptile face off terrible battle
4519,Conversations with My Gardener,Comedy Drama,successful artist weary parisian life verge divorce returns country live childhood house needs someone make real vegetable garden out wilderness become gardener happens former schoolfriend warm fruitful conversation starts two men
53318,The Fairy King Of Ar,Fantasy Adventure Family,kyle jameson baltes evie brittney bowman preston start exploring grounds late grandmothers house discover old abandoned mine shaft soon find old ladys stories fairies trapped underground true imprisoned many years ago two battling giants fairies now risk lost forever unless kyle evie find way help task becomes even urgent childrens father corbin bernsen taken ill need fairies cure magic
4146,The Wonderful Crook,Comedy Drama,overview found
3030,End of the World,Fantasy Thriller Science Fiction,witnessing mans death bizzare accident father pergado goes spiritual retreat encounters alien double bent world conquest
31035,A Somewhat Gentle Man,Comedy Crime Drama,serving year sentence killing man slept wife man ponders whether try reconcile family take revenge turned
42732,Bad Girls Go to Hell,Drama,housewife ellen raped janitor kills hits road travels big city repeatedly used abused finally finds safe place live landladys son turns out detective threatens newly found identity peace mind
2072,Cyberjack,Action Science Fiction Thriller,near future nassim terrorist leader storms computer company headquarters aim deadly computer virus bring world domination nick company janitor excop get way
26131,Straight From the Heart,TV Movie Drama Romance Western,jordan donavan photographer new york disappointed five years going steady edward morgan offers marriage move accepts matchmaking arranged via magazine female friend tyler ross horse rancher west whose candidacy actually posted sister bad start soon grow closer
8985,Visions of Europe,Comedy Drama,twentyfive films twentyfive european countries twentyfive european directors
54272,Adventures of Zatôichi,Adventure Action Drama,blind swordsmanmasseuse zatoichi befriends young woman looking father village leader disappeared helps investigate disappearance zatoichi becomes involved another young woman trying help brother murdered someone same time place missing man last seen
54276,Zatôichi's Pilgrimage,Drama,hero zatoichi sails one distant islands begin pilgrimage total shinto shrines
69278,Phase 7,Thriller Science Fiction,inside quarantined apartment building man protect pregnant wife new neighbors
5995,Miffo,Comedy Drama,tobias new idealistic priest suburb soon learns flock quite uninterested christianity however befriends carolina chain smoking woman age wheelchairbound since birth opposites attract although backgrounds different
69406,Rio Sex Comedy,Comedy Foreign,possible reconcile individual happiness social justice paradoxical search several foreigners installed brazil charlotte rampling incarnates british esthetic surgeon given dissuade whoever like pass lancet irène jacob anthropologist frenchwoman whose libido concerns override political conscience bill pullman camps disturbed american ambassador flees dangerous responsibilities while hiding one favelas rio becomes accessory schemes fisher stevens tourist guide doubled romantic swindler stories meet whimsical comedy nevertheless anchored reality rio janeiro known rightly like town wonders
84152,Dollman vs. Demonic Toys,Horror Thriller Science Fiction Action Fantasy,demonic toys back policewoman judith grey seeks help inch tall dollman inch tall girlfriend nurse ginger toys hole evil deserted toy factory dollman keep toys summoning powers darkness earth
4949,A Time for Killing,Western,during civil war confederate soldiers escape union prison head mexican border along way kill union courier bearing news war keeping message secret captain men soon find themselves battle union search party unaware wars end
140174,Rise of the Zombies,Action Horror Thriller,zombies overrun san francisco desperate group survives locking themselves inside alcatraz prison undead breach island heros forced return mainland overrun undead
2442,The Final Cut,Action Drama Thriller,mysterious bomber planting explosive devices seattle since quality takes big toll among seattle police bomb experts john pierce former head bomb squad reluctantly takes job take face worst nightmare
2180,Heartbreak Hotel,Drama Comedy Foreign,two different women grownup children ready lives find love
59118,The Prey,Action Crime Thriller,robber escapes prison single objective mind track down former cellmate serial killer intends pin crimes cop sent robber despite best efforts soon becomes public enemy number one protagonists driven limits becomes increasingly unclear hunter prey
104211,Berkeley Square,Romance Fantasy,young american man transported back london time american revolution meets ancestors
2594,Monsieur Batignole,Comedy Drama,occupied paris apolitical grocer edmond batignole lives wife daughter small apartment building grocery future soninlaw collaborator german pierrejean lamour calls nazis arrest jewish bernstein family move confiscated apartment days later young simon bernstein escapes germans comes former home batignole finds feels sorry boy lodges hiding simon pierrejean wife later two cousins simon meet cellar grocery pierrejean finds children batignole decides travel children switzerland
33817,Satanás - Profile of a Killer,Crime Drama Thriller,based mario mendozas book inspired true events tells three interconnected stories happening eve infamous pozzetto massacre
4111,Blondie of the Follies,Comedy Drama,new york city tenement dwelling neighbors blondie lottie best friends lottie makes cast big broadway show arranges blondie join cast well friendship goes awry lotties sweetheart wealthy larry belmont falls blondie
1732,The Prisoner of Zenda,Action Adventure Comedy,anthony hopes classic tale gets decidedly unclassic treatment hands peter sellers following story somewhat friends new king rudolph ruritania fear life switch lookalike london cabby throw two lovely blondes treachery battle life honour enjoy life zaniest
49396,The Haunted,Horror,smurl family moves duplex find out haunted
94478,You Instead,Comedy Music Romance Foreign,two feuding rock stars get handcuffed together hours music festival due perform
54281,Samaritan Zatôichi,Adventure Action Drama,zatoichi forced kill young man owes debt yakuza boss moments later sister osode arrives money earned prostituting herself pay debts bosses true motives revealed attempts steal osode even though debt paid zatoichi realizes grievous error protects girl gang osode zatoichi caught dilemma rely brothers killer protection zatoichi wrestles injustice caused
1840,The Brasher Doubloon,Crime,mrs elizabeth bright murdock hires marlowe find old rare coin brasher doubloon belonged deceased husbands collection mrs murdock insists sons wife stolen coin marlowe begins investigating quickly finds himself entangled series unexplained murders
56171,Mega Python vs. Gatoroid,Action Horror Science Fiction,fanatical animal rights activist debbie gibson releases giant pythons everglades believing wild animals set free start decimating native animal population overzealous park ranger tiffany feeds experimental steroids wild alligators fight back giant pythons gargantuan alligators killing spree now left two feuding women put aside differences put stop creatures destruction
5421,Monster Hunter,Horror,man driven insane churchsanctioned scientific experimentation causes nearly impossible kill pursued america priest embarks upon killing spree while priest tries hunt down kill
85788,Margaret Thatcher: The Long Walk to Finchley,Drama,light hearted look future prime minister margaret thatchers rise research chemist becoming finchley encompassing early relationship marriage oil millionaire denis thatcher
79553,The Front Line,Drama Action War,ceasefire declared two remaining armies fought final battle front line towards end korean war south korean battalion fiercely battling hill front line border against north order capture strategic point determine new border two nations ownership small patch land swap multiple times day kang dispatched front line order investigate tacit case thats happening gets spiraled war thats terrifying death itself meets friend kim transformed war machine unit countdown ceasefire begins sides become vicious resulting deaths countless lives until last man claim land
7983,Lowlands,Drama,set early part century europe lived dancer becomes romantic bone contention humble shepherd imperious marquis
4992,Shark!,Action Thriller,gunrunner loses cargo near small coastal sudanese town hes stuck woman hires raid sunken ship sharkinfested waters sees chance compensate losses hes only one
44022,Bandido!,Action Western,american arms dealer kennedy hopes make killing selling regulares mexican revolution american mercenary wilson favors rebel faction headed escobar plot hijack kennedys arms wilson eye kennedys wife raids counterraids escapes follow veritable hail bullets
3171,Bambi Meets Godzilla,Animation Comedy,bambi nibbling grass unaware upcoming encounter godzilla win finally meet
2195,Beste Zeit,Drama Action Thriller,overview found
8948,The Pearl Color,Drama,story friendship lie truth
1285,Torrente 3 The Protector,Comedy Crime,popular beautiful politician plans expose evildoings multinational corporation hoping silence corporations top executives decide hire incompetent detective find act bodyguard
83613,Hellgate,Comedy Horror,motorcycle gang kidnaps young woman josie diner brutally kills many years later girls father finds magic crystal bring life back dead objects uses reanimate daughter lets seduce young man comes visit small town kills four young students two boys two girls spend vacation near town hellgate hear story get involved
26111,More About the Children of Noisy Village,Family,bullerbyn liten liten småland där ligger tre gårdar mellangården bor lisa med sina bröder lasse och bosse norrgården bor systrarna britta och anna och sörgården bor olle och kerstin också olles lillasyster fler barn finns det inte bullerbyn med det räcker det höst och vinter och det bara vimlar äventyr varje dag
256,Antoine and Colette,Drama,now aged antoine doinel works factory makes records music concert meets girl own age colette falls love later antoine goes extraordinary lengths please new girlfriend parents colette still only regards casual friend
3937,Blondie on a Budget,Comedy,dagwood wants join trout club blondie wants fur coat jealousy reigns dags old girlfriend joan shows nothing else matters drawing movie theatre provides money coat
84944,The White Reindeer,Drama Fantasy Horror,pirita aslak newly married however aslak shepherd work takes away home long periods time leaving wife lonely heartbroken effort tempt back pirita visits local shaman unexpected deadly results
3576,Calling Dr. Gillespie,Drama Thriller,gillespie called investigate young man suffering mental problems disappears killing spree
55069,The Delivery,Adventure Horror Action Thriller Foreign,sometimes easiest jobs get little complicated
25753,Children of the Corn: Revelation,Horror,girl named jamie repeatedly tries contact grandmother avail investigates going apartment omaha nebraska only find condemned overtaken possessed children digs deeper discovers dark secret grandmother awakens dark demonic force wants jamie dead stop nothing
4956,Christine,Drama History,vienna passionate love story develops franz lobheiner alain delon young christine romy schneider lobheiner however currently seeing married baroness von eggersdorf upon learning wifes infidelity baron von eggersdorf provokes duel lobheiner former longer real threat baron lobheiner now passionately love christine love quartet end written gmelejr
2089,Cutaway,Action Thriller,successful undercover agent victor cooper assigned ninth mission find loadings drug brought miami suspects drug coming through air joins team sky diving leadership red line fanatic considered athlete number one sport world due profile winner vic gets involved group disconnects position infiltrated agent connecting team
2516,Our Mother's House,Drama,seven british children bury mother hide death until longlost father dirk bogarde returns
42734,Dear Brigitte,Comedy,professor leaf absentminded poet prejudice against sciences forced face fact son math prodigy little artistic talent own
56152,Brigham Young,History Romance Western,based story famous mormon leader follows brigham young challenge transport people across rocky mountains settle salt lake city plot focuses two fictitious characters jonathan kent zina webb hardships face along way
69784,Anne of the Indies,Adventure Action Drama,seizing english ship buccaneer captain anne providence spares pierre larochelle walking plank hes irons presumably friend england signs pirate increasingly drawn feeling seems reciprocated fearsome captain blackbeard teacher ways pirating sets eyes larochelle recalls french navy officer anne sticks man truth uncovered even painful
2139,Cleopatra Jones and the Casino of Gold,Action Adventure Drama,fellow operatives childhood friends matthew johnson melvin johnson disappear during undercover mission hong kong cleopatra jones travels find help local detective ling cleopatra discovers friends disappearance dragon lady muchfeared blonde lipstick lesbian runs macao casino controls major chunk local drug trade
47491,The Beales of Grey Gardens,Documentary Drama,mother daughter big edie little edie beale live six cats crumbling house east hampton little edie wears scarves bright colors sings mugs camera talks david maysles filmmakers big edie recites poetry comments daughters behavior sings loved fine voice talks short sentences daughter volumes film episodic friends visit theres small fire house little edie goes shore swims talks catholic church shes ashamed local authorities raided house because cats values different
26366,Ellen DeGeneres: The Beginning,Comedy,ellen shares humorous observations daily life including remembering names clothing need approval making personal videos postcomingout performance fully acknowledges ellen degeneress status americas famous lesbian
2699,Titanic,Action Drama Romance,story romances two couples upon doomed ship isabella paradine catherine zeta jones wealthy woman mourning loss aunt reignites romance old flame wynn park peter gallagher meanwhile charming neer well named jamie perse mike doyle steals ticket ship falls sweet innocent irish girl board romance threatened villainous simon doonan tim curry discovered ticket makes jamie unwilling accomplice well having sinister plans girl
116977,Foodfight!,Animation Action Comedy Family,dex superdog sleuth law land worlds recognized brands take forces evil devilish brand
130452,Gold Diggers in Paris,Comedy Music Romance,representative paris international dance exposition arrives new york invite academy ballet america compete monetary prizes taxi driver mistakenly brings club ballé nightclub brink declaring bankruptcy owners terry moore duke dennis jump chance despite aware mistake hire ballet teacher luis leoni only pupil kay morrow join group hoping teach two dozen show girls ballet route paris ship going along rooming kay mona terrys exwife wants keep eye alimony checks naturally kay terry fall love
26700,Nocturna,Animation,aging orphanage days pass uneventfully nights something quite different least tim light reflected stars only cure fear dark one night fear leads orphanage rooftop discovers favorite star disappeared unfortunately going last one tim discovers
27317,Patton Oswalt: My Weakness Is Strong,Comedy,criticallyacclaimed comedian actor writer voice remy rat oscarwinning ratatouille takes time out many film television outings return comedy stage fourth standup special
3057,Frankenstein,Drama Horror Science Fiction Mystery,frankenstein television miniseries edited film based book frankenstein mary shelley follows original book closely adaptions story scientist brings life creature fashioned corpses various body parts
31270,The Great Spy Chase,Action Comedy Mystery Thriller,coldwar spy parody death armaments manufacturer international group spies drawn highstakes battle wits obtain valuable military patents inherited lovely widow
4226,Shriek If You Know What I Did Last Friday the Thirteenth,Comedy,another spoof screami know last summer horror gene involving group popular high school students stalked bumbling masked killer while dogged reporter named hagitha utslay covers story plight prime suspect transfer student dawson
5139,The Fox & the Child,Comedy,young girl years lives solitary peasants house edge jurassic mountains east france one day autumn way school through forest observes hunting fox course fox flees girl feels strong desire meet fox
3483,The Blood of Fu Manchu,Adventure Crime Horror Science Fiction Thriller,manchu inoculates ten women poison kill ten world leaders
46967,Bill Burr: Let It Go,Comedy,always dream mine show fillmore name itself synonymous legendary performances countless iconic musicians comedians stage part history something ill never forget much trying keep head together show couldnt help feel like tourist random dude won contest let represents culmination material developed road always thanks everyone came out shows laughed funny stuff stared during bombing hope enjoy bill burr
68659,The Horsemen,Action Adventure Drama,poor desolate northern provinces mountainous feudal sunni kingdom afghanistan sovietengineered republican revolutions status proud men clans determined less wealth even military power rare victories ancient though game buskashi vicious form polo dating back genghis khan chapendaz participating horsemen use horsewhips mounts rivals ruthless fight heavy ball dead calf carried long way almost impossible others mercilessly assailing tursen former champion now holds status village notable thanks position stablekeeper regional lord osman bey finally bred horse without equal white stallion jahil time royal tournament plain bagrami outside capital kabul
111443,The End,Drama Thriller,group old friends gets together weekend mountain cabin years gone yet nothing seems changed lurking behind laughter stories murky episode past continues haunt strange sudden incident alters plans leaving stranded line communication outside world way help group starts disintegrate new natural order unveiled astonished eyes
4344,Hotel Very Welcome,Comedy Drama Family Foreign Horror,overview found
73290,Urban Explorer,Horror Thriller,anxious explore mysterious hidden world metropolitan berlin international group four urban explorers hires local guide kris leads maze escape tunnels subterranean fortifications city guide bad fall two girls group frantically set off seek help while denis young american stays behind armin former east german border guard suddenly appears nowhere out sheer desperation denis allows armin lead unconscious guide safety moment denis realizes made biggest mistake life
55872,Tarzan and the Amazons,Action Adventure Romance,group archaeologists asks tarzan help find ancient city hidden valley women refuses boy tricked doing job queen women asks tarzan help
32582,The Message,Drama Thriller,nanjing nanking following series assassination attempts officials japanesecontrolled puppet government japanese spy chief gathers group suspects mansion house questioning tense game cat mouse ensues chinese codebreaker attempts send out crucial message while protecting hisher own identity
3686,Last of the Renegades,Western,forester ruthless oil baron wants create war native american tribes white men old shatterhand winnetou sidekick castlepool try prevent
57326,Sabretooth,Horror Science Fiction,using fossilized dna scientist resurrects one natures fearsome predators sabretooth tiger scientific ambition turns deadly however creature escapes begins savagely stalking prey human race
4529,The Defector,Action,professor bower american physicist effectively blackmailed shady cia agent named adams help cia obtain secret microfilm defecting russian scientist reluctant bower travels east germany undercover antiques collector encounters heinzmann east german fellow physicist secret agent heinzmann aware bowers meeting adams intention steal microfilm however mutual respect one anothers tactics complicate proceedings
90376,"Love, Cheat & Steal",Thriller,beautiful lauren gets married older man unexpectedly confronted escaped criminal
4968,The Piano Player,Action Drama Crime Thriller,tale relationship businessman launders money mafia figure gangster bodyguard
53953,The Tooth Fairy,Horror,woman daughter nicole muñoz encounter deadly legend bedandbreakfast
2648,Aces Go Places V: The Terracotta Hit,Action,two friends own investment firm turn policeman friend help framed robbery gang antiquities smugglers
1163,The Miracle Worker,Drama TV Movie,devoted teacher anne sullivan alison elliott leads deaf blind mute helen keller hallie kate eisenberg out solitude helps integrate world
5147,The Lost Continent,Adventure Fantasy,eclectic group characters set sail captain lansens leaky cargo ship attempt escape various troubles violent storm strikes ship swept sargasso sea passengers find themselves trapped island populated maneating seaweed giant crabs spanish conquistadors believe still century
1260,Lotte from Gadgetville,Adventure Animation Comedy Family,somewhere europe great sea stands small village inventing manner domestic gadgets held great esteem villagers organize annual competition new inventions one best inventors village oskar father energetic girl dog lotte primary rival adalbert hare victory competition important bring honour entire family
8372,Lonesome Cowboys,Western,five lonesome cowboys get hot bothered home range confronting ramona alvarez nurse
5002,Lifeguard,Comedy Drama,rick los angeles county lifeguard thirties year high school reunion sees old girlfriend now divorced mother falling love rick considers changing career lifestyle
112460,London Voodoo,Horror Thriller,ambitious analyst lincoln mathers played doug cockle relocates family new york london wife sarah sara stewart discovers new disturbing power becomes hostage ancient spirit mathers notices family tearing apart wifes behavior becomes violent erratic accepts save woman married take leap faith london voodoo one films voodoo show belief system positive light work thats evil film shows multicultural voodoo followers contemporary urban setting london research script filmmakers travelled cuba miami new orleans experience voodoo first hand
44974,Kettle of Fish,Comedy Romance,lifelong bachelor confronts intimacy issues sublets apartment fetching biologist heartsick fish wise best buddy hand provide perspective
27850,Halloweentown,Adventure Comedy Family Fantasy Horror TV Movie,birthday marnie learns shes witch discovers secret portal transported halloweentown magical place ghosts ghouls witches werewolves live apart human world soon finds herself battling wicked warlocks evil curses endless surprises
2186,Within the Woods,Horror,low budget film starring young bruce campbell influenced evil dead films
52458,The Butter Battle Book,Animation Family,zooks yooks war butter bread side one spread
45221,"Delphine 1, Yvan 0",Comedy,cest une histoire damour banale présentée comme match foot ordinaire sont donc thierry roland jeanmichel larqué qui commentent avec leurs mots damour leurs noms doiseaux première année vie couple delphine yvan filmés pas pas dans leurs ébats leurs éclats
41571,The Heart of the World,Science Fiction Drama,pure fantasia race save world fatal heart attack juxtaposed against love rivalry two brothers mortician actor playing christ heart scientist studying earths core
49957,Carts of Darkness,Documentary,picturepostcard community north vancouver filmmaker murray siple follows men turned bottlepicking primary source income extreme sport shopping cart racing enduring hardships everyday life streets vancouver subculture depicts street life much stereotypes portrayed mainstream media films takes deep look lives men race carts adversity face appeal cart racing despite risk
4885,Ten Little Indians,Crime Mystery,disturbing psychological thriller based classic novel agatha christie ten strangers forced come face face dark pasts receiving anonymous invitation isolated island off coast england
1875,Fantomas vs. Scotland Yard,Comedy Crime Adventure Fantasy,third final episode trilogy fantômas imposes head tax rich threatening kill comply
92,Megacities,Documentary,megacities documentary slums five different metropolitan cities
3168,Three-Step Dance,Drama,four separatebutinterconnected stories one season life sardinia
3480,The Old Gun,Drama History,montauban julien dandieu surgeon local hospital frightened german army entering montauban asks friend francois drive wife daughter back country village julien old castle one week later julien decided meet week end germans already occupying village
27873,Battletruck,Science Fiction,century oil wars made mess planet land outside major cities lawless hunter comes aid corlie run away villainous straker takes peaceful community clearwater unfortunately citizens clearwater straker fully intends get corlie back
44191,Loose Screws,Comedy,brad steve hue marvin four getnowhere boys forced summer school ending cockswell academy supervision principal arsenault boys play game earn points girl score misadventures own decide ultimate point score mona lott new french teacher theyre unable get shot end unforgiving clutches principal lost take one final chance during schools anniversary celebration
83132,St. Louis Blues,Drama Music,handy grows memphis preacher father aunt hagar father intends use musical gifts only church cant stay away music streets workers writes theme song local politician gogo speakeasy singer convinces accompanist estranged father many years while writes publishes many blues songs last family reunited gogo brings new york see wills music played symphony orchestra
110553,Austin High,Comedy,happen group high school slackers grew became faculty own high school
6591,What Have You Done to Solange?,Mystery Thriller,several coeds murdered college professor fabio testi involved student becomes suspect along several male female teachers
8014,Valley of Flowers,Adventure Drama Romance,himalayan legend love struggling against inevitability death astonishing tale spanning early century mountain existence hectic bustling modern day tokyo
37727,Jönssonligan får guldfeber,Comedy,sickan new plan time gang going steal small computer micro chip contains
37731,Jönssonligans största kupp,Comedy Crime,vanheden dynamitharry tries break doctor busé out jail get herman melvin instead
86835,Knight of Cups,Romance Drama,rick screenwriter living los angeles while successful career life feels empty haunted confused finds temporary solace decadent hollywood excess defines existence women provide distraction daily pain encounter brings closer finding place world
8906,Cloud 9,Drama Romance,romantic drama woman enters affair years marriage
2141,James Dean,Drama,man behind legend knowing look hollywood revealed dynamic bioepic meteoric star whose troubled life echoed gutgrabbing performances east eden rebel without cause giant
5602,The Common Man,Drama Thriller,summer georges lajoie wife ginette grownup son léon holiday loulous campsite join old friends schumachers colins brigitte colin daughter quite pretty young girl now one day georges rapes murders hides body near barracks immigrant arab workers racism campers rest virulent lampoon against average frenchmans racism
3004,Twelve Plus One,Comedy,mario young philanderer receives antique chairs bad state inheritance decides sell off get money afterwards gets know one contains documents worth lot money begins adventurous trip regain possession chair way meets many strange people like help swindle
92309,The Monkey Hustle,Action,new highway threatens chicago neighborhood protest residents throw block party
4274,Fort Saganne,War Drama History,willful determined man peasant stock named charles saganne enlists military assigned sahara desert aristocratic colonel dubreuilh
2993,One on Top of the Other,Mystery Thriller,insurance scam lands man death row murdering wife everyone doesnt know really isnt dead
27706,The Night Child,Horror,titular medallion gift presented young nicole elmi girl places gift around neck possessed spirit dead child murderess
85025,Memory Lane,Drama,august paris suburbs friends gathered spend week city grew city empty days pass deep blue skyeach reason still live come back see family searching childhood want escape boredom eventually searching lovethey bearing fact moments sharing maybe last ones
43871,Beloved Enemy,Drama Romance,irish rebels launch uprising against british occupation ireland one rebellions leaders beautiful aristocratic englishwoman meet despite enormous class cultural political social differences fall love
5065,Carry On Cowboy,Comedy Western,stodge city grip rumpo kid gang mistaken identity takes hand sanitary engineer plumber name marshal knutt mistaken law marshal conscientious sort marshal tries help town get rid rumpo showdown inevitable marshal two aids revengeseeking annie oakley sanitary expertise
8371,Guter Junge,Drama,overview found
1269,The Vexxer,Comedy Crime,scotland yard investigators prevent murder victoria dickman name found death list
1419,Vollidiot,Comedy Drama,based tommy jauds bestselling novel comedy focuses dispassionate clerk setbacks life yearold simon works phone shop thoughts circle around finding new girlfriend left last one year ago while croatian cleaner tries procure efforts chat women clubs fail however finds woman dreams mother future children hated coffee shop although having clue win heart
5833,Casper's Haunted Christmas,Animation Family,kibosh supreme ruler ghosts decrees casper scare least one person christmas day casper visits kriss massachusetts meets jollimore family sets out complete mission usual kindhearted casper ghastky time trying scare anyone ghostly trio fed goodybooshoes behavior secretly hires caspers lookalike cousin spooky jobwith hilarious results
1615,Erkan & Stefan 2,Comedy,couple slackers find antique dagger manage free gorgeous female warrior imprisoned evil spell evil sorcerer happy turn events determines possess blade warrior through sacrificial ceremony two heroes manage rescue damsel distress defeat wizard minions employing skills mastered through hours video game play
1616,Erkan & Stefan 3,Comedy,movie comedian duo erkan stefan
2169,Manta - Der Film,Comedy,overview found
91628,Three Quarter Moon,Drama Comedy,hartmut mackowiak german taxi driver tries help year old turkish girl find mother
53435,"A Man, a Woman and a Bank",Action Comedy Romance,two novice thieves plotting rob bank vancouver photographer snaps shot one thief carrying bank buildings blueprints wouldbe thief begins relationship photographer attempts retrieve photos meanwhile thieves plot consists one man enter bank building dark while man sits van uses computer unlock buildings doors final step involves transporting cash freight ship waiting docks transportation money launderer macau
46578,Cheerleaders' Wild Weekend,Comedy Crime,busload containing three cheerleading teams three different schools heading compete against hijacked terrorists girls kidnapped
90888,Monster High,Horror Comedy Science Fiction,two high school goofs steal explosive device another world hidden earth alien named armageddon sent retrieve
105246,Basic Training,Comedy,melinda comes washington visit friend debbie find job government hopes part make better gets lower echelon administrative position pentagon finds things pretty slack boss seems interested getting pants trying find lost data russians melinda resists advances begins working way pentagon finding subtle ways getting policies implemented manipulating slovenly males populate pentagon including finding way defuse mounting conflict russians
88744,The Woman with the 5 Elephants,Documentary Foreign,documentary svetlana geier ukranian translated great works dostoyevsky german first father ends one stalins prison camps young svetlana herself experiences german invasion order survive learns german home kiev good gets work translator ending german camp now years later renowned translator twilight years translated great works dostoevsky first time years returns kiev together granddaughter
32029,The Domino Principle,Drama Crime,tucker chronic underachiever loser vietnam war veteran cant seem keep out trouble years since discharge only thing got out war skill rifle now serving long stretch prison murder hit rockbottom one day man threepiece suit visits prison man never seen informs walk out prison free man shoot someone questions asked
54732,Silly Little Game,Documentary,fantasy sports estimated billion industry boasts million participants league almost sport imaginable success story games inception little known modern fantasy leagues traced back group writers academics met rotisserie francaise new york city form baseball league own rotisserie league game quickly grew popularity growing use attractiveness internet founding fathers never foresaw creation take off ultimately leave behind innovative filmmakers adam kurland lucas jansen chronicle early development ultimate explosion rotisserie baseball shine light mostly unnoticed innovators
50794,The Even Stevens Movie,TV Movie Comedy Family,stevens think theyve won allexpensespaid trip island thats halfway around world house destroyed food stolen bacon eaten stevens family breaks apart front friends live national television while island itself only short distance away sacramento
59810,The Least of These,Drama Thriller Documentary,priest returns old catholic high school replace priest gone missing only begin suspect missing priest murdered someone school hide darker secret
3701,Gang War in Milan,Action Crime Foreign Thriller,milan pimp faces off against ruthless greedy french gangster wants unite organized crime italy
3699,Seven Blood-Stained Orchids,Mystery Crime Horror,woman survivor failed murder attempt person dubbed halfmoon killer police husband find connecting thread herself six women killer killer strikes
58301,Betty Blowtorch: And Her Amazing True Life Adventures,Documentary,two years filmmaker music video director anthony scarpa followed allgirl punk rock band betty blowtorch documenting ferocious sound dangerously lowtech pyrotechnic shows unaware turmoil tragedy ultimately capture near rise top major labels ultimate sad end criticallyacclaimed rock roll tragedy features band betty blowtorch well rockers such duff mckagan guns roses velvet revolver vanilla ice dez cadena black flag jennifer finch kevin baldes lit many others
5061,Carry On Don't Lose Your Head,Comedy,time french revolution citizen robespierre beheading french aristocracy word gets england two noblemen sir rodney ffing lord darcy take upon themselves aid french counterparts sir rodney master disguise becomes black fingernail scourge camembert bidet leaders french secret police
5056,Deadlier Than the Male,Action Comedy Thriller,drama resourceful british agent bulldog drummond appeared onscreen series spy stories returned duty wake james bond drummond richard johnson trail carl petersen nigel green corrupt industrialist bad habit stealing ideas others killing reap profits nefarious petersen team female assistants willing kill command led irma elke sommer penelope sylva koscina one bulldog drummond vehicle girls followed series retired
45210,Striped Trip,Comedy,soviet cruise ship evgeni onegin carrying cages tigers lions soviet circus one loose monkey unlocks cages letting tigers lions out poor passengers crew place run captain abandons post out fear monkey takes captains post ship gets total control tigers lions only one lady standing challenge name marianna loves animals takes situation control
58191,He's Worse than Me,Comedy,two reckless friends leonardo adriano celentano luciano renato potstsetto doing whatever want getting endless alterations one decides marry friendship crisis
2462,Hibernatus,Comedy Science Fiction,frozen body paul fournier discovered greenland disappeared during scientific expedition perfectly conserved brought back life descendants take care spare cultural shock behave make believe cousins uncle
74458,Mere Brother Ki Dulhan,Drama Comedy Romance,londonbased luv agnihotri decides end bachelorhood asks bollywood filmmaker brother kush find bride much displeasure dehradunbased father kush accordingly meets interviews variety women finally selects delhibased dimple dixit woman known perfect match dimple luv meet online attracted former travels india two families get couple formally engaged dimple decides prefers kush watch things spiral out control insists kush elope
32728,Before Stonewall,Documentary History,new york citys stonewall inn regarded many site gay lesbian liberation since bar drag queens fought back against police june documentary uses extensive archival film movie clips personal recollections construct audiovisual history gay community stonewall riots
44694,Big Time,Documentary Drama Music Romance,bringing unique sense humor bizarre original piece moviemaking tom waits takes audience through musical journey jazzy quirky bluesy tunes presented never ever ever expect
5064,Carry On Doctor,Comedy,francis bigger notorious charlatan tours country lecturing subject mind matter slips off platform middle performance ends hospital care tinkle hospital enter period total chaos regular carry team joined frankie howerd fraudulent francis bedpanorama hospital life
54503,The Mystery of Chess Boxing,Action Foreign,lee min stars eager young kung student seeks improve fighting skills aim avenge fathers murder hands ghost face killer overwhelming force destruction master death dealing five element fist lee eagerness study attracts attention master chess boxing jack long ghost face killers arch enemy together master student devise wicked cross fertilization chess boxing five element fist styles set out put end ghost faces deadly reign
37211,Scooby-Doo! and the Reluctant Werewolf,TV Movie Animation Family Mystery Comedy,shaggy turned werewolf scooby scrappy shaggys girlfriend help win race against monsters become human
3405,Anyone Can Play,Comedy Drama Romance,overview found
74510,Kevin Hart: Laugh at My Pain,Comedy Documentary,experience show quickly became national phenomenon get upclose personal look kevin hart back philly began journey become one funniest comedians time laugh til hurts
60293,Tom and Jerry: Shiver Me Whiskers,Animation Comedy Family,dueling catandmouse team tom jerry hit high seas hunt buried treasure pirate adventure tale begins crew member tom sets sail infamous pirate finds treasure map along stowaway jerry furry swashbucklers race deserted island marks spot along battling outwit ruthless buccaneers angry monkeys giant octopus strike rich
3125,Dracula vs. Frankenstein,Horror Science Fiction,dracula conspires mad doctor resurrect frankenstein monster
82667,Five Bloody Graves,Western Thriller,lone gunman hunts fearsome apache satago across plains wild west satagos marauders ambush stagecoach gunman rides rescue trapped passengers helps last stand against deadly indians
5747,Common Law Cabin,Comedy Drama,stealing fortune unclaimed jewelry exdetective barney rickert arrives rundown dude ranch arizona hide out owner dewey hoople refuses sell land rickert proceeds win female inhabitants seducing one one leads one refusing advances dangerous game played out rickert ruthlessly sets out get wants
53121,Barking Water,Drama,frankie dying irene hasnt forgiven racing against time find way home frankie needs help irene one turns home one last time like many times irene extending herself beyond common sense two set out journey becomes getting home confronting past love understanding self discovery barking water tale great love looks brings together tale homeand takes get
56339,Qualunquemente,Comedy,corrupt sleazy entrepreneur cetto qualunque comes back italy jumps politics lest lawabiding opponent giovanni santis elected mayor
2166,The Revengers' Comedies,Comedy Crime Romance,saving jumping off bridge henry bell sam neill karen knightly helena bonham carter plot avenge people drove suicide henry ruin life woman kristin scott thomas married karens boyfriend while karen work secretary man steve coogan took henrys job whether revenge sweet bittersweet anyones guess
34334,That Night,Drama Romance,comingofage story elevenyearold girl idolizes troubled sixteenyearold neighbor
31150,Intruder,Horror Thriller,overnight stock crew local supermarket find themselves stalked slashed mysterious maniac
36529,Metamorphosis,Horror Science Fiction,geneticists working drug stop ageing tries upon himself horrendous consequences
45431,Devil in the Flesh,Horror Thriller,mother killed mysterious house fire rebellious teen debbie strand sent live grandmother becomes even unhinged develops intense crush hunky creative writing teacher peter rinaldi numerous attempts seduction end failure soon peters friends start turning dead fears fiancée marilyn debbies next victim
86000,Always,Romance Drama,cheolmin man dark picks parttime night job parking lot attendant sits tiny pay booth parking lot stares small television woman named junghwa walks booth cheolmin realizes woman blind confusing parking attendant worked previously nevertheless woman comes back another night watch same television drama series cheolmin starts becoming attached junghwa find out connected same incident past
97938,Heart of the Country,Family Romance Drama,husband jailed wall streetbased fraud faith leave behind luxury life new york return home north carolina widower father dutiful older sister left behind together deal buried emotions sudden death faiths mother years ago learn family like prodigal story heart country tale fathers unconditional love simply wants relationship children relationship restored begins create healing broken daughter marriage rebuilt belief herself peace mothers death come together through quiet selfless guidance loving father novel written rene gutteridge original screenplay filmmaker john ward takes glamour manhattan open beauty fields rural columbus county north carolina timeless tale prodigal son reborn
8460,The Skulls II,Action Comedy Thriller Romance,joining skulls ryan sommers robin dunne warned betray secrets organization highpowered members however ryan witnesses murder within skulls private chambers finds closer gets revealing truth dangerous life becomes
4255,The Party at Kitty and Stud's,Drama Action Comedy,kitty stud lovers enjoy robust sexlife includes fellatio light sampm specifically stud beltwhipping kitty three women come party stud services one
86332,The Redeemer: Son of Satan!,Horror,six people trapped within confines old high school during high school reunion psychotic masked preacher kills off sinful lives made themselves
80219,Homeless to Harvard: The Liz Murray Story,Drama TV Movie,based true story liz murray young girl taken care loving drugaddicted parents liz becomes homeless tragedy comes upon begins work finish high school
103688,Daydream Believers: The Monkees Story,Drama Music Documentary,produced television biopic daydream believers monkees story movie released dvd featured commentaries interviews dolenz jones tork aired version differ dvd release version extended scene four monkees shortened cleveland concert segment available vhs
31410,My Sweet Little Village,Comedy,movies main storyline follows life otík mentally retarded young man tightknit village community sweettempered otík works assistant truck driver pávek older colleague practicalminded neighbor páveks family takes care otík whose parents dead however two coworkers become odds otíks inability perform even simplest tasks pávek demands otík transferred assist another driver happens choleric suspicious man named turek turk czech rather work turek otík decides accept offer employment prague finds fit city life discovering transfer otík prague trick crooked politician get deal otíks large inherited house pávek agrees give otík second chance retrieves city resume work together
81229,Hacker,Comedy,two friends make bet one student computer genius marcin terms dispute received five days complete submission clever friend turbo turn guarantees easy money attention longlegged beauty
53129,The Turkish Gambit,Mystery Adventure Action Drama History,film based second book adventures erast petrovich fandorin series novels written russian author boris akunin film takes place during russianturkish war erast fandorin escaped turkish prison trying get russian side soon possible give important information upcoming attack enemy way meets varvara suvorova young lady going see fiancée soldier russian army erast knows spy somewhere russian army everyone suspicion
4705,The Sensuous Nurse,Comedy,greedy relatives hire sensual caregiver hasten demise wealthy count suffering heart condition
2988,The Harrad Experiment,Drama Romance,fictional harrad college students learn sexuality experiment based book same name robert rimmer movie deals concept free love during height sexual revolution took place united states
59429,Paranormal Activity: Tokyo Night,Horror Thriller,unofficial sequel oren pelis paranormal activity
107406,Oscenità,Drama,banned years italy due transgressive sexual content released theaters piece sleaze offers several sexually explicit scenes including masturbation candlewhippingrape sexual intercourse donkey
6945,Miracle on Ice,Drama Family,hockey coach herb brooks leads mike eruzione jim craig team gold medal olympics
93840,Blind Man,Thriller Action,cadavre mutilé dune jeune femme est retrouvé son domicile pas deffraction pas témoin crime est parfait lenquête est confiée commandant lassalle flic expérimenté solitaire détruit par mort femme alors que dautres meurtres tout aussi sanglants sont perpétrés lassalle est intrigué par personnalité dun aveugle narvik mais lalibi suspect est plausible son infirmité met hors cause étrange duel telle une partie déchecs sengage alors entre les deux hommes
5900,The Dress,Comedy Drama,story summer dress especially train conductor played van warmerdam director dress functions catalyst whimsical events turns out either tragic hilarious
72720,Hot Wheels Acceleracers: Ignition,Science Fiction Family Animation,two rival race teams teku metal maniacs recruited peter tezla race fantastic racing realms retrieve allpowerful accelechargers fall hands deadly racing drones drivers race through storm swamp realms
2798,Oscar,Comedy,film originated play paris story focuses oneday adventures bertrand barnier played genius french cinema louis funes same morning learns daughter pregnant employee stole large amount money company maid resign order marry wealthy neighbor body builder interested marrying daughter seemingly complicated storyline full comedy errors hilarious mime scenes french cinema
2004,Kebab Connection,Action Comedy Romance,hamburg ibrahim ibo secmez turkish descent wants direct first german kungfu movie now makes commercials uncles kebab restaurant titzie aspiring actress ibos german girlfriend finds shes pregnant ibo uncertain fatherhood compounded fathers disowning getting german girl pregnant titzie sends packing makes attempts getting right birth approaches hes still ready background three thugs search good tripe soup capuletmontegue feud kebab joint greek taverna across street ibo glove upon hand
2333,Buddenbrooks,Drama,midthcentury baltic sea port city lubeck germany follows fourth generation buddenbrook mercantile family tony thomas reach age marriage fatefully impeded step way buddenbrooks struggle economic hardship personal defeats weigh down family relations
49961,A Song of Lisbon,Comedy,vasco medical student lisbon supported rich aunts falsely told already graduated fact devotes himself bohemian life preferring popular fairs pretty women especially alice seamstress castelinhos quarter rather upsets ambitious father tailor caetano familiar vascos debts failing yet another final exam surprised aunts announcement visit lisbon see practice
2232,The Legend of Paul and Paula,Drama Romance,paul paula bad experiences love paul financially well off lost affection wife paula leads troublesome life raising two children own meet discover strong passion life seems like dream theyre together short flights burdens reality interrupted pauls ties family career
459,Sissi: The Fateful Years of an Empress,Romance Drama,wonderful time hungary sissi falls extremely ill retreat mediterranean climate rest young empress mother takes austria recover madeira
457,Sissi,Comedy Drama Romance,young bavarian princess elisabeth call sissi goes mother older sister néné austria néné wed emperor named franz joseph yet unexpectedly franz runs sissi while out fishing fall love
6318,Vaya con Dios,Comedy,three monks making way germany monastry italy because cannot afford rent facility longer
58156,Pure,Drama,katarina years old troubled past dreary suburb life seems already set stone until discovers music everything changes hears performance mozarts requiem gothenburg concert hall sends reeling opens beautiful new world feels change life get far away ugly reality possible path follow proves treacherous one filled lies betrayal dangerous liaison married conductor adam yet katarina ready anything gain new identity
45722,Don't Look Down,Drama Romance,sexy spanish siren named elvira schools young man tantric lovemaking
3145,The Horror of Frankenstein,Horror Science Fiction,victor frankenstein descendant infamous scientist baron von frankenstein follows experimental footsteps initially success involves resuscitation tortoise progressing onto ambitious projects including creating own monster gothic genre reworked create drama black humour farce
89774,"Air: Eating, Sleeping, Waiting and Playing",Music Documentary,fim air tour mike mills
2969,A Daughter Of Destiny,Drama Fantasy Science Fiction Horror,hanns heinz ewers grim sciencefiction novel alraune already filmed twice version assembled another mad doctor roles paul wegener plays professor brinken sociopathic scientist combines genes executed murderer prostitute result beautiful young woman named alraune brigitte helm incapable feeling real emotions least guilt regret upon attaining adulthood alraune sets seduce destroy male crosses path ultimately professor brinken hoist own petard falls hopelessly love alraune himself alraune remade brigitte helm repeating role hildegarde knef heroine erich von stroheim misguided mentor
40826,Affair in Havana,Drama Crime,while havana musician gets involved crippled man beautiful wife deadly results
55765,Righteous Ties,Action Adventure Crime Drama Foreign,eccentric faithful mafia chisung sent prison part gang fight parents attacked rival mob own people take action realizes decade loyalty towards gang become futile determined confront own boss finds way escape prison fellow inmates meanwhile friend joojoong given task stop chisung forcing choose bond friendship loyalty towards gang
206,Paradise Found,Drama,paradise found biography painter paul gauguin focusing personal conflict citizen life family life art scene frane incredible imagery montage gauguin manages make successful living south pacific while opposition france
4912,Confessions of a Dangerous Mind,Comedy Crime Drama Romance Thriller,television made famous biggest hits happened off screen television producer day cia assassin night chuck barris recruited cia height career trained become covert operative barris said
3936,Blondie Has Servant Trouble,Comedy,popular blondie films strayed far off triedandtrue blondie formula blondie servant trouble series things get way blondie bumstead penny singleton demands husband dagwood arthur lake request raise boss dithers jonathan hale blondie afford hire maid dithers time salary disputes construction firm currently stuck unsaleable old mansion rumored haunted disprove theory dithers asks bumstead family spend night crumbling old house throwing retinue servants bargain homicidal maniacs bumsteads mortal danger even done times haunted househomicidal maniac storyline somehow works because end matter theres always penny singleton blondie
2078,The Pawnshop,Comedy,chaplin plays assistant pawnshop run bergman engages slapstick battles fellow pawnshop assistant deals eccentric customers flirts pawnbrokers daughter one customer posing jewelry buyer pulls gun tries rob place chaplin disarms
51935,House of Boys,Drama Romance,glamorous colourful comingofage story follows dramatic journey frank high school kid through exciting world sex music deep new passion suddenly turned struggle courage facing new disease gay cancer becomes deep true love expectancy friends horrible death beyond
3578,The Tunnel,Science Fiction,engineer macallan designs tunnel join america europe together seabed group american billionaires financing gigantic project construction tunnel proving tedious dangerous macallans worst enemy speculator woolf embezzled money construction attempting cover crime carrying out acts sabotage
59333,Official Rejection,Comedy Documentary,documentary following exploits group filmmakers take independent feature ten til noon along film festival circuit politics pitfalls triumphs comic tragedies encounter along way full interviews important players indie world see young filmmakers happens shooting stops
798,Pünktchen und Anton,Drama,pünktchen und anton german film based children novel erich kastner two women despite oppositions together chubby thin
2734,David,Drama History,tribes israel need defeat superior philistines now appoint king lead such nations samuel prophet samuel gives hebrews first king saul saul however incessant doubts mission influential prophet samuel turns away saul order select new king according gods david still young boy tending sheep fields secretly samuel oints next king israelites
74944,War of the Buttons,Family Adventure,thrilling battles waged band kids two rival villages southern french countryside
54256,Rang Birangi,Comedy Drama Romance,sparkling comedy meddling friend whose attempt rekindle spark friends relationship wife seven years leads complications lives lives secretary boyfriend scripted splendid performances amol palekar deepti naval parveen babi farooq shaikh perfectly pitched script witty dialogue plethora aptly placed film references make film one watch never fail laugh out loud
98122,Veerana,Action Drama Horror,sudden death dad sameer mom preeti sahila goes live grandmother cousin bombay years later now fully matured returns home chandanagar live uncle mahendra pratap cousin jasmin exposed resurrected evil witch nikita manifested herself body jasmin aided priest named baba determined kill everyone remainder pratap family members known power earth stop nikita
103048,China Gate,Foreign,witnessing brutal slaying forest officer father sunder rajan hands dreaded dacoit jageera sandhya goes colonel krishnakant puri asks assistance bringing end jageeras rule devdurg region krishnakant agrees assist summons dozen fellow officers subordinates assist assemble devdurg necessary ammunitions arms combat jageera realizing jageera influence local police detachment prevent puri men possess guns weapons deter puri men continue stay devdurg gain confidence villagers villagers know krishnakant men dishonorably discharged army cowardice retreating attacked enemy puri men abandon devdurg let history repeat itself
3565,Underground,Drama,workingclass love story set around london underground two men gentle bill brash bert meet attracted same woman same day same underground station lady chooses bill bert isnt type take rejection lightly
4728,The Gendarme in New York,Comedy,second installment gendarmes series tells story sergeant cruchot louis funes together faithful comrades sent international congress gendarmerie
4727,The Gendarme of St. Tropez,Comedy,ambitious police officer cruchot louis funès transferred tropez hes struggling crimes such persistent nude swimming even teenage daughter whos trying impress rich friends telling father millionaire owned yacht harbor
134881,More of Me,Comedy,alice typical modern woman juggling demanding roles mother twins loving wife successful career woman struggles keep balls air until day becomes much one person handle splits three separate versions herself stepping take part life while first new alices perfect ultimate sexy wife super mommy ultrafocused executive alice soon realizes whole self far greater parts needs get herself back together quickly
27721,In Bar,Drama,group young high society friends aged gathered friends bar regularly frequent night finish last beer prepare head home find themselves held captive gunpoint five strangers mouths hands feet tied tortured raped murdered until next morning gang captured clear reason want punish young people everything left incomplete lives
84844,A Dandy in Aspic,Thriller Drama,doubleagent alexander eberlin assigned british hunt out russian spy known krasnevin only eberlin knows krasnevin none himself accompanying mission ruthless partner gradually discovers secret eberlin tries maneuver himself out desperate situation
4228,The French Revolution,Drama War History Thriller,history french revolution decision king convene etatsgeneraux order deal frances debt problem first part movie tells story until august king louis xvi lost authority put prison second part carries story through end terror including deaths guillotine louis xvi marieantoinette danton desmoulins
67087,Curtains,Crime Horror Thriller,six young actresses auditioning movie role remote mansion targeted mysterious masked murderer
39446,At Risk,TV Movie Crime Drama Mystery,risk introduces win garano sunjata rising star massachusetts state police monique money lamont macdowell sends tennessee investigate cold case took place years calculating monique thinks found perfect murder showcase new crime initiative win choice follow lead help colleague sykes gish win follows evidence leads killer knoxville way back boston crime hits much closer home
3013,Bloodline,Crime Thriller,father murdered cosmetics heiress becomes next target unknown killer amid international jet set
79720,Santa and the Ice Cream Bunny,Fantasy Family,poor santa claus liveaction feature finds sleigh stuck sand florida beach only days christmas eve
4709,Holiday for Henrietta,Comedy,two scriptwriters argue fate henrietta charming gamine shopgirl one favors comical path heroine overcome sentimental love young photographer bastille day thrilling dastardly fate mind among films irresistible conceits hildegarde neff oversexed circus bareback rider
3692,Secret Agent Super Dragon,Action Adventure,series murders michigan lead american secret agent amsterdam uncovers plot imperil world potent new drug
1998,Holy Lola,Drama,story young couple pierre geraldine desire child leads journey initiation cambodia difficult transformative adventure contend obstructive authorities jealousies mistrust small community wouldbe adoptive parents
27674,Wolves of Wall Street,Horror,jeff allen got new job one manhattans wealthiest brokerage firms wolfe brothers young goodlooking stockbrokers make lot money particularly cutthroat jeff finds out real secret success animal instinct turning werewolf late get out
31364,Waqt: The Race Against Time,Drama,overview found
4979,Windows on Monday,Drama,new house new town mean beginning phase domestic bliss small family nina doctor taken days off husband frieder busy laying tiles while daughter charlotte plays new room nina having doubts stands halfempty rooms feeling thoroughly alienated suddenly without saying word decides leave
1837,The Secret,Romance Drama,marie works successful doortodoor encyclopedia salesperson married husband francois years twoyearold son though relatively content life feels something wanting enter year old africanamerican bill initially annoyed insouciance finds irresistibly attracted soon two midst sordid illicit affair knows little new lover seems uninterested learning long sessions lovemaking something else entirely feeling out control marie increasingly repelled own actions psychologically struggles reconcile torrid encounters bill mundane domestic chores such bathing son moreover finds herself incapable hiding adulterous behavior rather comes home scratches hickeys body devastation francois
104374,Woman of the Lake,Drama,married woman lets lover take naked pictures photos end possession man starts blackmailing couple
74727,Long Pigs,Crime Horror,documentary two desperate young filmmakers stumble upon ultimate subject year old cannibalistic serial killer named anthony mcallister
103539,Kelin,Drama Foreign,woman led family new husbands home live presumably elderly mother younger brother despite forced marriage discovers such bad catch domestic bliss last long
2890,"André Hazes, Zij Gelooft in Mij",Documentary,portrait popular dutch singer andré hazes
3048,The Great Global Warming Swindle,Documentary Foreign,film tries blow whistle calls biggest swindle modern history man made global warming watch film make own mind
65188,Leben nach Microsoft,Documentary,der film portraitiert eine gruppe von microsoftaussteigern ruhestand mit multimillionäre und ohne die geringste idee sie mit dem rest ihres leben anstellen sollen ihre jahre unternehmen der hype des goldrausches und das adrenalin des erfolges hat sie ausgebrannt und doch sind sie entschlossen mehr aus ihrem leben machen vor allem sinn und bedeutung der wirklichen welt finden
4443,Nuits rouges,Horror Thriller,clad featureless red mask man without face involved singleminded pursuit fabled treasure knights templar tribute pulp adventure stories louis feuillade
30810,Olga's House of Shame,Crime Drama,third installment olga series heroine adds jewel smuggling repertoire dope pushing white slavery vicious olga audrey campbell expands criminal empire encounters resistance string oncetrusted partners turn traitor effort steal successful racket out result exactly fans series expect barrage torture scenes featuring soldering irons floggings spankings even electric chair predecessors olgas house shame silent black white film narration explain action even direct commentary difficult keep track characters campbell occasionally caught laughing out loud absurdity menace kindergarten teacher even wielding machete
799,Annaluise & Anton,Family,pünktchen und anton german film based classic childrens novels erich kastner assimilated modern times
50658,Bella Bettien,Crime Drama,gripping story dutch bettien martens based true facts making incredible career international narcotics world during bettien arrested piazza navona rome one targets international police operation green ice bettien decided cooperate police because testimonies many precious arrests made bettien became pentita now guest witness protection program
105593,You Are Not I,Mystery Drama Thriller,young woman escapes mental hospital during chaos nearby multiplecar accident mistaken shock victim driven sisters house rescue volunteer real story begins
53883,Anjathe,Action Drama,anjathey truly one master pieces tamil cinema recent years
78088,Earthling,Drama Action Thriller Science Fiction,mysterious atmospheric event small group people wake realize entire lives lie fact aliens disguised humans now make choice live amongst men try find way back home
2989,Roar,Adventure Thriller,roar follows family attacked various african animals secluded home keeper
58559,Confession of a Child of the Century,Drama,paris octave betrayed mistress sinks despair debauchery fathers death leads country meets brigitte widow ten years elder octave falls love passionately courage believe
3102,My Step Brother Frankenstein,Drama,overview found
1652,00 Schneider - Jagd auf Nihil Baxter,Comedy Crime,funny clown bratislav metulskie found dead circus apollo retired commissioner schneider asked assume control case schneider aged sidekick körschgen investigate find murderer
1655,Praxis Dr. Hasenbein,Comedy,overview found
59126,The Holy Modal Rounders: Bound to Lose,Documentary Music,look back weird wasted career holy modal rounders
30,Magnetic Rose,Animation Science Fiction,koji morimatos animated science fiction short story boarder reality illusion space station become blurry
5066,Carry On Cleo,Comedy,two britons captured enslaved invading romans taken rome hengist pod creates useless inventions while horsa brave cunning fighter one first encounters rome leaves hengist mistaken fighter gets drafted royal guard protect cleopatra cleo doesnt want around plots sudden demise
3786,Buck Rogers in the 25th Century,Science Fiction TV Movie,capt william buck rogers jovial space cowboy accidentally timewarped earth engaged interplanetary war following global holocaust bucks piloting skills make ideal starfighter recruit earth defense directorate closest colleagues huer tim oconnor squadron leader col wilma deering former model erin gray looking ohsofoxy wisecracking robot twiki voiced cartoon legend mel blanc portable computerbrain named theopolis whos carried twiki like oversized blingbling
63876,Circle of Love,Drama Comedy History Romance,chain reaction romantic adventures various people play musical beds remake max ophuls ronde
110501,Seven and a Half,Comedy Foreign Drama,sedam serbian movie seven stories hood connects leitmotif seven deadly sins comic way treating everyday life belgrade people possessed own small weaknesses tthey hesitate beyond moral since understands morality own way story seven deadly sins however moralizing reveals spite sin errors moment purification redemption hero lives sinful christian sense weaknesses consequence times live pride despair sloth envy anger greed debauchery intemperance eating drinking include biblical sin modern times almost absurd context much bigger worse problems civilization therefore scenario calls constant laughter master fears problems laugh myself way overcoming own pain
4290,Supergator,Horror,overview found
4546,The Count of Monte-Cristo,Action Adventure Drama History TV Movie,adaptation classic alexandre dumas novel edmond dantes falsely accused jealous good fortune sentenced spend rest life notorious island prison chateau dif while imprisoned meets abbe faria fellow prisoner everyone believes mad abbe tells edmond fantastic treasure hidden away tiny island only knows location many years prison old abbe dies edmond escapes disguised dead body now free edmond find treasure abbe told use newfound wealth exact revenge wronged
3698,"Amigo, Stay Away",Western,ben bellow released prison charlie logan waiting welcome tell want hear wish wont granted two men constantly forced reconnect while still hating others guts
5434,Death Smiles on a Murderer,Horror,man discovers ancient incan formula raising dead uses series revenge murders
61123,Vares - The Girls of April,Crime,tough finnish detective jussi vares gets hired friend newspaper investigate year old mystery regarding disappearance girls
89904,The Demolitionist,Action Science Fiction,murdered police officer brought back life coldhearted scientist serve demolitionist ultimate crimefighting weapon city overrun criminals internal corruption
4279,The Married Couple of the Year Two,Adventure Comedy History,nicolas philibert goes america killing french aristocrat return tries divorce wife charlotte sees others trying woo own interest rekindled
86320,Twenty Years Later,Documentary,eduardo coutinho filming movie same name northeast brazil came military coup interrupt project came back looking same places people showing ocurred since trying gather family whose patriarch political leader fighting rights country people murdered
61348,The Lost Valentine,TV Movie Romance Drama,young cynical female journalist learns love transcend trials time discovers story change life forever war separates lovers wedding anniversary feb union train station navy pilot neil thomas makes promise isnt sure keep return train station safe next anniversary sixty years caroline thomas keeps promise waiting train station until missing action husband finally keep lost valentine message meaning shows romance love real worth fighting maybe even dying
63859,Pufnstuf,Comedy Family Fantasy Music,jimmy jack wild ventures living island magical talking flute freddy befriends many islands inhabitants evil witchiepoo billie hayes determined steal freddy flute away boy impress visiting witches council win witch year award
2324,Local Color,Drama,successful artist looks back loving memories summer defining year talented troubled yearold aspiring artist befriends brilliant elderly alcoholic painter turned back only art life two form appears first tenuous relationship kid wants learn secrets master locked away inside head heart time kind old master life appears pointless until kid rekindles interest work ultimately gives live together give one another priceless gift kid learns see world through masters eyes master learns see life through eyes innocence story based real life experience
67255,The Crazy Family,Drama Comedy,kobayashi family finally get chance move out tiny cramped tokyo apartment favour suburban house dreams well house infested termites family starts cracking son masaki studying obsessively exams hes losing mind daughter erika oblivious forthcoming record company audition grandfather yasukuni starts getting world war flashbacks father katsuhiko worried familys sickness thinks only cured group suicide
3479,Dirty Hands,Thriller Crime,saint tropez julie wormser lover writer neighbour jeff marle plan murder wealthy husband louis impotent drinks lot hits leaves rest task jeff julie finds herself alone following day becomes therefore prime suspect louis body jeff secret beyond door nothing seems highly acclaimed taut thriller
81537,One Night in A City,Fantasy Horror Animation,jan balejs animated film night city jedné noci jednom meste czech republic little dialogue throughout instead rich world sounds music match detailed animation curious vignettes create film
72733,Bangkok Traffic Love Story,Comedy Romance,mei year old woman one bad habit getting drunk friends weddings because weddings seem remind single manless lonely life one night mei wakes middle night went roof drink beer alone became big scandal led meet lung maintainance engineer bts electric train system meeting strange innocent man without drunk stirs something within mei first time years
1609,There's Only One Jimmy Grimble,Comedy,jimmy grimble shy manchester school boy school constantly bullied kids home face mothers new boyfriend however through football special boots manages gain confidence succeed leads school football team towards final local schools cup
72701,Camila Jam,Drama,camila midtwenties life thrown chaos ever since boyfriend threw out apartment during bitter argument camilas ambition become writer posts regularly blog entitled camila jam however camila wants take work different direction throws herself head first life search inspiration camila struggles alcohol unsettled emotions relationships abusive men becomes increasingly obvious skills writer arent needs sort out wants truly understand life career
64501,Naughty @ 40,Comedy Drama,laxminarayan kapoor lives wealthy lifestyle london along religious wife maya son ravinder two nephews sandeep randeep while nephews adapted themselves country women ravinder still virgin sleepwalker getting leg pulled constantly asks father get married introduced statuesque beauty rejects discovering sleepwalking disorder parents get married gauri hopes end celibacy vain albeit turns out childlike naive frustrated unable get intimate befriends caucasian female sharon decides marry watch response gets impact everyone
26776,The Halliday Brand,Western,sheriff halliday doesnt approve children dating marrying halfbreeds blind hate threatens alienate whole family
3144,Rock 'n' Roll Frankenstein,Comedy Horror,overview found
932,The Murderers Are Among Us,Drama,murderers among first german film second world war filmed soviet occupied section berlin summer film first film wreckage war first film produced defa
3159,Frankenstein's Castle of Freaks,Horror,brazzi plays mad frankenstein dunn evil dwarf lugosi relation bela neanderthal man add monster named hulk nude women sexploitation value
1608,When Saturday Comes,Drama,jimmy muir comes typical gritty northern town only two options working down pit factory jimmy ideas dreams becoming professional footballer confronted bitter unsupportive father hard drinking friends lifetime bad habitshas jimmy achieve ultimate goal
7088,Christmas in Boston,Comedy Drama Romance,gina seth pen pals years now chance meet used best friends pictures send now let friends meet true love found end
55253,The Machine,Drama Comedy,nordestina small town lost brazilian badlands young karina dreams becoming actress leaving explore world losing love dona nazarés son antônio takes first step kamikaze crusade bring world karina antônio leaves town announces show set off sensational adventure trip future starting nordestinas square fails assures death machine destroy alive via satellite everybody see story dreams contradict reality geographical political conditions threaten block life love plays part transforming element
38499,The Howling: New Moon Rising,Horror,gary brandners horror novels come life sequel howling number vicious murders occur small california town motorcycleriding stranger arrives gruesome slayings look disturbingly like work werewolf meanwhile another nearby town police hot trail killer believe werewolf howling countrywestern angle
4369,Just a Question of Love,Drama Romance,gay cousin dies hepatitis young laurent lives best friend carole falls love cedric plant scientist hes afraid inform conservative parents gay
2459,An Elephant Can Be Extremely Deceptive,Comedy,etienne falls love sexy woman meets bureau woman chosen advertisement everything conquering unless telling wife
1848,Poodle Springs,Mystery Crime,private eye philip marlowe bride move desert town uncovers land scheme
1596,Population 436,Drama Horror Mystery Thriller,censustaker sisto sent investigate certain small town same population residents last years
3427,Max and the Junkmen,Thriller,max paris detective aloof independently wealthy frustrated gangs robbers cannot catch reestablish stature save face decides inveigle group petty thieves led old acquaintance rob bank reluctant captain provides max intelligence max starts spending evenings lilly prostitute whos girlfriend groups leader poses rich banker money burn encourages lilly think future hints payroll comes through bank plot works petty thieves think theyre ready big score cops place wrong maxs cold plan whos entrapped
1631,A Real Young Girl,Drama,bored restless alice spends much time lusting jim local sawmill worker lusting alice fills hours such pursuits writing name mirror vaginal secretions wandering fields underwear around ankles true teenaged tradition spends lot time writing diary
7234,Wizards of the Lost Kingdom,Action Adventure Fantasy,simon son king flee empire overthrown evil shurka schooled arts magic find ring magic sword power defeated wizard killed father joined quest swordmaster kor faithful protector gulfax forest wizard hurla
48780,Boat,Foreign,journey night
58306,Devo: The Complete Truth About De-Evolution,Music,now complete truth tolddevo seminal new wave audiovisual concept band made career out setting music video dadagonecamp theory deevolution riotous rebuke corporate culture punknew wave mad scientists devo among bands understand music videos potential art form during infancy eighties brilliant bizarre videos compiled vhs laser disc long outofprint disc complete truth deevolution finally arrived dvd please longtime fans eclectic outfit
25771,Pink Floyd: Live at Pompeii,Music Documentary,stylish film british progressive rock band pink floyd performing concert audience ancient roman amphitheatre ruins pompeii italy songs interspersed interviews footage pink floyd studio working next album legendary dark side moon
72386,Lenny Bruce in 'Lenny Bruce',Documentary Comedy,iconoclast lenny bruce appears san franciscos basin street west nexttolast live appearance act night consisted reading allegations transcripts one several obscenity trials commenting hed actually done said while bits performance including prison riot dutch warden father flotski sabu prison doctor much social commentary government intrusion censorship comedy routine imdb
71520,Last Woman on Earth,Mystery Romance Science Fiction Drama,harold gern successful businessman new york constantly legal trouble spending holiday puerto rico attractive wife evelyn married trials joined martin joyce harolds lawyer come discuss latest indictment harold invites along boat trip during three try out newly bought scuba diving equipment resurface unable breathe without using scuba tanks climb back boat find manuel crewman dead apparently asphyxiation upon rowing ashore enter jungle wikipedia
74154,Nuvvostanante Nenoddantana,Drama Comedy Romance Foreign,nuvvostanante nenoddantana family love story moviewhich directed prabhu devasantosh siddarth narayan playful young nri nonresident indian london returns india attend cousin lalitas wedding meets one lalitas friends siri trisha krishnan came country side attend marriage though initially clash series misadventures fall love santosh however supposed marry spoiled daughter uncles friend siri goes back home santosh follows win however
118900,"In the Meantime, Darling",Comedy War,young bride comes rich family hard time adjusting life boarding house soldiers wives spoiled ways cause resentment wives problems husband
2132,Totally Blonde,Comedy,overview found
8128,The Sorcerer's Apprentice,Animation Drama,krabat beggar boy lured become apprentice evil oneeyed sorcerer number boys works sorcerers mill while learning black magic christmas one boys face master magical duel boy never stands chance because master only person allowed use secret spell koraktor
62999,From 180 & Taller,Comedy Romance,administrator fitnessclub kostya thinks having woman taller mans side symbol prosperity success only dream having beauty side one day decides date one tall fitnessclub members calling almost women doesnt get single acceptation own problems men however accidentally happens way happens date dream ladies
68954,Longitude,TV Movie Drama History,parallel stories century harrison builds marine chronometer safe navigation sea century gould obsessed restoring
3210,The Projected Man,Horror Science Fiction,mattertransmitter sabotage leaves british scientist bryant halliday disfigured full amps
2104,Requiem,Action Horror Thriller,four hardened crooks break out prison hunted down nowhere run seek refuge only place police cannot follow cistercian monastery cut off outside world nightmare stand off develops fugitives ready kill defence dearly purchased freedom monks holding hostage potentially lethal confrontation nothing quite seems game rigged start requiem violent fast paced french film really delivers
6436,Star Command,Drama Science Fiction Thriller,bunch young impulsive space cadets make first real flight space realize attack suffered wasnt training mission face enemy alone chance save world maybe prevent war cadets conquer experienced stronger much evil enemy written peter grin gervai
74580,Peek-a-boo,Comedy,smalltown policeman informed naked women dancing revue local variety theater guardian public morals decides stroll down check out himself
86190,Adventures Of A Taxi Driver,Comedy,joe north london taxi driver manages get himself number sexual situations various women
2791,The Chronicles of Riddick: Dark Fury,Action Animation Science Fiction Thriller,narrow escape end pitch black riddick jack imam find themselves mercy madwoman intends entomb riddick forever part twisted art exhibit little shiv riddicks innate viciousness aid riddick allies find way escape captor band mercenaries
8366,Manitou's Shoe,Comedy Western,abahachi chief apache indians blood brother ranger maintain peace justice wild west one day abahachi needs take credit shoshone indians finance tribes new saloon unfortunately santa maria sold saloon betrays abahachi takes money leaves soon shoshones warpath get money back abahachi forced organize quickly
2154,The Dark Side of The Moon,Horror Action Thriller Science Fiction,year mysterious systems failure causes crew spaceship stranded dark side moon while rapidly running out fuel oxygen surprised discover nasa space shuttle floating space board hope salvaging supplies one one crew possessed killed paxton warner find links dark side moon bermuda triangle devil himself
84601,The Wearing of the Grin,Animation,porky pig spends night irish castle caught storm gets trouble two leprechauns live
5040,Pharaoh,History,young pharaoh ramses xiii clashes egypts clergy influence affairs state coffers
63540,To the Sea!,Comedy,three young russian families winter vacations unnamed exotic country intending rent beach condo however due numerous comedic obstacles never make beach staying hotel entire trip
2286,Crusade in Jeans,Adventure Fantasy History,dolf year old boy sent back time timemachine accidentally sent back middle ages rescued children part childrens crusade way rescue jeruzalem during trip dolf finds out danger coming outside crusade within
3178,Beat,Drama,story writer william seward burroughs wife
2331,Jesus,History Drama,film notable presenting human jesus compared solemn portrayals earlier films jesus laughs cries like anyone else among things weeps josephs funeral throws stones lake galilee meeting simon peter james son zebedee first time dances wedding cana starts watersplashing fight disciples well satan portrayed man modern dress woman red during temptation jesus shows earth vantage point space satan shows jesus images wars destruction carried out name film adds apocryphal roman historian named livio watches comments events unfold presumably named livy
80831,Sang Pemimpi,Drama,movie adaptation popular novel same title sang pemimpi aka dreamer portrays two village boys dream traveling paris study sorbonne university
3104,Frankenstein Created Woman,Horror Science Fiction,deformed tormented girl drowns herself lover framed murder guillotined baron frankenstein experimenting transfer souls places boys soul body bringing christina back life driven revenge carries out violent retribution responsible deaths
64197,Travelling with Pets,Romance Drama,plucked orphanage literal love slave now adult natalija luminous kseniya kutepova serves apelike husband tending prized cowwhose milk sell customers passing trains hubby suddenly drops dead however natalijas narrow life cows rails finally starts opening dumping body local hospital dropping church say prayers trading cow pet goat slowly eliminates trace former hold searching out new life freedom emerges
